=== Enhanced John the Ripper 16-Prong Attack Monitor v3 Started ===
Start Time: Sat Sep 13 05:28:29 PM PDT 2025
Monitoring Linux root (SHA-512) and Windows LM attacks across 16 partitions...
Directory-based isolation architecture implemented

=== Status Check at Sat Sep 13 05:28:29 PM PDT 2025 ===
Active John processes: 13 (Linux: 11, LM: 2)
Attack Status Summary:
- Linux SHA-512 attacks (aa-ah): 11 processes active
- Windows LM attacks (ai-ap): 2 processes active (may have completed)
- Passwords discovered: Linux (0/8), LM (0/8)
Process distribution: Hydra: 80, John: 13, Total: 93
Recent activity check:
- Log files updated in last minute: 8

=== Status Check at Sat Sep 13 05:29:31 PM PDT 2025 ===
Active John processes: 13 (Linux: 11, LM: 2)
Attack Status Summary:
- Linux SHA-512 attacks (aa-ah): 11 processes active
- Windows LM attacks (ai-ap): 2 processes active (may have completed)
- Passwords discovered: Linux (0/8), LM (0/8)
Process distribution: Hydra: 80, John: 13, Total: 93
Recent activity check:
- Log files updated in last minute: 8

=== Status Check at Sat Sep 13 05:30:31 PM PDT 2025 ===
Active John processes: 13 (Linux: 11, LM: 2)
Attack Status Summary:
- Linux SHA-512 attacks (aa-ah): 11 processes active
- Windows LM attacks (ai-ap): 2 processes active (may have completed)
- Passwords discovered: Linux (0/8), LM (0/8)
Process distribution: Hydra: 79, John: 13, Total: 92
Recent activity check:
- Log files updated in last minute: 8

=== Status Check at Sat Sep 13 05:31:32 PM PDT 2025 ===
Active John processes: 13 (Linux: 11, LM: 2)
Attack Status Summary:
- Linux SHA-512 attacks (aa-ah): 11 processes active
- Windows LM attacks (ai-ap): 2 processes active (may have completed)
- Passwords discovered: Linux (0/8), LM (0/8)
Process distribution: Hydra: 80, John: 13, Total: 93
Recent activity check:
- Log files updated in last minute: 5

=== Status Check at Sat Sep 13 05:32:34 PM PDT 2025 ===
Active John processes: 13 (Linux: 11, LM: 2)
Attack Status Summary:
- Linux SHA-512 attacks (aa-ah): 11 processes active
- Windows LM attacks (ai-ap): 2 processes active (may have completed)
- Passwords discovered: Linux (0/8), LM (0/8)
Process distribution: Hydra: 79, John: 13, Total: 92
Recent activity check:
- Log files updated in last minute: 7

=== Status Check at Sat Sep 13 05:33:35 PM PDT 2025 ===
Active John processes: 13 (Linux: 11, LM: 2)
Attack Status Summary:
- Linux SHA-512 attacks (aa-ah): 11 processes active
- Windows LM attacks (ai-ap): 2 processes active (may have completed)
- Passwords discovered: Linux (0/8), LM (0/8)
Process distribution: Hydra: 80, John: 13, Total: 93
Recent activity check:
- Log files updated in last minute: 9

=== Status Check at Sat Sep 13 05:34:37 PM PDT 2025 ===
Active John processes: 13 (Linux: 11, LM: 2)
Attack Status Summary:
- Linux SHA-512 attacks (aa-ah): 11 processes active
- Windows LM attacks (ai-ap): 2 processes active (may have completed)
- Passwords discovered: Linux (0/8), LM (0/8)
Process distribution: Hydra: 80, John: 13, Total: 93
Recent activity check:
- Log files updated in last minute: 8

=== Status Check at Sat Sep 13 05:35:38 PM PDT 2025 ===
Active John processes: 13 (Linux: 11, LM: 2)
Attack Status Summary:
- Linux SHA-512 attacks (aa-ah): 11 processes active
- Windows LM attacks (ai-ap): 2 processes active (may have completed)
- Passwords discovered: Linux (0/8), LM (0/8)
Process distribution: Hydra: 80, John: 13, Total: 93
Recent activity check:
- Log files updated in last minute: 8

=== Status Check at Sat Sep 13 05:36:40 PM PDT 2025 ===
Active John processes: 13 (Linux: 11, LM: 2)
Attack Status Summary:
- Linux SHA-512 attacks (aa-ah): 11 processes active
- Windows LM attacks (ai-ap): 2 processes active (may have completed)
- Passwords discovered: Linux (0/8), LM (0/8)
Process distribution: Hydra: 80, John: 13, Total: 93
Recent activity check:
- Log files updated in last minute: 4

=== Status Check at Sat Sep 13 05:37:41 PM PDT 2025 ===
Active John processes: 13 (Linux: 11, LM: 2)
Attack Status Summary:
- Linux SHA-512 attacks (aa-ah): 11 processes active
- Windows LM attacks (ai-ap): 2 processes active (may have completed)
- Passwords discovered: Linux (0/8), LM (0/8)
Process distribution: Hydra: 79, John: 13, Total: 92
Recent activity check:
- Log files updated in last minute: 8

=== Status Check at Sat Sep 13 05:38:43 PM PDT 2025 ===
Active John processes: 13 (Linux: 11, LM: 2)
Attack Status Summary:
- Linux SHA-512 attacks (aa-ah): 11 processes active
- Windows LM attacks (ai-ap): 2 processes active (may have completed)
- Passwords discovered: Linux (0/8), LM (0/8)
Process distribution: Hydra: 80, John: 13, Total: 93
Recent activity check:
- Log files updated in last minute: 9

=== Status Check at Sat Sep 13 05:39:44 PM PDT 2025 ===
Active John processes: 13 (Linux: 11, LM: 2)
Attack Status Summary:
- Linux SHA-512 attacks (aa-ah): 11 processes active
- Windows LM attacks (ai-ap): 2 processes active (may have completed)
- Passwords discovered: Linux (0/8), LM (0/8)
Process distribution: Hydra: 80, John: 13, Total: 93
Recent activity check:
- Log files updated in last minute: 8

=== Status Check at Sat Sep 13 05:40:46 PM PDT 2025 ===
Active John processes: 13 (Linux: 11, LM: 2)
Attack Status Summary:
- Linux SHA-512 attacks (aa-ah): 11 processes active
- Windows LM attacks (ai-ap): 2 processes active (may have completed)
- Passwords discovered: Linux (0/8), LM (0/8)
Process distribution: Hydra: 80, John: 13, Total: 93
Recent activity check:
- Log files updated in last minute: 8

=== Status Check at Sat Sep 13 05:41:47 PM PDT 2025 ===
Active John processes: 13 (Linux: 11, LM: 2)
Attack Status Summary:
- Linux SHA-512 attacks (aa-ah): 11 processes active
- Windows LM attacks (ai-ap): 2 processes active (may have completed)
- Passwords discovered: Linux (0/8), LM (0/8)
Process distribution: Hydra: 80, John: 13, Total: 93
Recent activity check:
- Log files updated in last minute: 4

=== Status Check at Sat Sep 13 05:42:49 PM PDT 2025 ===
Active John processes: 13 (Linux: 11, LM: 2)
Attack Status Summary:
- Linux SHA-512 attacks (aa-ah): 11 processes active
- Windows LM attacks (ai-ap): 2 processes active (may have completed)
- Passwords discovered: Linux (0/8), LM (0/8)
Process distribution: Hydra: 80, John: 13, Total: 93
Recent activity check:
- Log files updated in last minute: 8

=== Status Check at Sat Sep 13 05:43:50 PM PDT 2025 ===
Active John processes: 13 (Linux: 11, LM: 2)
Attack Status Summary:
- Linux SHA-512 attacks (aa-ah): 11 processes active
- Windows LM attacks (ai-ap): 2 processes active (may have completed)
- Passwords discovered: Linux (0/8), LM (0/8)
Process distribution: Hydra: 80, John: 13, Total: 93
Recent activity check:
- Log files updated in last minute: 9

=== Status Check at Sat Sep 13 05:44:51 PM PDT 2025 ===
Active John processes: 13 (Linux: 11, LM: 2)
Attack Status Summary:
- Linux SHA-512 attacks (aa-ah): 11 processes active
- Windows LM attacks (ai-ap): 2 processes active (may have completed)
- Passwords discovered: Linux (0/8), LM (0/8)
Process distribution: Hydra: 80, John: 13, Total: 93
Recent activity check:
- Log files updated in last minute: 9

=== Status Check at Sat Sep 13 05:45:53 PM PDT 2025 ===
Active John processes: 13 (Linux: 11, LM: 2)
Attack Status Summary:
- Linux SHA-512 attacks (aa-ah): 11 processes active
- Windows LM attacks (ai-ap): 2 processes active (may have completed)
- Passwords discovered: Linux (0/8), LM (0/8)
Process distribution: Hydra: 79, John: 13, Total: 92
Recent activity check:
- Log files updated in last minute: 9

=== Status Check at Sat Sep 13 05:46:54 PM PDT 2025 ===
Active John processes: 13 (Linux: 11, LM: 2)
Attack Status Summary:
- Linux SHA-512 attacks (aa-ah): 11 processes active
- Windows LM attacks (ai-ap): 2 processes active (may have completed)
- Passwords discovered: Linux (0/8), LM (0/8)
Process distribution: Hydra: 79, John: 13, Total: 92
Recent activity check:
- Log files updated in last minute: 4

=== Status Check at Sat Sep 13 05:47:55 PM PDT 2025 ===
Active John processes: 13 (Linux: 11, LM: 2)
Attack Status Summary:
- Linux SHA-512 attacks (aa-ah): 11 processes active
- Windows LM attacks (ai-ap): 2 processes active (may have completed)
- Passwords discovered: Linux (0/8), LM (0/8)
Process distribution: Hydra: 80, John: 13, Total: 93
Recent activity check:
- Log files updated in last minute: 8

=== Status Check at Sat Sep 13 05:48:57 PM PDT 2025 ===
Active John processes: 13 (Linux: 11, LM: 2)
Attack Status Summary:
- Linux SHA-512 attacks (aa-ah): 11 processes active
- Windows LM attacks (ai-ap): 2 processes active (may have completed)
- Passwords discovered: Linux (0/8), LM (0/8)
Process distribution: Hydra: 80, John: 13, Total: 93
Recent activity check:
- Log files updated in last minute: 8

=== Status Check at Sat Sep 13 05:49:58 PM PDT 2025 ===
Active John processes: 13 (Linux: 11, LM: 2)
Attack Status Summary:
- Linux SHA-512 attacks (aa-ah): 11 processes active
- Windows LM attacks (ai-ap): 2 processes active (may have completed)
- Passwords discovered: Linux (0/8), LM (0/8)
Process distribution: Hydra: 80, John: 13, Total: 93
Recent activity check:
- Log files updated in last minute: 9

=== Status Check at Sat Sep 13 05:51:00 PM PDT 2025 ===
Active John processes: 13 (Linux: 11, LM: 2)
Attack Status Summary:
- Linux SHA-512 attacks (aa-ah): 11 processes active
- Windows LM attacks (ai-ap): 2 processes active (may have completed)
- Passwords discovered: Linux (0/8), LM (0/8)
Process distribution: Hydra: 78, John: 13, Total: 91
Recent activity check:
- Log files updated in last minute: 8

=== Status Check at Sat Sep 13 05:52:01 PM PDT 2025 ===
Active John processes: 13 (Linux: 11, LM: 2)
Attack Status Summary:
- Linux SHA-512 attacks (aa-ah): 11 processes active
- Windows LM attacks (ai-ap): 2 processes active (may have completed)
- Passwords discovered: Linux (0/8), LM (0/8)
Process distribution: Hydra: 80, John: 13, Total: 93
Recent activity check:
- Log files updated in last minute: 4

=== Status Check at Sat Sep 13 05:53:03 PM PDT 2025 ===
Active John processes: 13 (Linux: 11, LM: 2)
Attack Status Summary:
- Linux SHA-512 attacks (aa-ah): 11 processes active
- Windows LM attacks (ai-ap): 2 processes active (may have completed)
- Passwords discovered: Linux (0/8), LM (0/8)
Process distribution: Hydra: 80, John: 13, Total: 93
Recent activity check:
- Log files updated in last minute: 8

=== Status Check at Sat Sep 13 05:54:04 PM PDT 2025 ===
Active John processes: 13 (Linux: 11, LM: 2)
Attack Status Summary:
- Linux SHA-512 attacks (aa-ah): 11 processes active
- Windows LM attacks (ai-ap): 2 processes active (may have completed)
- Passwords discovered: Linux (0/8), LM (0/8)
Process distribution: Hydra: 80, John: 13, Total: 93
Recent activity check:
- Log files updated in last minute: 8

=== Status Check at Sat Sep 13 05:55:05 PM PDT 2025 ===
Active John processes: 13 (Linux: 11, LM: 2)
Attack Status Summary:
- Linux SHA-512 attacks (aa-ah): 11 processes active
- Windows LM attacks (ai-ap): 2 processes active (may have completed)
- Passwords discovered: Linux (0/8), LM (0/8)
Process distribution: Hydra: 79, John: 13, Total: 92
Recent activity check:
- Log files updated in last minute: 9

=== Status Check at Sat Sep 13 05:56:07 PM PDT 2025 ===
Active John processes: 13 (Linux: 11, LM: 2)
Attack Status Summary:
- Linux SHA-512 attacks (aa-ah): 11 processes active
- Windows LM attacks (ai-ap): 2 processes active (may have completed)
- Passwords discovered: Linux (0/8), LM (0/8)
Process distribution: Hydra: 80, John: 13, Total: 93
Recent activity check:
- Log files updated in last minute: 8

=== Status Check at Sat Sep 13 05:57:08 PM PDT 2025 ===
Active John processes: 13 (Linux: 11, LM: 2)
Attack Status Summary:
- Linux SHA-512 attacks (aa-ah): 11 processes active
- Windows LM attacks (ai-ap): 2 processes active (may have completed)
- Passwords discovered: Linux (0/8), LM (0/8)
Process distribution: Hydra: 80, John: 13, Total: 93
Recent activity check:
- Log files updated in last minute: 7

=== Status Check at Sat Sep 13 05:58:09 PM PDT 2025 ===
Active John processes: 13 (Linux: 11, LM: 2)
Attack Status Summary:
- Linux SHA-512 attacks (aa-ah): 11 processes active
- Windows LM attacks (ai-ap): 2 processes active (may have completed)
- Passwords discovered: Linux (0/8), LM (0/8)
Process distribution: Hydra: 80, John: 13, Total: 93
Recent activity check:
- Log files updated in last minute: 6

=== Status Check at Sat Sep 13 05:59:11 PM PDT 2025 ===
Active John processes: 13 (Linux: 11, LM: 2)
Attack Status Summary:
- Linux SHA-512 attacks (aa-ah): 11 processes active
- Windows LM attacks (ai-ap): 2 processes active (may have completed)
- Passwords discovered: Linux (0/8), LM (0/8)
Process distribution: Hydra: 80, John: 13, Total: 93
Recent activity check:
- Log files updated in last minute: 9

=== Status Check at Sat Sep 13 06:00:13 PM PDT 2025 ===
Active John processes: 13 (Linux: 11, LM: 2)
Attack Status Summary:
- Linux SHA-512 attacks (aa-ah): 11 processes active
- Windows LM attacks (ai-ap): 2 processes active (may have completed)
- Passwords discovered: Linux (0/8), LM (0/8)
Process distribution: Hydra: 80, John: 13, Total: 93
Recent activity check:
- Log files updated in last minute: 8

=== Status Check at Sat Sep 13 06:01:14 PM PDT 2025 ===
Active John processes: 13 (Linux: 11, LM: 2)
Attack Status Summary:
- Linux SHA-512 attacks (aa-ah): 11 processes active
- Windows LM attacks (ai-ap): 2 processes active (may have completed)
- Passwords discovered: Linux (0/8), LM (0/8)
Process distribution: Hydra: 79, John: 13, Total: 92
Recent activity check:
- Log files updated in last minute: 8

=== Status Check at Sat Sep 13 06:02:15 PM PDT 2025 ===
Active John processes: 13 (Linux: 11, LM: 2)
Attack Status Summary:
- Linux SHA-512 attacks (aa-ah): 11 processes active
- Windows LM attacks (ai-ap): 2 processes active (may have completed)
- Passwords discovered: Linux (0/8), LM (0/8)
Process distribution: Hydra: 80, John: 13, Total: 93
Recent activity check:
- Log files updated in last minute: 9

=== Status Check at Sat Sep 13 06:03:16 PM PDT 2025 ===
Active John processes: 13 (Linux: 11, LM: 2)
Attack Status Summary:
- Linux SHA-512 attacks (aa-ah): 11 processes active
- Windows LM attacks (ai-ap): 2 processes active (may have completed)
- Passwords discovered: Linux (0/8), LM (0/8)
Process distribution: Hydra: 79, John: 13, Total: 92
Recent activity check:
- Log files updated in last minute: 9

=== Status Check at Sat Sep 13 06:04:17 PM PDT 2025 ===
Active John processes: 13 (Linux: 11, LM: 2)
Attack Status Summary:
- Linux SHA-512 attacks (aa-ah): 11 processes active
- Windows LM attacks (ai-ap): 2 processes active (may have completed)
- Passwords discovered: Linux (0/8), LM (0/8)
Process distribution: Hydra: 80, John: 13, Total: 93
Recent activity check:
- Log files updated in last minute: 9

=== Status Check at Sat Sep 13 06:05:18 PM PDT 2025 ===
Active John processes: 13 (Linux: 11, LM: 2)
Attack Status Summary:
- Linux SHA-512 attacks (aa-ah): 11 processes active
- Windows LM attacks (ai-ap): 2 processes active (may have completed)
- Passwords discovered: Linux (0/8), LM (0/8)
Process distribution: Hydra: 79, John: 13, Total: 92
Recent activity check:
- Log files updated in last minute: 8

=== Status Check at Sat Sep 13 06:06:20 PM PDT 2025 ===
Active John processes: 13 (Linux: 11, LM: 2)
Attack Status Summary:
- Linux SHA-512 attacks (aa-ah): 11 processes active
- Windows LM attacks (ai-ap): 2 processes active (may have completed)
- Passwords discovered: Linux (0/8), LM (0/8)
Process distribution: Hydra: 80, John: 13, Total: 93
Recent activity check:
- Log files updated in last minute: 8

=== Status Check at Sat Sep 13 06:07:22 PM PDT 2025 ===
Active John processes: 13 (Linux: 11, LM: 2)
Attack Status Summary:
- Linux SHA-512 attacks (aa-ah): 11 processes active
- Windows LM attacks (ai-ap): 2 processes active (may have completed)
- Passwords discovered: Linux (0/8), LM (0/8)
Process distribution: Hydra: 80, John: 13, Total: 93
Recent activity check:
- Log files updated in last minute: 9

=== Status Check at Sat Sep 13 06:08:23 PM PDT 2025 ===
Active John processes: 13 (Linux: 11, LM: 2)
Attack Status Summary:
- Linux SHA-512 attacks (aa-ah): 11 processes active
- Windows LM attacks (ai-ap): 2 processes active (may have completed)
- Passwords discovered: Linux (0/8), LM (0/8)
Process distribution: Hydra: 79, John: 13, Total: 92
Recent activity check:
- Log files updated in last minute: 7

=== Status Check at Sat Sep 13 06:09:24 PM PDT 2025 ===
Active John processes: 13 (Linux: 11, LM: 2)
Attack Status Summary:
- Linux SHA-512 attacks (aa-ah): 11 processes active
- Windows LM attacks (ai-ap): 2 processes active (may have completed)
- Passwords discovered: Linux (0/8), LM (0/8)
Process distribution: Hydra: 80, John: 13, Total: 93
Recent activity check:
- Log files updated in last minute: 7

=== Status Check at Sat Sep 13 06:10:26 PM PDT 2025 ===
Active John processes: 13 (Linux: 11, LM: 2)
Attack Status Summary:
- Linux SHA-512 attacks (aa-ah): 11 processes active
- Windows LM attacks (ai-ap): 2 processes active (may have completed)
- Passwords discovered: Linux (0/8), LM (0/8)
Process distribution: Hydra: 80, John: 13, Total: 93
Recent activity check:
- Log files updated in last minute: 8

=== Status Check at Sat Sep 13 06:11:27 PM PDT 2025 ===
Active John processes: 13 (Linux: 11, LM: 2)
Attack Status Summary:
- Linux SHA-512 attacks (aa-ah): 11 processes active
- Windows LM attacks (ai-ap): 2 processes active (may have completed)
- Passwords discovered: Linux (0/8), LM (0/8)
Process distribution: Hydra: 80, John: 13, Total: 93
Recent activity check:
- Log files updated in last minute: 7

=== Status Check at Sat Sep 13 06:12:29 PM PDT 2025 ===
Active John processes: 13 (Linux: 11, LM: 2)
Attack Status Summary:
- Linux SHA-512 attacks (aa-ah): 11 processes active
- Windows LM attacks (ai-ap): 2 processes active (may have completed)
- Passwords discovered: Linux (0/8), LM (0/8)
Process distribution: Hydra: 78, John: 13, Total: 91
Recent activity check:
- Log files updated in last minute: 8

=== Status Check at Sat Sep 13 06:13:30 PM PDT 2025 ===
Active John processes: 13 (Linux: 11, LM: 2)
Attack Status Summary:
- Linux SHA-512 attacks (aa-ah): 11 processes active
- Windows LM attacks (ai-ap): 2 processes active (may have completed)
- Passwords discovered: Linux (0/8), LM (0/8)
Process distribution: Hydra: 79, John: 13, Total: 92
Recent activity check:
- Log files updated in last minute: 9

=== Status Check at Sat Sep 13 06:14:32 PM PDT 2025 ===
Active John processes: 13 (Linux: 11, LM: 2)
Attack Status Summary:
- Linux SHA-512 attacks (aa-ah): 11 processes active
- Windows LM attacks (ai-ap): 2 processes active (may have completed)
- Passwords discovered: Linux (0/8), LM (0/8)
Process distribution: Hydra: 80, John: 13, Total: 93
Recent activity check:
- Log files updated in last minute: 8

=== Status Check at Sat Sep 13 06:15:33 PM PDT 2025 ===
Active John processes: 13 (Linux: 11, LM: 2)
Attack Status Summary:
- Linux SHA-512 attacks (aa-ah): 11 processes active
- Windows LM attacks (ai-ap): 2 processes active (may have completed)
- Passwords discovered: Linux (0/8), LM (0/8)
Process distribution: Hydra: 78, John: 13, Total: 91
Recent activity check:
- Log files updated in last minute: 8

=== Status Check at Sat Sep 13 06:16:35 PM PDT 2025 ===
Active John processes: 13 (Linux: 11, LM: 2)
Attack Status Summary:
- Linux SHA-512 attacks (aa-ah): 11 processes active
- Windows LM attacks (ai-ap): 2 processes active (may have completed)
- Passwords discovered: Linux (0/8), LM (0/8)
Process distribution: Hydra: 78, John: 13, Total: 91
Recent activity check:
- Log files updated in last minute: 8

=== Status Check at Sat Sep 13 06:17:36 PM PDT 2025 ===
Active John processes: 13 (Linux: 11, LM: 2)
Attack Status Summary:
- Linux SHA-512 attacks (aa-ah): 11 processes active
- Windows LM attacks (ai-ap): 2 processes active (may have completed)
- Passwords discovered: Linux (0/8), LM (0/8)
Process distribution: Hydra: 80, John: 13, Total: 93
Recent activity check:
- Log files updated in last minute: 7

=== Status Check at Sat Sep 13 06:18:38 PM PDT 2025 ===
Active John processes: 13 (Linux: 11, LM: 2)
Attack Status Summary:
- Linux SHA-512 attacks (aa-ah): 11 processes active
- Windows LM attacks (ai-ap): 2 processes active (may have completed)
- Passwords discovered: Linux (0/8), LM (0/8)
Process distribution: Hydra: 79, John: 13, Total: 92
Recent activity check:
- Log files updated in last minute: 8

=== Status Check at Sat Sep 13 06:19:39 PM PDT 2025 ===
Active John processes: 13 (Linux: 11, LM: 2)
Attack Status Summary:
- Linux SHA-512 attacks (aa-ah): 11 processes active
- Windows LM attacks (ai-ap): 2 processes active (may have completed)
- Passwords discovered: Linux (0/8), LM (0/8)
Process distribution: Hydra: 80, John: 13, Total: 93
Recent activity check:
- Log files updated in last minute: 8

=== Status Check at Sat Sep 13 06:20:40 PM PDT 2025 ===
Active John processes: 13 (Linux: 11, LM: 2)
Attack Status Summary:
- Linux SHA-512 attacks (aa-ah): 11 processes active
- Windows LM attacks (ai-ap): 2 processes active (may have completed)
- Passwords discovered: Linux (0/8), LM (0/8)
Process distribution: Hydra: 80, John: 13, Total: 93
Recent activity check:
- Log files updated in last minute: 7

=== Status Check at Sat Sep 13 06:21:42 PM PDT 2025 ===
Active John processes: 13 (Linux: 11, LM: 2)
Attack Status Summary:
- Linux SHA-512 attacks (aa-ah): 11 processes active
- Windows LM attacks (ai-ap): 2 processes active (may have completed)
- Passwords discovered: Linux (0/8), LM (0/8)
Process distribution: Hydra: 80, John: 13, Total: 93
Recent activity check:
- Log files updated in last minute: 9

=== Status Check at Sat Sep 13 06:22:44 PM PDT 2025 ===
Active John processes: 13 (Linux: 11, LM: 2)
Attack Status Summary:
- Linux SHA-512 attacks (aa-ah): 11 processes active
- Windows LM attacks (ai-ap): 2 processes active (may have completed)
- Passwords discovered: Linux (0/8), LM (0/8)
Process distribution: Hydra: 80, John: 13, Total: 93
Recent activity check:
- Log files updated in last minute: 9

=== Status Check at Sat Sep 13 06:23:45 PM PDT 2025 ===
Active John processes: 13 (Linux: 11, LM: 2)
Attack Status Summary:
- Linux SHA-512 attacks (aa-ah): 11 processes active
- Windows LM attacks (ai-ap): 2 processes active (may have completed)
- Passwords discovered: Linux (0/8), LM (0/8)
Process distribution: Hydra: 80, John: 13, Total: 93
Recent activity check:
- Log files updated in last minute: 8

=== Status Check at Sat Sep 13 06:24:47 PM PDT 2025 ===
Active John processes: 13 (Linux: 11, LM: 2)
Attack Status Summary:
- Linux SHA-512 attacks (aa-ah): 11 processes active
- Windows LM attacks (ai-ap): 2 processes active (may have completed)
- Passwords discovered: Linux (0/8), LM (0/8)
Process distribution: Hydra: 80, John: 13, Total: 93
Recent activity check:
- Log files updated in last minute: 8

=== Status Check at Sat Sep 13 06:25:48 PM PDT 2025 ===
Active John processes: 13 (Linux: 11, LM: 2)
Attack Status Summary:
- Linux SHA-512 attacks (aa-ah): 11 processes active
- Windows LM attacks (ai-ap): 2 processes active (may have completed)
- Passwords discovered: Linux (0/8), LM (0/8)
Process distribution: Hydra: 80, John: 13, Total: 93
Recent activity check:
- Log files updated in last minute: 7

=== Status Check at Sat Sep 13 06:26:49 PM PDT 2025 ===
Active John processes: 13 (Linux: 11, LM: 2)
Attack Status Summary:
- Linux SHA-512 attacks (aa-ah): 11 processes active
- Windows LM attacks (ai-ap): 2 processes active (may have completed)
- Passwords discovered: Linux (0/8), LM (0/8)
Process distribution: Hydra: 80, John: 13, Total: 93
Recent activity check:
- Log files updated in last minute: 9

=== Status Check at Sat Sep 13 06:27:50 PM PDT 2025 ===
Active John processes: 13 (Linux: 11, LM: 2)
Attack Status Summary:
- Linux SHA-512 attacks (aa-ah): 11 processes active
- Windows LM attacks (ai-ap): 2 processes active (may have completed)
- Passwords discovered: Linux (0/8), LM (0/8)
Process distribution: Hydra: 78, John: 13, Total: 91
Recent activity check:
- Log files updated in last minute: 8

=== Status Check at Sat Sep 13 06:28:52 PM PDT 2025 ===
Active John processes: 13 (Linux: 11, LM: 2)
Attack Status Summary:
- Linux SHA-512 attacks (aa-ah): 11 processes active
- Windows LM attacks (ai-ap): 2 processes active (may have completed)
- Passwords discovered: Linux (0/8), LM (0/8)
Process distribution: Hydra: 79, John: 13, Total: 92
Recent activity check:
- Log files updated in last minute: 7

=== Status Check at Sat Sep 13 06:29:53 PM PDT 2025 ===
Active John processes: 13 (Linux: 11, LM: 2)
Attack Status Summary:
- Linux SHA-512 attacks (aa-ah): 11 processes active
- Windows LM attacks (ai-ap): 2 processes active (may have completed)
- Passwords discovered: Linux (0/8), LM (0/8)
Process distribution: Hydra: 80, John: 13, Total: 93
Recent activity check:
- Log files updated in last minute: 9

=== Status Check at Sat Sep 13 06:30:55 PM PDT 2025 ===
Active John processes: 13 (Linux: 11, LM: 2)
Attack Status Summary:
- Linux SHA-512 attacks (aa-ah): 11 processes active
- Windows LM attacks (ai-ap): 2 processes active (may have completed)
- Passwords discovered: Linux (0/8), LM (0/8)
Process distribution: Hydra: 80, John: 13, Total: 93
Recent activity check:
- Log files updated in last minute: 6

=== Status Check at Sat Sep 13 06:31:56 PM PDT 2025 ===
Active John processes: 13 (Linux: 11, LM: 2)
Attack Status Summary:
- Linux SHA-512 attacks (aa-ah): 11 processes active
- Windows LM attacks (ai-ap): 2 processes active (may have completed)
- Passwords discovered: Linux (0/8), LM (0/8)
Process distribution: Hydra: 79, John: 13, Total: 92
Recent activity check:
- Log files updated in last minute: 8

=== Status Check at Sat Sep 13 06:32:58 PM PDT 2025 ===
Active John processes: 13 (Linux: 11, LM: 2)
Attack Status Summary:
- Linux SHA-512 attacks (aa-ah): 11 processes active
- Windows LM attacks (ai-ap): 2 processes active (may have completed)
- Passwords discovered: Linux (0/8), LM (0/8)
Process distribution: Hydra: 80, John: 13, Total: 93
Recent activity check:
- Log files updated in last minute: 9

=== Status Check at Sat Sep 13 06:33:59 PM PDT 2025 ===
Active John processes: 13 (Linux: 11, LM: 2)
Attack Status Summary:
- Linux SHA-512 attacks (aa-ah): 11 processes active
- Windows LM attacks (ai-ap): 2 processes active (may have completed)
- Passwords discovered: Linux (0/8), LM (0/8)
Process distribution: Hydra: 80, John: 13, Total: 93
Recent activity check:
- Log files updated in last minute: 8

=== Status Check at Sat Sep 13 06:35:00 PM PDT 2025 ===
Active John processes: 13 (Linux: 11, LM: 2)
Attack Status Summary:
- Linux SHA-512 attacks (aa-ah): 11 processes active
- Windows LM attacks (ai-ap): 2 processes active (may have completed)
- Passwords discovered: Linux (0/8), LM (0/8)
Process distribution: Hydra: 79, John: 13, Total: 92
Recent activity check:
- Log files updated in last minute: 6

=== Status Check at Sat Sep 13 06:36:02 PM PDT 2025 ===
Active John processes: 13 (Linux: 11, LM: 2)
Attack Status Summary:
- Linux SHA-512 attacks (aa-ah): 11 processes active
- Windows LM attacks (ai-ap): 2 processes active (may have completed)
- Passwords discovered: Linux (0/8), LM (0/8)
Process distribution: Hydra: 80, John: 13, Total: 93
Recent activity check:
- Log files updated in last minute: 8

=== Status Check at Sat Sep 13 06:37:03 PM PDT 2025 ===
Active John processes: 13 (Linux: 11, LM: 2)
Attack Status Summary:
- Linux SHA-512 attacks (aa-ah): 11 processes active
- Windows LM attacks (ai-ap): 2 processes active (may have completed)
- Passwords discovered: Linux (0/8), LM (0/8)
Process distribution: Hydra: 80, John: 13, Total: 93
Recent activity check:
- Log files updated in last minute: 6

=== Status Check at Sat Sep 13 06:38:05 PM PDT 2025 ===
Active John processes: 13 (Linux: 11, LM: 2)
Attack Status Summary:
- Linux SHA-512 attacks (aa-ah): 11 processes active
- Windows LM attacks (ai-ap): 2 processes active (may have completed)
- Passwords discovered: Linux (0/8), LM (0/8)
Process distribution: Hydra: 79, John: 13, Total: 92
Recent activity check:
- Log files updated in last minute: 6

=== Status Check at Sat Sep 13 06:39:06 PM PDT 2025 ===
Active John processes: 12 (Linux: 10, LM: 2)
Attack Status Summary:
- Linux SHA-512 attacks (aa-ah): 10 processes active
- Windows LM attacks (ai-ap): 2 processes active (may have completed)
- Passwords discovered: Linux (0/8), LM (0/8)
Process distribution: Hydra: 80, John: 12, Total: 92
Recent activity check:
- Log files updated in last minute: 9

=== Status Check at Sat Sep 13 06:40:07 PM PDT 2025 ===
Active John processes: 10 (Linux: 8, LM: 2)
Attack Status Summary:
- Linux SHA-512 attacks (aa-ah): 8 processes active
- Windows LM attacks (ai-ap): 2 processes active (may have completed)
- Passwords discovered: Linux (0/8), LM (0/8)
Process distribution: Hydra: 80, John: 10, Total: 90
Recent activity check:
- Log files updated in last minute: 7

=== Status Check at Sat Sep 13 06:41:08 PM PDT 2025 ===
Active John processes: 5 (Linux: 3, LM: 2)
Attack Status Summary:
- Linux SHA-512 attacks (aa-ah): 3 processes active
- Windows LM attacks (ai-ap): 2 processes active (may have completed)
- Passwords discovered: Linux (0/8), LM (0/8)
Process distribution: Hydra: 80, John: 5, Total: 85
Recent activity check:
- Log files updated in last minute: 7

=== Status Check at Sat Sep 13 06:42:08 PM PDT 2025 ===
Active John processes: 3 (Linux: 1, LM: 2)
Attack Status Summary:
- Linux SHA-512 attacks (aa-ah): 1 processes active
- Windows LM attacks (ai-ap): 2 processes active (may have completed)
- Passwords discovered: Linux (0/8), LM (0/8)
Process distribution: Hydra: 79, John: 3, Total: 82
Recent activity check:
- Log files updated in last minute: 4

=== Status Check at Sat Sep 13 06:43:08 PM PDT 2025 ===
Active John processes: 2 (Linux: 0, LM: 2)
Attack Status Summary:
- Linux SHA-512 attacks (aa-ah): 0 processes active
- Windows LM attacks (ai-ap): 2 processes active (may have completed)
- Passwords discovered: Linux (0/8), LM (0/8)
Process distribution: Hydra: 80, John: 2, Total: 82
Recent activity check:
- Log files updated in last minute: 2

=== Status Check at Sat Sep 13 06:44:08 PM PDT 2025 ===
Active John processes: 2 (Linux: 0, LM: 2)
Attack Status Summary:
- Linux SHA-512 attacks (aa-ah): 0 processes active
- Windows LM attacks (ai-ap): 2 processes active (may have completed)
- Passwords discovered: Linux (0/8), LM (0/8)
Process distribution: Hydra: 80, John: 2, Total: 82
Recent activity check:
- Log files updated in last minute: 1

=== Status Check at Sat Sep 13 06:45:09 PM PDT 2025 ===
Active John processes: 2 (Linux: 0, LM: 2)
Attack Status Summary:
- Linux SHA-512 attacks (aa-ah): 0 processes active
- Windows LM attacks (ai-ap): 2 processes active (may have completed)
- Passwords discovered: Linux (0/8), LM (0/8)
Process distribution: Hydra: 80, John: 2, Total: 82
Recent activity check:
- Log files updated in last minute: 1

=== Status Check at Sat Sep 13 06:46:09 PM PDT 2025 ===
Active John processes: 2 (Linux: 0, LM: 2)
Attack Status Summary:
- Linux SHA-512 attacks (aa-ah): 0 processes active
- Windows LM attacks (ai-ap): 2 processes active (may have completed)
- Passwords discovered: Linux (0/8), LM (0/8)
Process distribution: Hydra: 80, John: 2, Total: 82
Recent activity check:
- Log files updated in last minute: 1

=== Status Check at Sat Sep 13 06:47:09 PM PDT 2025 ===
Active John processes: 2 (Linux: 0, LM: 2)
Attack Status Summary:
- Linux SHA-512 attacks (aa-ah): 0 processes active
- Windows LM attacks (ai-ap): 2 processes active (may have completed)
- Passwords discovered: Linux (0/8), LM (0/8)
Process distribution: Hydra: 80, John: 2, Total: 82
Recent activity check:
- Log files updated in last minute: 1

=== Status Check at Sat Sep 13 06:48:09 PM PDT 2025 ===
Active John processes: 2 (Linux: 0, LM: 2)
Attack Status Summary:
- Linux SHA-512 attacks (aa-ah): 0 processes active
- Windows LM attacks (ai-ap): 2 processes active (may have completed)
- Passwords discovered: Linux (0/8), LM (0/8)
Process distribution: Hydra: 80, John: 2, Total: 82
Recent activity check:
- Log files updated in last minute: 1

=== Status Check at Sat Sep 13 06:49:09 PM PDT 2025 ===
Active John processes: 2 (Linux: 0, LM: 2)
Attack Status Summary:
- Linux SHA-512 attacks (aa-ah): 0 processes active
- Windows LM attacks (ai-ap): 2 processes active (may have completed)
- Passwords discovered: Linux (0/8), LM (0/8)
Process distribution: Hydra: 80, John: 2, Total: 82
Recent activity check:
- Log files updated in last minute: 1

=== Status Check at Sat Sep 13 06:50:09 PM PDT 2025 ===
Active John processes: 2 (Linux: 0, LM: 2)
Attack Status Summary:
- Linux SHA-512 attacks (aa-ah): 0 processes active
- Windows LM attacks (ai-ap): 2 processes active (may have completed)
- Passwords discovered: Linux (0/8), LM (0/8)
Process distribution: Hydra: 80, John: 2, Total: 82
Recent activity check:
- Log files updated in last minute: 1

=== Status Check at Sat Sep 13 06:51:09 PM PDT 2025 ===
Active John processes: 2 (Linux: 0, LM: 2)
Attack Status Summary:
- Linux SHA-512 attacks (aa-ah): 0 processes active
- Windows LM attacks (ai-ap): 2 processes active (may have completed)
- Passwords discovered: Linux (0/8), LM (0/8)
Process distribution: Hydra: 78, John: 2, Total: 80
Recent activity check:
- Log files updated in last minute: 1

=== Status Check at Sat Sep 13 06:52:09 PM PDT 2025 ===
Active John processes: 2 (Linux: 0, LM: 2)
Attack Status Summary:
- Linux SHA-512 attacks (aa-ah): 0 processes active
- Windows LM attacks (ai-ap): 2 processes active (may have completed)
- Passwords discovered: Linux (0/8), LM (0/8)
Process distribution: Hydra: 80, John: 2, Total: 82
Recent activity check:
- Log files updated in last minute: 1

=== Status Check at Sat Sep 13 06:53:09 PM PDT 2025 ===
Active John processes: 2 (Linux: 0, LM: 2)
Attack Status Summary:
- Linux SHA-512 attacks (aa-ah): 0 processes active
- Windows LM attacks (ai-ap): 2 processes active (may have completed)
- Passwords discovered: Linux (0/8), LM (0/8)
Process distribution: Hydra: 80, John: 2, Total: 82
Recent activity check:
- Log files updated in last minute: 1

=== Status Check at Sat Sep 13 06:54:10 PM PDT 2025 ===
Active John processes: 2 (Linux: 0, LM: 2)
Attack Status Summary:
- Linux SHA-512 attacks (aa-ah): 0 processes active
- Windows LM attacks (ai-ap): 2 processes active (may have completed)
- Passwords discovered: Linux (0/8), LM (0/8)
Process distribution: Hydra: 79, John: 2, Total: 81
Recent activity check:
- Log files updated in last minute: 1

=== Status Check at Sat Sep 13 06:55:10 PM PDT 2025 ===
Active John processes: 2 (Linux: 0, LM: 2)
Attack Status Summary:
- Linux SHA-512 attacks (aa-ah): 0 processes active
- Windows LM attacks (ai-ap): 2 processes active (may have completed)
- Passwords discovered: Linux (0/8), LM (0/8)
Process distribution: Hydra: 80, John: 2, Total: 82
Recent activity check:
- Log files updated in last minute: 1

=== Status Check at Sat Sep 13 06:56:10 PM PDT 2025 ===
Active John processes: 2 (Linux: 0, LM: 2)
Attack Status Summary:
- Linux SHA-512 attacks (aa-ah): 0 processes active
- Windows LM attacks (ai-ap): 2 processes active (may have completed)
- Passwords discovered: Linux (0/8), LM (0/8)
Process distribution: Hydra: 80, John: 2, Total: 82
Recent activity check:
- Log files updated in last minute: 1

=== Status Check at Sat Sep 13 06:57:10 PM PDT 2025 ===
Active John processes: 2 (Linux: 0, LM: 2)
Attack Status Summary:
- Linux SHA-512 attacks (aa-ah): 0 processes active
- Windows LM attacks (ai-ap): 2 processes active (may have completed)
- Passwords discovered: Linux (0/8), LM (0/8)
Process distribution: Hydra: 77, John: 2, Total: 79
Recent activity check:
- Log files updated in last minute: 1

=== Status Check at Sat Sep 13 06:58:10 PM PDT 2025 ===
Active John processes: 2 (Linux: 0, LM: 2)
Attack Status Summary:
- Linux SHA-512 attacks (aa-ah): 0 processes active
- Windows LM attacks (ai-ap): 2 processes active (may have completed)
- Passwords discovered: Linux (0/8), LM (0/8)
Process distribution: Hydra: 80, John: 2, Total: 82
Recent activity check:
- Log files updated in last minute: 1

=== Status Check at Sat Sep 13 06:59:10 PM PDT 2025 ===
Active John processes: 2 (Linux: 0, LM: 2)
Attack Status Summary:
- Linux SHA-512 attacks (aa-ah): 0 processes active
- Windows LM attacks (ai-ap): 2 processes active (may have completed)
- Passwords discovered: Linux (0/8), LM (0/8)
Process distribution: Hydra: 79, John: 2, Total: 81
Recent activity check:
- Log files updated in last minute: 1

=== Status Check at Sat Sep 13 07:00:10 PM PDT 2025 ===
Active John processes: 2 (Linux: 0, LM: 2)
Attack Status Summary:
- Linux SHA-512 attacks (aa-ah): 0 processes active
- Windows LM attacks (ai-ap): 2 processes active (may have completed)
- Passwords discovered: Linux (0/8), LM (0/8)
Process distribution: Hydra: 80, John: 2, Total: 82
Recent activity check:
- Log files updated in last minute: 1

=== Status Check at Sat Sep 13 07:01:10 PM PDT 2025 ===
Active John processes: 2 (Linux: 0, LM: 2)
Attack Status Summary:
- Linux SHA-512 attacks (aa-ah): 0 processes active
- Windows LM attacks (ai-ap): 2 processes active (may have completed)
- Passwords discovered: Linux (0/8), LM (0/8)
Process distribution: Hydra: 80, John: 2, Total: 82
Recent activity check:
- Log files updated in last minute: 1

=== Status Check at Sat Sep 13 07:02:10 PM PDT 2025 ===
Active John processes: 2 (Linux: 0, LM: 2)
Attack Status Summary:
- Linux SHA-512 attacks (aa-ah): 0 processes active
- Windows LM attacks (ai-ap): 2 processes active (may have completed)
- Passwords discovered: Linux (0/8), LM (0/8)
Process distribution: Hydra: 80, John: 2, Total: 82
Recent activity check:
- Log files updated in last minute: 1

=== Status Check at Sat Sep 13 07:03:11 PM PDT 2025 ===
Active John processes: 2 (Linux: 0, LM: 2)
Attack Status Summary:
- Linux SHA-512 attacks (aa-ah): 0 processes active
- Windows LM attacks (ai-ap): 2 processes active (may have completed)
- Passwords discovered: Linux (0/8), LM (0/8)
Process distribution: Hydra: 80, John: 2, Total: 82
Recent activity check:
- Log files updated in last minute: 1

=== Status Check at Sat Sep 13 07:04:11 PM PDT 2025 ===
Active John processes: 2 (Linux: 0, LM: 2)
Attack Status Summary:
- Linux SHA-512 attacks (aa-ah): 0 processes active
- Windows LM attacks (ai-ap): 2 processes active (may have completed)
- Passwords discovered: Linux (0/8), LM (0/8)
Process distribution: Hydra: 76, John: 2, Total: 78
Recent activity check:
- Log files updated in last minute: 1

=== Status Check at Sat Sep 13 07:05:11 PM PDT 2025 ===
Active John processes: 2 (Linux: 0, LM: 2)
Attack Status Summary:
- Linux SHA-512 attacks (aa-ah): 0 processes active
- Windows LM attacks (ai-ap): 2 processes active (may have completed)
- Passwords discovered: Linux (0/8), LM (0/8)
Process distribution: Hydra: 80, John: 2, Total: 82
Recent activity check:
- Log files updated in last minute: 1

=== Status Check at Sat Sep 13 07:06:11 PM PDT 2025 ===
Active John processes: 2 (Linux: 0, LM: 2)
Attack Status Summary:
- Linux SHA-512 attacks (aa-ah): 0 processes active
- Windows LM attacks (ai-ap): 2 processes active (may have completed)
- Passwords discovered: Linux (0/8), LM (0/8)
Process distribution: Hydra: 80, John: 2, Total: 82
Recent activity check:
- Log files updated in last minute: 1

=== Status Check at Sat Sep 13 07:07:11 PM PDT 2025 ===
Active John processes: 2 (Linux: 0, LM: 2)
Attack Status Summary:
- Linux SHA-512 attacks (aa-ah): 0 processes active
- Windows LM attacks (ai-ap): 2 processes active (may have completed)
- Passwords discovered: Linux (0/8), LM (0/8)
Process distribution: Hydra: 77, John: 2, Total: 79
Recent activity check:
- Log files updated in last minute: 1

=== Status Check at Sat Sep 13 07:08:11 PM PDT 2025 ===
Active John processes: 2 (Linux: 0, LM: 2)
Attack Status Summary:
- Linux SHA-512 attacks (aa-ah): 0 processes active
- Windows LM attacks (ai-ap): 2 processes active (may have completed)
- Passwords discovered: Linux (0/8), LM (0/8)
Process distribution: Hydra: 80, John: 2, Total: 82
Recent activity check:
- Log files updated in last minute: 1

=== Status Check at Sat Sep 13 07:09:11 PM PDT 2025 ===
Active John processes: 2 (Linux: 0, LM: 2)
Attack Status Summary:
- Linux SHA-512 attacks (aa-ah): 0 processes active
- Windows LM attacks (ai-ap): 2 processes active (may have completed)
- Passwords discovered: Linux (0/8), LM (0/8)
Process distribution: Hydra: 80, John: 2, Total: 82
Recent activity check:
- Log files updated in last minute: 1

=== Status Check at Sat Sep 13 07:10:11 PM PDT 2025 ===
Active John processes: 2 (Linux: 0, LM: 2)
Attack Status Summary:
- Linux SHA-512 attacks (aa-ah): 0 processes active
- Windows LM attacks (ai-ap): 2 processes active (may have completed)
- Passwords discovered: Linux (0/8), LM (0/8)
Process distribution: Hydra: 80, John: 2, Total: 82
Recent activity check:
- Log files updated in last minute: 1

=== Status Check at Sat Sep 13 07:11:11 PM PDT 2025 ===
Active John processes: 2 (Linux: 0, LM: 2)
Attack Status Summary:
- Linux SHA-512 attacks (aa-ah): 0 processes active
- Windows LM attacks (ai-ap): 2 processes active (may have completed)
- Passwords discovered: Linux (0/8), LM (0/8)
Process distribution: Hydra: 79, John: 2, Total: 81
Recent activity check:
- Log files updated in last minute: 1

=== Status Check at Sat Sep 13 07:12:12 PM PDT 2025 ===
Active John processes: 2 (Linux: 0, LM: 2)
Attack Status Summary:
- Linux SHA-512 attacks (aa-ah): 0 processes active
- Windows LM attacks (ai-ap): 2 processes active (may have completed)
- Passwords discovered: Linux (0/8), LM (0/8)
Process distribution: Hydra: 80, John: 2, Total: 82
Recent activity check:
- Log files updated in last minute: 1

=== Status Check at Sat Sep 13 07:13:12 PM PDT 2025 ===
Active John processes: 2 (Linux: 0, LM: 2)
Attack Status Summary:
- Linux SHA-512 attacks (aa-ah): 0 processes active
- Windows LM attacks (ai-ap): 2 processes active (may have completed)
- Passwords discovered: Linux (0/8), LM (0/8)
Process distribution: Hydra: 80, John: 2, Total: 82
Recent activity check:
- Log files updated in last minute: 1

=== Status Check at Sat Sep 13 07:14:12 PM PDT 2025 ===
Active John processes: 2 (Linux: 0, LM: 2)
Attack Status Summary:
- Linux SHA-512 attacks (aa-ah): 0 processes active
- Windows LM attacks (ai-ap): 2 processes active (may have completed)
- Passwords discovered: Linux (0/8), LM (0/8)
Process distribution: Hydra: 75, John: 2, Total: 77
Recent activity check:
- Log files updated in last minute: 1

=== Status Check at Sat Sep 13 07:15:12 PM PDT 2025 ===
Active John processes: 2 (Linux: 0, LM: 2)
Attack Status Summary:
- Linux SHA-512 attacks (aa-ah): 0 processes active
- Windows LM attacks (ai-ap): 2 processes active (may have completed)
- Passwords discovered: Linux (0/8), LM (0/8)
Process distribution: Hydra: 75, John: 2, Total: 77
Recent activity check:
- Log files updated in last minute: 1

=== Status Check at Sat Sep 13 07:16:12 PM PDT 2025 ===
Active John processes: 2 (Linux: 0, LM: 2)
Attack Status Summary:
- Linux SHA-512 attacks (aa-ah): 0 processes active
- Windows LM attacks (ai-ap): 2 processes active (may have completed)
- Passwords discovered: Linux (0/8), LM (0/8)
Process distribution: Hydra: 74, John: 2, Total: 76
Recent activity check:
- Log files updated in last minute: 1

=== Status Check at Sat Sep 13 07:17:12 PM PDT 2025 ===
Active John processes: 2 (Linux: 0, LM: 2)
Attack Status Summary:
- Linux SHA-512 attacks (aa-ah): 0 processes active
- Windows LM attacks (ai-ap): 2 processes active (may have completed)
- Passwords discovered: Linux (0/8), LM (0/8)
Process distribution: Hydra: 75, John: 2, Total: 77
Recent activity check:
- Log files updated in last minute: 1

=== Status Check at Sat Sep 13 07:18:12 PM PDT 2025 ===
Active John processes: 2 (Linux: 0, LM: 2)
Attack Status Summary:
- Linux SHA-512 attacks (aa-ah): 0 processes active
- Windows LM attacks (ai-ap): 2 processes active (may have completed)
- Passwords discovered: Linux (0/8), LM (0/8)
Process distribution: Hydra: 75, John: 2, Total: 77
Recent activity check:
- Log files updated in last minute: 1

=== Status Check at Sat Sep 13 07:19:12 PM PDT 2025 ===
Active John processes: 2 (Linux: 0, LM: 2)
Attack Status Summary:
- Linux SHA-512 attacks (aa-ah): 0 processes active
- Windows LM attacks (ai-ap): 2 processes active (may have completed)
- Passwords discovered: Linux (0/8), LM (0/8)
Process distribution: Hydra: 75, John: 2, Total: 77
Recent activity check:
- Log files updated in last minute: 1

=== Status Check at Sat Sep 13 07:20:12 PM PDT 2025 ===
Active John processes: 2 (Linux: 0, LM: 2)
Attack Status Summary:
- Linux SHA-512 attacks (aa-ah): 0 processes active
- Windows LM attacks (ai-ap): 2 processes active (may have completed)
- Passwords discovered: Linux (0/8), LM (0/8)
Process distribution: Hydra: 43, John: 2, Total: 45
Recent activity check:
- Log files updated in last minute: 1

=== Status Check at Sat Sep 13 07:21:13 PM PDT 2025 ===
Active John processes: 2 (Linux: 0, LM: 2)
Attack Status Summary:
- Linux SHA-512 attacks (aa-ah): 0 processes active
- Windows LM attacks (ai-ap): 2 processes active (may have completed)
- Passwords discovered: Linux (0/8), LM (0/8)
Process distribution: Hydra: 39, John: 2, Total: 41
Recent activity check:
- Log files updated in last minute: 1

=== Status Check at Sat Sep 13 07:22:13 PM PDT 2025 ===
Active John processes: 2 (Linux: 0, LM: 2)
Attack Status Summary:
- Linux SHA-512 attacks (aa-ah): 0 processes active
- Windows LM attacks (ai-ap): 2 processes active (may have completed)
- Passwords discovered: Linux (0/8), LM (0/8)
Process distribution: Hydra: 40, John: 2, Total: 42
Recent activity check:
- Log files updated in last minute: 1

=== Status Check at Sat Sep 13 07:23:13 PM PDT 2025 ===
Active John processes: 2 (Linux: 0, LM: 2)
Attack Status Summary:
- Linux SHA-512 attacks (aa-ah): 0 processes active
- Windows LM attacks (ai-ap): 2 processes active (may have completed)
- Passwords discovered: Linux (0/8), LM (0/8)
Process distribution: Hydra: 19, John: 2, Total: 21
Recent activity check:
- Log files updated in last minute: 1

=== Status Check at Sat Sep 13 07:24:13 PM PDT 2025 ===
Active John processes: 2 (Linux: 0, LM: 2)
Attack Status Summary:
- Linux SHA-512 attacks (aa-ah): 0 processes active
- Windows LM attacks (ai-ap): 2 processes active (may have completed)
- Passwords discovered: Linux (0/8), LM (0/8)
Process distribution: Hydra: 14, John: 2, Total: 16
Recent activity check:
- Log files updated in last minute: 1

=== Status Check at Sat Sep 13 07:25:13 PM PDT 2025 ===
Active John processes: 2 (Linux: 0, LM: 2)
Attack Status Summary:
- Linux SHA-512 attacks (aa-ah): 0 processes active
- Windows LM attacks (ai-ap): 2 processes active (may have completed)
- Passwords discovered: Linux (0/8), LM (0/8)
Process distribution: Hydra: 10, John: 2, Total: 12
Recent activity check:
- Log files updated in last minute: 1

=== Status Check at Sat Sep 13 07:26:13 PM PDT 2025 ===
Active John processes: 2 (Linux: 0, LM: 2)
Attack Status Summary:
- Linux SHA-512 attacks (aa-ah): 0 processes active
- Windows LM attacks (ai-ap): 2 processes active (may have completed)
- Passwords discovered: Linux (0/8), LM (0/8)
Process distribution: Hydra: 10, John: 2, Total: 12
Recent activity check:
- Log files updated in last minute: 1

=== Status Check at Sat Sep 13 07:27:13 PM PDT 2025 ===
Active John processes: 2 (Linux: 0, LM: 2)
Attack Status Summary:
- Linux SHA-512 attacks (aa-ah): 0 processes active
- Windows LM attacks (ai-ap): 2 processes active (may have completed)
- Passwords discovered: Linux (0/8), LM (0/8)
Process distribution: Hydra: 10, John: 2, Total: 12
Recent activity check:
- Log files updated in last minute: 1

=== Status Check at Sat Sep 13 07:28:13 PM PDT 2025 ===
Active John processes: 2 (Linux: 0, LM: 2)
Attack Status Summary:
- Linux SHA-512 attacks (aa-ah): 0 processes active
- Windows LM attacks (ai-ap): 2 processes active (may have completed)
- Passwords discovered: Linux (0/8), LM (0/8)
Process distribution: Hydra: 10, John: 2, Total: 12
Recent activity check:
- Log files updated in last minute: 1

=== Status Check at Sat Sep 13 07:29:13 PM PDT 2025 ===
Active John processes: 2 (Linux: 0, LM: 2)
Attack Status Summary:
- Linux SHA-512 attacks (aa-ah): 0 processes active
- Windows LM attacks (ai-ap): 2 processes active (may have completed)
- Passwords discovered: Linux (0/8), LM (0/8)
Process distribution: Hydra: 9, John: 2, Total: 11
Recent activity check:
- Log files updated in last minute: 1

=== Status Check at Sat Sep 13 07:30:14 PM PDT 2025 ===
Active John processes: 2 (Linux: 0, LM: 2)
Attack Status Summary:
- Linux SHA-512 attacks (aa-ah): 0 processes active
- Windows LM attacks (ai-ap): 2 processes active (may have completed)
- Passwords discovered: Linux (0/8), LM (0/8)
Process distribution: Hydra: 10, John: 2, Total: 12
Recent activity check:
- Log files updated in last minute: 1

=== Status Check at Sat Sep 13 07:31:14 PM PDT 2025 ===
Active John processes: 2 (Linux: 0, LM: 2)
Attack Status Summary:
- Linux SHA-512 attacks (aa-ah): 0 processes active
- Windows LM attacks (ai-ap): 2 processes active (may have completed)
- Passwords discovered: Linux (0/8), LM (0/8)
Process distribution: Hydra: 10, John: 2, Total: 12
Recent activity check:
- Log files updated in last minute: 1

=== Status Check at Sat Sep 13 07:32:14 PM PDT 2025 ===
Active John processes: 2 (Linux: 0, LM: 2)
Attack Status Summary:
- Linux SHA-512 attacks (aa-ah): 0 processes active
- Windows LM attacks (ai-ap): 2 processes active (may have completed)
- Passwords discovered: Linux (0/8), LM (0/8)
Process distribution: Hydra: 10, John: 2, Total: 12
Recent activity check:
- Log files updated in last minute: 1

=== Status Check at Sat Sep 13 07:33:14 PM PDT 2025 ===
Active John processes: 2 (Linux: 0, LM: 2)
Attack Status Summary:
- Linux SHA-512 attacks (aa-ah): 0 processes active
- Windows LM attacks (ai-ap): 2 processes active (may have completed)
- Passwords discovered: Linux (0/8), LM (0/8)
Process distribution: Hydra: 9, John: 2, Total: 11
Recent activity check:
- Log files updated in last minute: 0

=== Status Check at Sat Sep 13 07:34:14 PM PDT 2025 ===
Active John processes: 2 (Linux: 0, LM: 2)
Attack Status Summary:
- Linux SHA-512 attacks (aa-ah): 0 processes active
- Windows LM attacks (ai-ap): 2 processes active (may have completed)
- Passwords discovered: Linux (0/8), LM (0/8)
Process distribution: Hydra: 10, John: 2, Total: 12
Recent activity check:
- Log files updated in last minute: 1

=== Status Check at Sat Sep 13 07:35:14 PM PDT 2025 ===
Active John processes: 2 (Linux: 0, LM: 2)
Attack Status Summary:
- Linux SHA-512 attacks (aa-ah): 0 processes active
- Windows LM attacks (ai-ap): 2 processes active (may have completed)
- Passwords discovered: Linux (0/8), LM (0/8)
Process distribution: Hydra: 11, John: 2, Total: 13
Recent activity check:
- Log files updated in last minute: 1

=== Status Check at Sat Sep 13 07:36:14 PM PDT 2025 ===
Active John processes: 2 (Linux: 0, LM: 2)
Attack Status Summary:
- Linux SHA-512 attacks (aa-ah): 0 processes active
- Windows LM attacks (ai-ap): 2 processes active (may have completed)
- Passwords discovered: Linux (0/8), LM (0/8)
Process distribution: Hydra: 11, John: 2, Total: 13
Recent activity check:
- Log files updated in last minute: 1

=== Status Check at Sat Sep 13 07:37:14 PM PDT 2025 ===
Active John processes: 2 (Linux: 0, LM: 2)
Attack Status Summary:
- Linux SHA-512 attacks (aa-ah): 0 processes active
- Windows LM attacks (ai-ap): 2 processes active (may have completed)
- Passwords discovered: Linux (0/8), LM (0/8)
Process distribution: Hydra: 10, John: 2, Total: 12
Recent activity check:
- Log files updated in last minute: 1

=== Status Check at Sat Sep 13 07:38:14 PM PDT 2025 ===
Active John processes: 2 (Linux: 0, LM: 2)
Attack Status Summary:
- Linux SHA-512 attacks (aa-ah): 0 processes active
- Windows LM attacks (ai-ap): 2 processes active (may have completed)
- Passwords discovered: Linux (0/8), LM (0/8)
Process distribution: Hydra: 10, John: 2, Total: 12
Recent activity check:
- Log files updated in last minute: 1

=== Status Check at Sat Sep 13 07:39:15 PM PDT 2025 ===
Active John processes: 2 (Linux: 0, LM: 2)
Attack Status Summary:
- Linux SHA-512 attacks (aa-ah): 0 processes active
- Windows LM attacks (ai-ap): 2 processes active (may have completed)
- Passwords discovered: Linux (0/8), LM (0/8)
Process distribution: Hydra: 11, John: 2, Total: 13
Recent activity check:
- Log files updated in last minute: 1

=== Status Check at Sat Sep 13 07:40:15 PM PDT 2025 ===
Active John processes: 2 (Linux: 0, LM: 2)
Attack Status Summary:
- Linux SHA-512 attacks (aa-ah): 0 processes active
- Windows LM attacks (ai-ap): 2 processes active (may have completed)
- Passwords discovered: Linux (0/8), LM (0/8)
Process distribution: Hydra: 11, John: 2, Total: 13
Recent activity check:
- Log files updated in last minute: 1

=== Status Check at Sat Sep 13 07:41:15 PM PDT 2025 ===
Active John processes: 2 (Linux: 0, LM: 2)
Attack Status Summary:
- Linux SHA-512 attacks (aa-ah): 0 processes active
- Windows LM attacks (ai-ap): 2 processes active (may have completed)
- Passwords discovered: Linux (0/8), LM (0/8)
Process distribution: Hydra: 11, John: 2, Total: 13
Recent activity check:
- Log files updated in last minute: 0

=== Status Check at Sat Sep 13 07:42:15 PM PDT 2025 ===
Active John processes: 2 (Linux: 0, LM: 2)
Attack Status Summary:
- Linux SHA-512 attacks (aa-ah): 0 processes active
- Windows LM attacks (ai-ap): 2 processes active (may have completed)
- Passwords discovered: Linux (0/8), LM (0/8)
Process distribution: Hydra: 42, John: 2, Total: 44
Recent activity check:
- Log files updated in last minute: 1

=== Status Check at Sat Sep 13 07:43:15 PM PDT 2025 ===
Active John processes: 2 (Linux: 0, LM: 2)
Attack Status Summary:
- Linux SHA-512 attacks (aa-ah): 0 processes active
- Windows LM attacks (ai-ap): 2 processes active (may have completed)
- Passwords discovered: Linux (0/8), LM (0/8)
Process distribution: Hydra: 33, John: 2, Total: 35
Recent activity check:
- Log files updated in last minute: 1

=== Status Check at Sat Sep 13 07:44:15 PM PDT 2025 ===
Active John processes: 2 (Linux: 0, LM: 2)
Attack Status Summary:
- Linux SHA-512 attacks (aa-ah): 0 processes active
- Windows LM attacks (ai-ap): 2 processes active (may have completed)
- Passwords discovered: Linux (0/8), LM (0/8)
Process distribution: Hydra: 30, John: 2, Total: 32
Recent activity check:
- Log files updated in last minute: 0

=== Status Check at Sat Sep 13 07:45:15 PM PDT 2025 ===
Active John processes: 2 (Linux: 0, LM: 2)
Attack Status Summary:
- Linux SHA-512 attacks (aa-ah): 0 processes active
- Windows LM attacks (ai-ap): 2 processes active (may have completed)
- Passwords discovered: Linux (0/8), LM (0/8)
Process distribution: Hydra: 29, John: 2, Total: 31
Recent activity check:
- Log files updated in last minute: 0

=== Status Check at Sat Sep 13 07:46:15 PM PDT 2025 ===
Active John processes: 2 (Linux: 0, LM: 2)
Attack Status Summary:
- Linux SHA-512 attacks (aa-ah): 0 processes active
- Windows LM attacks (ai-ap): 2 processes active (may have completed)
- Passwords discovered: Linux (0/8), LM (0/8)
Process distribution: Hydra: 30, John: 2, Total: 32
Recent activity check:
- Log files updated in last minute: 1

=== Status Check at Sat Sep 13 07:47:15 PM PDT 2025 ===
Active John processes: 2 (Linux: 0, LM: 2)
Attack Status Summary:
- Linux SHA-512 attacks (aa-ah): 0 processes active
- Windows LM attacks (ai-ap): 2 processes active (may have completed)
- Passwords discovered: Linux (0/8), LM (0/8)
Process distribution: Hydra: 30, John: 2, Total: 32
Recent activity check:
- Log files updated in last minute: 0

=== Status Check at Sat Sep 13 07:48:15 PM PDT 2025 ===
Active John processes: 2 (Linux: 0, LM: 2)
Attack Status Summary:
- Linux SHA-512 attacks (aa-ah): 0 processes active
- Windows LM attacks (ai-ap): 2 processes active (may have completed)
- Passwords discovered: Linux (0/8), LM (0/8)
Process distribution: Hydra: 30, John: 2, Total: 32
Recent activity check:
- Log files updated in last minute: 1

=== Status Check at Sat Sep 13 07:49:16 PM PDT 2025 ===
Active John processes: 2 (Linux: 0, LM: 2)
Attack Status Summary:
- Linux SHA-512 attacks (aa-ah): 0 processes active
- Windows LM attacks (ai-ap): 2 processes active (may have completed)
- Passwords discovered: Linux (0/8), LM (0/8)
Process distribution: Hydra: 30, John: 2, Total: 32
Recent activity check:
- Log files updated in last minute: 1

=== Status Check at Sat Sep 13 07:50:16 PM PDT 2025 ===
Active John processes: 2 (Linux: 0, LM: 2)
Attack Status Summary:
- Linux SHA-512 attacks (aa-ah): 0 processes active
- Windows LM attacks (ai-ap): 2 processes active (may have completed)
- Passwords discovered: Linux (0/8), LM (0/8)
Process distribution: Hydra: 25, John: 2, Total: 27
Recent activity check:
- Log files updated in last minute: 1

=== Status Check at Sat Sep 13 07:51:16 PM PDT 2025 ===
Active John processes: 2 (Linux: 0, LM: 2)
Attack Status Summary:
- Linux SHA-512 attacks (aa-ah): 0 processes active
- Windows LM attacks (ai-ap): 2 processes active (may have completed)
- Passwords discovered: Linux (0/8), LM (0/8)
Process distribution: Hydra: 25, John: 2, Total: 27
Recent activity check:
- Log files updated in last minute: 1

=== Status Check at Sat Sep 13 07:52:16 PM PDT 2025 ===
Active John processes: 2 (Linux: 0, LM: 2)
Attack Status Summary:
- Linux SHA-512 attacks (aa-ah): 0 processes active
- Windows LM attacks (ai-ap): 2 processes active (may have completed)
- Passwords discovered: Linux (0/8), LM (0/8)
Process distribution: Hydra: 25, John: 2, Total: 27
Recent activity check:
- Log files updated in last minute: 0

=== Status Check at Sat Sep 13 07:53:16 PM PDT 2025 ===
Active John processes: 2 (Linux: 0, LM: 2)
Attack Status Summary:
- Linux SHA-512 attacks (aa-ah): 0 processes active
- Windows LM attacks (ai-ap): 2 processes active (may have completed)
- Passwords discovered: Linux (0/8), LM (0/8)
Process distribution: Hydra: 25, John: 2, Total: 27
Recent activity check:
- Log files updated in last minute: 1

=== Status Check at Sat Sep 13 07:54:16 PM PDT 2025 ===
Active John processes: 2 (Linux: 0, LM: 2)
Attack Status Summary:
- Linux SHA-512 attacks (aa-ah): 0 processes active
- Windows LM attacks (ai-ap): 2 processes active (may have completed)
- Passwords discovered: Linux (0/8), LM (0/8)
Process distribution: Hydra: 25, John: 2, Total: 27
Recent activity check:
- Log files updated in last minute: 0

=== Status Check at Sat Sep 13 07:55:16 PM PDT 2025 ===
Active John processes: 2 (Linux: 0, LM: 2)
Attack Status Summary:
- Linux SHA-512 attacks (aa-ah): 0 processes active
- Windows LM attacks (ai-ap): 2 processes active (may have completed)
- Passwords discovered: Linux (0/8), LM (0/8)
Process distribution: Hydra: 25, John: 2, Total: 27
Recent activity check:
- Log files updated in last minute: 1

=== Status Check at Sat Sep 13 07:56:16 PM PDT 2025 ===
Active John processes: 2 (Linux: 0, LM: 2)
Attack Status Summary:
- Linux SHA-512 attacks (aa-ah): 0 processes active
- Windows LM attacks (ai-ap): 2 processes active (may have completed)
- Passwords discovered: Linux (0/8), LM (0/8)
Process distribution: Hydra: 25, John: 2, Total: 27
Recent activity check:
- Log files updated in last minute: 0

=== Status Check at Sat Sep 13 07:57:16 PM PDT 2025 ===
Active John processes: 2 (Linux: 0, LM: 2)
Attack Status Summary:
- Linux SHA-512 attacks (aa-ah): 0 processes active
- Windows LM attacks (ai-ap): 2 processes active (may have completed)
- Passwords discovered: Linux (0/8), LM (0/8)
Process distribution: Hydra: 25, John: 2, Total: 27
Recent activity check:
- Log files updated in last minute: 1

=== Status Check at Sat Sep 13 07:58:17 PM PDT 2025 ===
Active John processes: 2 (Linux: 0, LM: 2)
Attack Status Summary:
- Linux SHA-512 attacks (aa-ah): 0 processes active
- Windows LM attacks (ai-ap): 2 processes active (may have completed)
- Passwords discovered: Linux (0/8), LM (0/8)
Process distribution: Hydra: 25, John: 2, Total: 27
Recent activity check:
- Log files updated in last minute: 1

=== Status Check at Sat Sep 13 07:59:17 PM PDT 2025 ===
Active John processes: 2 (Linux: 0, LM: 2)
Attack Status Summary:
- Linux SHA-512 attacks (aa-ah): 0 processes active
- Windows LM attacks (ai-ap): 2 processes active (may have completed)
- Passwords discovered: Linux (0/8), LM (0/8)
Process distribution: Hydra: 25, John: 2, Total: 27
Recent activity check:
- Log files updated in last minute: 0

=== Status Check at Sat Sep 13 08:00:17 PM PDT 2025 ===
Active John processes: 2 (Linux: 0, LM: 2)
Attack Status Summary:
- Linux SHA-512 attacks (aa-ah): 0 processes active
- Windows LM attacks (ai-ap): 2 processes active (may have completed)
- Passwords discovered: Linux (0/8), LM (0/8)
Process distribution: Hydra: 25, John: 2, Total: 27
Recent activity check:
- Log files updated in last minute: 1

=== Status Check at Sat Sep 13 08:01:17 PM PDT 2025 ===
Active John processes: 2 (Linux: 0, LM: 2)
Attack Status Summary:
- Linux SHA-512 attacks (aa-ah): 0 processes active
- Windows LM attacks (ai-ap): 2 processes active (may have completed)
- Passwords discovered: Linux (0/8), LM (0/8)
Process distribution: Hydra: 26, John: 2, Total: 28
Recent activity check:
- Log files updated in last minute: 0

=== Status Check at Sat Sep 13 08:02:17 PM PDT 2025 ===
Active John processes: 2 (Linux: 0, LM: 2)
Attack Status Summary:
- Linux SHA-512 attacks (aa-ah): 0 processes active
- Windows LM attacks (ai-ap): 2 processes active (may have completed)
- Passwords discovered: Linux (0/8), LM (0/8)
Process distribution: Hydra: 25, John: 2, Total: 27
Recent activity check:
- Log files updated in last minute: 1

=== Status Check at Sat Sep 13 08:03:17 PM PDT 2025 ===
Active John processes: 2 (Linux: 0, LM: 2)
Attack Status Summary:
- Linux SHA-512 attacks (aa-ah): 0 processes active
- Windows LM attacks (ai-ap): 2 processes active (may have completed)
- Passwords discovered: Linux (0/8), LM (0/8)
Process distribution: Hydra: 25, John: 2, Total: 27
Recent activity check:
- Log files updated in last minute: 0

=== Status Check at Sat Sep 13 08:04:17 PM PDT 2025 ===
Active John processes: 2 (Linux: 0, LM: 2)
Attack Status Summary:
- Linux SHA-512 attacks (aa-ah): 0 processes active
- Windows LM attacks (ai-ap): 2 processes active (may have completed)
- Passwords discovered: Linux (0/8), LM (0/8)
Process distribution: Hydra: 25, John: 2, Total: 27
Recent activity check:
- Log files updated in last minute: 1

=== Status Check at Sat Sep 13 08:05:17 PM PDT 2025 ===
Active John processes: 2 (Linux: 0, LM: 2)
Attack Status Summary:
- Linux SHA-512 attacks (aa-ah): 0 processes active
- Windows LM attacks (ai-ap): 2 processes active (may have completed)
- Passwords discovered: Linux (0/8), LM (0/8)
Process distribution: Hydra: 25, John: 2, Total: 27
Recent activity check:
- Log files updated in last minute: 0

=== Status Check at Sat Sep 13 08:06:17 PM PDT 2025 ===
Active John processes: 2 (Linux: 0, LM: 2)
Attack Status Summary:
- Linux SHA-512 attacks (aa-ah): 0 processes active
- Windows LM attacks (ai-ap): 2 processes active (may have completed)
- Passwords discovered: Linux (0/8), LM (0/8)
Process distribution: Hydra: 25, John: 2, Total: 27
Recent activity check:
- Log files updated in last minute: 1

=== Status Check at Sat Sep 13 08:07:18 PM PDT 2025 ===
Active John processes: 2 (Linux: 0, LM: 2)
Attack Status Summary:
- Linux SHA-512 attacks (aa-ah): 0 processes active
- Windows LM attacks (ai-ap): 2 processes active (may have completed)
- Passwords discovered: Linux (0/8), LM (0/8)
Process distribution: Hydra: 25, John: 2, Total: 27
Recent activity check:
- Log files updated in last minute: 0

=== Status Check at Sat Sep 13 08:08:18 PM PDT 2025 ===
Active John processes: 2 (Linux: 0, LM: 2)
Attack Status Summary:
- Linux SHA-512 attacks (aa-ah): 0 processes active
- Windows LM attacks (ai-ap): 2 processes active (may have completed)
- Passwords discovered: Linux (0/8), LM (0/8)
Process distribution: Hydra: 25, John: 2, Total: 27
Recent activity check:
- Log files updated in last minute: 1

=== Status Check at Sat Sep 13 08:09:18 PM PDT 2025 ===
Active John processes: 2 (Linux: 0, LM: 2)
Attack Status Summary:
- Linux SHA-512 attacks (aa-ah): 0 processes active
- Windows LM attacks (ai-ap): 2 processes active (may have completed)
- Passwords discovered: Linux (0/8), LM (0/8)
Process distribution: Hydra: 25, John: 2, Total: 27
Recent activity check:
- Log files updated in last minute: 1

=== Status Check at Sat Sep 13 08:10:18 PM PDT 2025 ===
Active John processes: 2 (Linux: 0, LM: 2)
Attack Status Summary:
- Linux SHA-512 attacks (aa-ah): 0 processes active
- Windows LM attacks (ai-ap): 2 processes active (may have completed)
- Passwords discovered: Linux (0/8), LM (0/8)
Process distribution: Hydra: 25, John: 2, Total: 27
Recent activity check:
- Log files updated in last minute: 0

=== Status Check at Sat Sep 13 08:11:18 PM PDT 2025 ===
Active John processes: 2 (Linux: 0, LM: 2)
Attack Status Summary:
- Linux SHA-512 attacks (aa-ah): 0 processes active
- Windows LM attacks (ai-ap): 2 processes active (may have completed)
- Passwords discovered: Linux (0/8), LM (0/8)
Process distribution: Hydra: 25, John: 2, Total: 27
Recent activity check:
- Log files updated in last minute: 1

=== Status Check at Sat Sep 13 08:12:18 PM PDT 2025 ===
Active John processes: 2 (Linux: 0, LM: 2)
Attack Status Summary:
- Linux SHA-512 attacks (aa-ah): 0 processes active
- Windows LM attacks (ai-ap): 2 processes active (may have completed)
- Passwords discovered: Linux (0/8), LM (0/8)
Process distribution: Hydra: 25, John: 2, Total: 27
Recent activity check:
- Log files updated in last minute: 0

=== Status Check at Sat Sep 13 08:13:18 PM PDT 2025 ===
Active John processes: 2 (Linux: 0, LM: 2)
Attack Status Summary:
- Linux SHA-512 attacks (aa-ah): 0 processes active
- Windows LM attacks (ai-ap): 2 processes active (may have completed)
- Passwords discovered: Linux (0/8), LM (0/8)
Process distribution: Hydra: 25, John: 2, Total: 27
Recent activity check:
- Log files updated in last minute: 1

=== Status Check at Sat Sep 13 08:14:18 PM PDT 2025 ===
Active John processes: 2 (Linux: 0, LM: 2)
Attack Status Summary:
- Linux SHA-512 attacks (aa-ah): 0 processes active
- Windows LM attacks (ai-ap): 2 processes active (may have completed)
- Passwords discovered: Linux (0/8), LM (0/8)
Process distribution: Hydra: 25, John: 2, Total: 27
Recent activity check:
- Log files updated in last minute: 0

=== Status Check at Sat Sep 13 08:15:18 PM PDT 2025 ===
Active John processes: 2 (Linux: 0, LM: 2)
Attack Status Summary:
- Linux SHA-512 attacks (aa-ah): 0 processes active
- Windows LM attacks (ai-ap): 2 processes active (may have completed)
- Passwords discovered: Linux (0/8), LM (0/8)
Process distribution: Hydra: 25, John: 2, Total: 27
Recent activity check:
- Log files updated in last minute: 1

=== Status Check at Sat Sep 13 08:16:19 PM PDT 2025 ===
Active John processes: 2 (Linux: 0, LM: 2)
Attack Status Summary:
- Linux SHA-512 attacks (aa-ah): 0 processes active
- Windows LM attacks (ai-ap): 2 processes active (may have completed)
- Passwords discovered: Linux (0/8), LM (0/8)
Process distribution: Hydra: 25, John: 2, Total: 27
Recent activity check:
- Log files updated in last minute: 0

=== Status Check at Sat Sep 13 08:17:19 PM PDT 2025 ===
Active John processes: 2 (Linux: 0, LM: 2)
Attack Status Summary:
- Linux SHA-512 attacks (aa-ah): 0 processes active
- Windows LM attacks (ai-ap): 2 processes active (may have completed)
- Passwords discovered: Linux (0/8), LM (0/8)
Process distribution: Hydra: 25, John: 2, Total: 27
Recent activity check:
- Log files updated in last minute: 1

=== Status Check at Sat Sep 13 08:18:19 PM PDT 2025 ===
Active John processes: 2 (Linux: 0, LM: 2)
Attack Status Summary:
- Linux SHA-512 attacks (aa-ah): 0 processes active
- Windows LM attacks (ai-ap): 2 processes active (may have completed)
- Passwords discovered: Linux (0/8), LM (0/8)
Process distribution: Hydra: 25, John: 2, Total: 27
Recent activity check:
- Log files updated in last minute: 0

=== Status Check at Sat Sep 13 08:19:19 PM PDT 2025 ===
Active John processes: 2 (Linux: 0, LM: 2)
Attack Status Summary:
- Linux SHA-512 attacks (aa-ah): 0 processes active
- Windows LM attacks (ai-ap): 2 processes active (may have completed)
- Passwords discovered: Linux (0/8), LM (0/8)
Process distribution: Hydra: 26, John: 2, Total: 28
Recent activity check:
- Log files updated in last minute: 1

=== Status Check at Sat Sep 13 08:20:19 PM PDT 2025 ===
Active John processes: 2 (Linux: 0, LM: 2)
Attack Status Summary:
- Linux SHA-512 attacks (aa-ah): 0 processes active
- Windows LM attacks (ai-ap): 2 processes active (may have completed)
- Passwords discovered: Linux (0/8), LM (0/8)
Process distribution: Hydra: 25, John: 2, Total: 27
Recent activity check:
- Log files updated in last minute: 1

=== Status Check at Sat Sep 13 08:21:19 PM PDT 2025 ===
Active John processes: 2 (Linux: 0, LM: 2)
Attack Status Summary:
- Linux SHA-512 attacks (aa-ah): 0 processes active
- Windows LM attacks (ai-ap): 2 processes active (may have completed)
- Passwords discovered: Linux (0/8), LM (0/8)
Process distribution: Hydra: 28, John: 2, Total: 30
Recent activity check:
- Log files updated in last minute: 1

=== Status Check at Sat Sep 13 08:22:19 PM PDT 2025 ===
Active John processes: 2 (Linux: 0, LM: 2)
Attack Status Summary:
- Linux SHA-512 attacks (aa-ah): 0 processes active
- Windows LM attacks (ai-ap): 2 processes active (may have completed)
- Passwords discovered: Linux (0/8), LM (0/8)
Process distribution: Hydra: 25, John: 2, Total: 27
Recent activity check:
- Log files updated in last minute: 1

=== Status Check at Sat Sep 13 08:23:19 PM PDT 2025 ===
Active John processes: 2 (Linux: 0, LM: 2)
Attack Status Summary:
- Linux SHA-512 attacks (aa-ah): 0 processes active
- Windows LM attacks (ai-ap): 2 processes active (may have completed)
- Passwords discovered: Linux (0/8), LM (0/8)
Process distribution: Hydra: 25, John: 2, Total: 27
Recent activity check:
- Log files updated in last minute: 0

=== Status Check at Sat Sep 13 08:24:19 PM PDT 2025 ===
Active John processes: 2 (Linux: 0, LM: 2)
Attack Status Summary:
- Linux SHA-512 attacks (aa-ah): 0 processes active
- Windows LM attacks (ai-ap): 2 processes active (may have completed)
- Passwords discovered: Linux (0/8), LM (0/8)
Process distribution: Hydra: 25, John: 2, Total: 27
Recent activity check:
- Log files updated in last minute: 1

=== Status Check at Sat Sep 13 08:25:19 PM PDT 2025 ===
Active John processes: 2 (Linux: 0, LM: 2)
Attack Status Summary:
- Linux SHA-512 attacks (aa-ah): 0 processes active
- Windows LM attacks (ai-ap): 2 processes active (may have completed)
- Passwords discovered: Linux (0/8), LM (0/8)
Process distribution: Hydra: 25, John: 2, Total: 27
Recent activity check:
- Log files updated in last minute: 0

=== Status Check at Sat Sep 13 08:26:20 PM PDT 2025 ===
Active John processes: 2 (Linux: 0, LM: 2)
Attack Status Summary:
- Linux SHA-512 attacks (aa-ah): 0 processes active
- Windows LM attacks (ai-ap): 2 processes active (may have completed)
- Passwords discovered: Linux (0/8), LM (0/8)
Process distribution: Hydra: 25, John: 2, Total: 27
Recent activity check:
- Log files updated in last minute: 0

=== Status Check at Sat Sep 13 08:27:20 PM PDT 2025 ===
Active John processes: 2 (Linux: 0, LM: 2)
Attack Status Summary:
- Linux SHA-512 attacks (aa-ah): 0 processes active
- Windows LM attacks (ai-ap): 2 processes active (may have completed)
- Passwords discovered: Linux (0/8), LM (0/8)
Process distribution: Hydra: 25, John: 2, Total: 27
Recent activity check:
- Log files updated in last minute: 0

=== Status Check at Sat Sep 13 08:28:20 PM PDT 2025 ===
Active John processes: 2 (Linux: 0, LM: 2)
Attack Status Summary:
- Linux SHA-512 attacks (aa-ah): 0 processes active
- Windows LM attacks (ai-ap): 2 processes active (may have completed)
- Passwords discovered: Linux (0/8), LM (0/8)
Process distribution: Hydra: 25, John: 2, Total: 27
Recent activity check:
- Log files updated in last minute: 0

=== Status Check at Sat Sep 13 08:29:20 PM PDT 2025 ===
Active John processes: 2 (Linux: 0, LM: 2)
Attack Status Summary:
- Linux SHA-512 attacks (aa-ah): 0 processes active
- Windows LM attacks (ai-ap): 2 processes active (may have completed)
- Passwords discovered: Linux (0/8), LM (0/8)
Process distribution: Hydra: 25, John: 2, Total: 27
Recent activity check:
- Log files updated in last minute: 1

=== Status Check at Sat Sep 13 08:30:20 PM PDT 2025 ===
Active John processes: 2 (Linux: 0, LM: 2)
Attack Status Summary:
- Linux SHA-512 attacks (aa-ah): 0 processes active
- Windows LM attacks (ai-ap): 2 processes active (may have completed)
- Passwords discovered: Linux (0/8), LM (0/8)
Process distribution: Hydra: 25, John: 2, Total: 27
Recent activity check:
- Log files updated in last minute: 0

=== Status Check at Sat Sep 13 08:31:20 PM PDT 2025 ===
Active John processes: 2 (Linux: 0, LM: 2)
Attack Status Summary:
- Linux SHA-512 attacks (aa-ah): 0 processes active
- Windows LM attacks (ai-ap): 2 processes active (may have completed)
- Passwords discovered: Linux (0/8), LM (0/8)
Process distribution: Hydra: 25, John: 2, Total: 27
Recent activity check:
- Log files updated in last minute: 1

=== Status Check at Sat Sep 13 08:32:20 PM PDT 2025 ===
Active John processes: 2 (Linux: 0, LM: 2)
Attack Status Summary:
- Linux SHA-512 attacks (aa-ah): 0 processes active
- Windows LM attacks (ai-ap): 2 processes active (may have completed)
- Passwords discovered: Linux (0/8), LM (0/8)
Process distribution: Hydra: 25, John: 2, Total: 27
Recent activity check:
- Log files updated in last minute: 0

=== Status Check at Sat Sep 13 08:33:20 PM PDT 2025 ===
Active John processes: 2 (Linux: 0, LM: 2)
Attack Status Summary:
- Linux SHA-512 attacks (aa-ah): 0 processes active
- Windows LM attacks (ai-ap): 2 processes active (may have completed)
- Passwords discovered: Linux (0/8), LM (0/8)
Process distribution: Hydra: 25, John: 2, Total: 27
Recent activity check:
- Log files updated in last minute: 1

=== Status Check at Sat Sep 13 08:34:20 PM PDT 2025 ===
Active John processes: 2 (Linux: 0, LM: 2)
Attack Status Summary:
- Linux SHA-512 attacks (aa-ah): 0 processes active
- Windows LM attacks (ai-ap): 2 processes active (may have completed)
- Passwords discovered: Linux (0/8), LM (0/8)
Process distribution: Hydra: 25, John: 2, Total: 27
Recent activity check:
- Log files updated in last minute: 0

=== Status Check at Sat Sep 13 08:35:21 PM PDT 2025 ===
Active John processes: 2 (Linux: 0, LM: 2)
Attack Status Summary:
- Linux SHA-512 attacks (aa-ah): 0 processes active
- Windows LM attacks (ai-ap): 2 processes active (may have completed)
- Passwords discovered: Linux (0/8), LM (0/8)
Process distribution: Hydra: 25, John: 2, Total: 27
Recent activity check:
- Log files updated in last minute: 1

=== Status Check at Sat Sep 13 08:36:21 PM PDT 2025 ===
Active John processes: 2 (Linux: 0, LM: 2)
Attack Status Summary:
- Linux SHA-512 attacks (aa-ah): 0 processes active
- Windows LM attacks (ai-ap): 2 processes active (may have completed)
- Passwords discovered: Linux (0/8), LM (0/8)
Process distribution: Hydra: 25, John: 2, Total: 27
Recent activity check:
- Log files updated in last minute: 0

=== Status Check at Sat Sep 13 08:37:21 PM PDT 2025 ===
Active John processes: 2 (Linux: 0, LM: 2)
Attack Status Summary:
- Linux SHA-512 attacks (aa-ah): 0 processes active
- Windows LM attacks (ai-ap): 2 processes active (may have completed)
- Passwords discovered: Linux (0/8), LM (0/8)
Process distribution: Hydra: 25, John: 2, Total: 27
Recent activity check:
- Log files updated in last minute: 0

=== Status Check at Sat Sep 13 08:38:21 PM PDT 2025 ===
Active John processes: 2 (Linux: 0, LM: 2)
Attack Status Summary:
- Linux SHA-512 attacks (aa-ah): 0 processes active
- Windows LM attacks (ai-ap): 2 processes active (may have completed)
- Passwords discovered: Linux (0/8), LM (0/8)
Process distribution: Hydra: 25, John: 2, Total: 27
Recent activity check:
- Log files updated in last minute: 1

=== Status Check at Sat Sep 13 08:39:21 PM PDT 2025 ===
Active John processes: 2 (Linux: 0, LM: 2)
Attack Status Summary:
- Linux SHA-512 attacks (aa-ah): 0 processes active
- Windows LM attacks (ai-ap): 2 processes active (may have completed)
- Passwords discovered: Linux (0/8), LM (0/8)
Process distribution: Hydra: 25, John: 2, Total: 27
Recent activity check:
- Log files updated in last minute: 0

=== Status Check at Sat Sep 13 08:40:21 PM PDT 2025 ===
Active John processes: 2 (Linux: 0, LM: 2)
Attack Status Summary:
- Linux SHA-512 attacks (aa-ah): 0 processes active
- Windows LM attacks (ai-ap): 2 processes active (may have completed)
- Passwords discovered: Linux (0/8), LM (0/8)
Process distribution: Hydra: 25, John: 2, Total: 27
Recent activity check:
- Log files updated in last minute: 1

=== Status Check at Sat Sep 13 08:41:21 PM PDT 2025 ===
Active John processes: 2 (Linux: 0, LM: 2)
Attack Status Summary:
- Linux SHA-512 attacks (aa-ah): 0 processes active
- Windows LM attacks (ai-ap): 2 processes active (may have completed)
- Passwords discovered: Linux (0/8), LM (0/8)
Process distribution: Hydra: 25, John: 2, Total: 27
Recent activity check:
- Log files updated in last minute: 1

=== Status Check at Sat Sep 13 08:42:21 PM PDT 2025 ===
Active John processes: 2 (Linux: 0, LM: 2)
Attack Status Summary:
- Linux SHA-512 attacks (aa-ah): 0 processes active
- Windows LM attacks (ai-ap): 2 processes active (may have completed)
- Passwords discovered: Linux (0/8), LM (0/8)
Process distribution: Hydra: 25, John: 2, Total: 27
Recent activity check:
- Log files updated in last minute: 0

=== Status Check at Sat Sep 13 08:43:21 PM PDT 2025 ===
Active John processes: 2 (Linux: 0, LM: 2)
Attack Status Summary:
- Linux SHA-512 attacks (aa-ah): 0 processes active
- Windows LM attacks (ai-ap): 2 processes active (may have completed)
- Passwords discovered: Linux (0/8), LM (0/8)
Process distribution: Hydra: 25, John: 2, Total: 27
Recent activity check:
- Log files updated in last minute: 1

=== Status Check at Sat Sep 13 08:44:22 PM PDT 2025 ===
Active John processes: 2 (Linux: 0, LM: 2)
Attack Status Summary:
- Linux SHA-512 attacks (aa-ah): 0 processes active
- Windows LM attacks (ai-ap): 2 processes active (may have completed)
- Passwords discovered: Linux (0/8), LM (0/8)
Process distribution: Hydra: 25, John: 2, Total: 27
Recent activity check:
- Log files updated in last minute: 0

=== Status Check at Sat Sep 13 08:45:22 PM PDT 2025 ===
Active John processes: 2 (Linux: 0, LM: 2)
Attack Status Summary:
- Linux SHA-512 attacks (aa-ah): 0 processes active
- Windows LM attacks (ai-ap): 2 processes active (may have completed)
- Passwords discovered: Linux (0/8), LM (0/8)
Process distribution: Hydra: 25, John: 2, Total: 27
Recent activity check:
- Log files updated in last minute: 1

=== Status Check at Sat Sep 13 08:46:22 PM PDT 2025 ===
Active John processes: 2 (Linux: 0, LM: 2)
Attack Status Summary:
- Linux SHA-512 attacks (aa-ah): 0 processes active
- Windows LM attacks (ai-ap): 2 processes active (may have completed)
- Passwords discovered: Linux (0/8), LM (0/8)
Process distribution: Hydra: 22, John: 2, Total: 24
Recent activity check:
- Log files updated in last minute: 0

=== Status Check at Sat Sep 13 08:47:22 PM PDT 2025 ===
Active John processes: 2 (Linux: 0, LM: 2)
Attack Status Summary:
- Linux SHA-512 attacks (aa-ah): 0 processes active
- Windows LM attacks (ai-ap): 2 processes active (may have completed)
- Passwords discovered: Linux (0/8), LM (0/8)
Process distribution: Hydra: 22, John: 2, Total: 24
Recent activity check:
- Log files updated in last minute: 0

=== Status Check at Sat Sep 13 08:48:22 PM PDT 2025 ===
Active John processes: 2 (Linux: 0, LM: 2)
Attack Status Summary:
- Linux SHA-512 attacks (aa-ah): 0 processes active
- Windows LM attacks (ai-ap): 2 processes active (may have completed)
- Passwords discovered: Linux (0/8), LM (0/8)
Process distribution: Hydra: 21, John: 2, Total: 23
Recent activity check:
- Log files updated in last minute: 1

=== Status Check at Sat Sep 13 08:49:22 PM PDT 2025 ===
Active John processes: 2 (Linux: 0, LM: 2)
Attack Status Summary:
- Linux SHA-512 attacks (aa-ah): 0 processes active
- Windows LM attacks (ai-ap): 2 processes active (may have completed)
- Passwords discovered: Linux (0/8), LM (0/8)
Process distribution: Hydra: 21, John: 2, Total: 23
Recent activity check:
- Log files updated in last minute: 1

=== Status Check at Sat Sep 13 08:50:22 PM PDT 2025 ===
Active John processes: 2 (Linux: 0, LM: 2)
Attack Status Summary:
- Linux SHA-512 attacks (aa-ah): 0 processes active
- Windows LM attacks (ai-ap): 2 processes active (may have completed)
- Passwords discovered: Linux (0/8), LM (0/8)
Process distribution: Hydra: 21, John: 2, Total: 23
Recent activity check:
- Log files updated in last minute: 0

=== Status Check at Sat Sep 13 08:51:22 PM PDT 2025 ===
Active John processes: 2 (Linux: 0, LM: 2)
Attack Status Summary:
- Linux SHA-512 attacks (aa-ah): 0 processes active
- Windows LM attacks (ai-ap): 2 processes active (may have completed)
- Passwords discovered: Linux (0/8), LM (0/8)
Process distribution: Hydra: 21, John: 2, Total: 23
Recent activity check:
- Log files updated in last minute: 1

=== Status Check at Sat Sep 13 08:52:22 PM PDT 2025 ===
Active John processes: 2 (Linux: 0, LM: 2)
Attack Status Summary:
- Linux SHA-512 attacks (aa-ah): 0 processes active
- Windows LM attacks (ai-ap): 2 processes active (may have completed)
- Passwords discovered: Linux (0/8), LM (0/8)
Process distribution: Hydra: 21, John: 2, Total: 23
Recent activity check:
- Log files updated in last minute: 0

=== Status Check at Sat Sep 13 08:53:23 PM PDT 2025 ===
Active John processes: 2 (Linux: 0, LM: 2)
Attack Status Summary:
- Linux SHA-512 attacks (aa-ah): 0 processes active
- Windows LM attacks (ai-ap): 2 processes active (may have completed)
- Passwords discovered: Linux (0/8), LM (0/8)
Process distribution: Hydra: 21, John: 2, Total: 23
Recent activity check:
- Log files updated in last minute: 0

=== Status Check at Sat Sep 13 08:54:23 PM PDT 2025 ===
Active John processes: 2 (Linux: 0, LM: 2)
Attack Status Summary:
- Linux SHA-512 attacks (aa-ah): 0 processes active
- Windows LM attacks (ai-ap): 2 processes active (may have completed)
- Passwords discovered: Linux (0/8), LM (0/8)
Process distribution: Hydra: 21, John: 2, Total: 23
Recent activity check:
- Log files updated in last minute: 1

=== Status Check at Sat Sep 13 08:55:23 PM PDT 2025 ===
Active John processes: 2 (Linux: 0, LM: 2)
Attack Status Summary:
- Linux SHA-512 attacks (aa-ah): 0 processes active
- Windows LM attacks (ai-ap): 2 processes active (may have completed)
- Passwords discovered: Linux (0/8), LM (0/8)
Process distribution: Hydra: 21, John: 2, Total: 23
Recent activity check:
- Log files updated in last minute: 0

=== Status Check at Sat Sep 13 08:56:23 PM PDT 2025 ===
Active John processes: 2 (Linux: 0, LM: 2)
Attack Status Summary:
- Linux SHA-512 attacks (aa-ah): 0 processes active
- Windows LM attacks (ai-ap): 2 processes active (may have completed)
- Passwords discovered: Linux (0/8), LM (0/8)
Process distribution: Hydra: 21, John: 2, Total: 23
Recent activity check:
- Log files updated in last minute: 0

=== Status Check at Sat Sep 13 08:57:23 PM PDT 2025 ===
Active John processes: 2 (Linux: 0, LM: 2)
Attack Status Summary:
- Linux SHA-512 attacks (aa-ah): 0 processes active
- Windows LM attacks (ai-ap): 2 processes active (may have completed)
- Passwords discovered: Linux (0/8), LM (0/8)
Process distribution: Hydra: 22, John: 2, Total: 24
Recent activity check:
- Log files updated in last minute: 1

=== Status Check at Sat Sep 13 08:58:23 PM PDT 2025 ===
Active John processes: 2 (Linux: 0, LM: 2)
Attack Status Summary:
- Linux SHA-512 attacks (aa-ah): 0 processes active
- Windows LM attacks (ai-ap): 2 processes active (may have completed)
- Passwords discovered: Linux (0/8), LM (0/8)
Process distribution: Hydra: 22, John: 2, Total: 24
Recent activity check:
- Log files updated in last minute: 0

=== Status Check at Sat Sep 13 08:59:23 PM PDT 2025 ===
Active John processes: 2 (Linux: 0, LM: 2)
Attack Status Summary:
- Linux SHA-512 attacks (aa-ah): 0 processes active
- Windows LM attacks (ai-ap): 2 processes active (may have completed)
- Passwords discovered: Linux (0/8), LM (0/8)
Process distribution: Hydra: 21, John: 2, Total: 23
Recent activity check:
- Log files updated in last minute: 0

=== Status Check at Sat Sep 13 09:00:23 PM PDT 2025 ===
Active John processes: 2 (Linux: 0, LM: 2)
Attack Status Summary:
- Linux SHA-512 attacks (aa-ah): 0 processes active
- Windows LM attacks (ai-ap): 2 processes active (may have completed)
- Passwords discovered: Linux (0/8), LM (0/8)
Process distribution: Hydra: 21, John: 2, Total: 23
Recent activity check:
- Log files updated in last minute: 1

=== Status Check at Sat Sep 13 09:01:23 PM PDT 2025 ===
Active John processes: 2 (Linux: 0, LM: 2)
Attack Status Summary:
- Linux SHA-512 attacks (aa-ah): 0 processes active
- Windows LM attacks (ai-ap): 2 processes active (may have completed)
- Passwords discovered: Linux (0/8), LM (0/8)
Process distribution: Hydra: 21, John: 2, Total: 23
Recent activity check:
- Log files updated in last minute: 0

=== Status Check at Sat Sep 13 09:02:24 PM PDT 2025 ===
Active John processes: 2 (Linux: 0, LM: 2)
Attack Status Summary:
- Linux SHA-512 attacks (aa-ah): 0 processes active
- Windows LM attacks (ai-ap): 2 processes active (may have completed)
- Passwords discovered: Linux (0/8), LM (0/8)
Process distribution: Hydra: 21, John: 2, Total: 23
Recent activity check:
- Log files updated in last minute: 0

=== Status Check at Sat Sep 13 09:03:24 PM PDT 2025 ===
Active John processes: 2 (Linux: 0, LM: 2)
Attack Status Summary:
- Linux SHA-512 attacks (aa-ah): 0 processes active
- Windows LM attacks (ai-ap): 2 processes active (may have completed)
- Passwords discovered: Linux (0/8), LM (0/8)
Process distribution: Hydra: 21, John: 2, Total: 23
Recent activity check:
- Log files updated in last minute: 1

=== Status Check at Sat Sep 13 09:04:24 PM PDT 2025 ===
Active John processes: 2 (Linux: 0, LM: 2)
Attack Status Summary:
- Linux SHA-512 attacks (aa-ah): 0 processes active
- Windows LM attacks (ai-ap): 2 processes active (may have completed)
- Passwords discovered: Linux (0/8), LM (0/8)
Process distribution: Hydra: 21, John: 2, Total: 23
Recent activity check:
- Log files updated in last minute: 0

=== Status Check at Sat Sep 13 09:05:24 PM PDT 2025 ===
Active John processes: 2 (Linux: 0, LM: 2)
Attack Status Summary:
- Linux SHA-512 attacks (aa-ah): 0 processes active
- Windows LM attacks (ai-ap): 2 processes active (may have completed)
- Passwords discovered: Linux (0/8), LM (0/8)
Process distribution: Hydra: 21, John: 2, Total: 23
Recent activity check:
- Log files updated in last minute: 1

=== Status Check at Sat Sep 13 09:06:24 PM PDT 2025 ===
Active John processes: 2 (Linux: 0, LM: 2)
Attack Status Summary:
- Linux SHA-512 attacks (aa-ah): 0 processes active
- Windows LM attacks (ai-ap): 2 processes active (may have completed)
- Passwords discovered: Linux (0/8), LM (0/8)
Process distribution: Hydra: 21, John: 2, Total: 23
Recent activity check:
- Log files updated in last minute: 0

=== Status Check at Sat Sep 13 09:07:24 PM PDT 2025 ===
Active John processes: 2 (Linux: 0, LM: 2)
Attack Status Summary:
- Linux SHA-512 attacks (aa-ah): 0 processes active
- Windows LM attacks (ai-ap): 2 processes active (may have completed)
- Passwords discovered: Linux (0/8), LM (0/8)
Process distribution: Hydra: 21, John: 2, Total: 23
Recent activity check:
- Log files updated in last minute: 0

=== Status Check at Sat Sep 13 09:08:24 PM PDT 2025 ===
Active John processes: 2 (Linux: 0, LM: 2)
Attack Status Summary:
- Linux SHA-512 attacks (aa-ah): 0 processes active
- Windows LM attacks (ai-ap): 2 processes active (may have completed)
- Passwords discovered: Linux (0/8), LM (0/8)
Process distribution: Hydra: 21, John: 2, Total: 23
Recent activity check:
- Log files updated in last minute: 1

=== Status Check at Sat Sep 13 09:09:24 PM PDT 2025 ===
Active John processes: 2 (Linux: 0, LM: 2)
Attack Status Summary:
- Linux SHA-512 attacks (aa-ah): 0 processes active
- Windows LM attacks (ai-ap): 2 processes active (may have completed)
- Passwords discovered: Linux (0/8), LM (0/8)
Process distribution: Hydra: 21, John: 2, Total: 23
Recent activity check:
- Log files updated in last minute: 0

=== Status Check at Sat Sep 13 09:10:24 PM PDT 2025 ===
Active John processes: 2 (Linux: 0, LM: 2)
Attack Status Summary:
- Linux SHA-512 attacks (aa-ah): 0 processes active
- Windows LM attacks (ai-ap): 2 processes active (may have completed)
- Passwords discovered: Linux (0/8), LM (0/8)
Process distribution: Hydra: 21, John: 2, Total: 23
Recent activity check:
- Log files updated in last minute: 0

=== Status Check at Sat Sep 13 09:11:24 PM PDT 2025 ===
Active John processes: 2 (Linux: 0, LM: 2)
Attack Status Summary:
- Linux SHA-512 attacks (aa-ah): 0 processes active
- Windows LM attacks (ai-ap): 2 processes active (may have completed)
- Passwords discovered: Linux (0/8), LM (0/8)
Process distribution: Hydra: 21, John: 2, Total: 23
Recent activity check:
- Log files updated in last minute: 1

=== Status Check at Sat Sep 13 09:12:25 PM PDT 2025 ===
Active John processes: 2 (Linux: 0, LM: 2)
Attack Status Summary:
- Linux SHA-512 attacks (aa-ah): 0 processes active
- Windows LM attacks (ai-ap): 2 processes active (may have completed)
- Passwords discovered: Linux (0/8), LM (0/8)
Process distribution: Hydra: 21, John: 2, Total: 23
Recent activity check:
- Log files updated in last minute: 0

=== Status Check at Sat Sep 13 09:13:25 PM PDT 2025 ===
Active John processes: 2 (Linux: 0, LM: 2)
Attack Status Summary:
- Linux SHA-512 attacks (aa-ah): 0 processes active
- Windows LM attacks (ai-ap): 2 processes active (may have completed)
- Passwords discovered: Linux (0/8), LM (0/8)
Process distribution: Hydra: 21, John: 2, Total: 23
Recent activity check:
- Log files updated in last minute: 1

=== Status Check at Sat Sep 13 09:14:25 PM PDT 2025 ===
Active John processes: 2 (Linux: 0, LM: 2)
Attack Status Summary:
- Linux SHA-512 attacks (aa-ah): 0 processes active
- Windows LM attacks (ai-ap): 2 processes active (may have completed)
- Passwords discovered: Linux (0/8), LM (0/8)
Process distribution: Hydra: 21, John: 2, Total: 23
Recent activity check:
- Log files updated in last minute: 1

=== Status Check at Sat Sep 13 09:15:25 PM PDT 2025 ===
Active John processes: 2 (Linux: 0, LM: 2)
Attack Status Summary:
- Linux SHA-512 attacks (aa-ah): 0 processes active
- Windows LM attacks (ai-ap): 2 processes active (may have completed)
- Passwords discovered: Linux (0/8), LM (0/8)
Process distribution: Hydra: 21, John: 2, Total: 23
Recent activity check:
- Log files updated in last minute: 0

=== Status Check at Sat Sep 13 09:16:25 PM PDT 2025 ===
Active John processes: 2 (Linux: 0, LM: 2)
Attack Status Summary:
- Linux SHA-512 attacks (aa-ah): 0 processes active
- Windows LM attacks (ai-ap): 2 processes active (may have completed)
- Passwords discovered: Linux (0/8), LM (0/8)
Process distribution: Hydra: 21, John: 2, Total: 23
Recent activity check:
- Log files updated in last minute: 0

=== Status Check at Sat Sep 13 09:17:25 PM PDT 2025 ===
Active John processes: 2 (Linux: 0, LM: 2)
Attack Status Summary:
- Linux SHA-512 attacks (aa-ah): 0 processes active
- Windows LM attacks (ai-ap): 2 processes active (may have completed)
- Passwords discovered: Linux (0/8), LM (0/8)
Process distribution: Hydra: 21, John: 2, Total: 23
Recent activity check:
- Log files updated in last minute: 1

=== Status Check at Sat Sep 13 09:18:25 PM PDT 2025 ===
Active John processes: 2 (Linux: 0, LM: 2)
Attack Status Summary:
- Linux SHA-512 attacks (aa-ah): 0 processes active
- Windows LM attacks (ai-ap): 2 processes active (may have completed)
- Passwords discovered: Linux (0/8), LM (0/8)
Process distribution: Hydra: 21, John: 2, Total: 23
Recent activity check:
- Log files updated in last minute: 0

=== Status Check at Sat Sep 13 09:19:25 PM PDT 2025 ===
Active John processes: 2 (Linux: 0, LM: 2)
Attack Status Summary:
- Linux SHA-512 attacks (aa-ah): 0 processes active
- Windows LM attacks (ai-ap): 2 processes active (may have completed)
- Passwords discovered: Linux (0/8), LM (0/8)
Process distribution: Hydra: 21, John: 2, Total: 23
Recent activity check:
- Log files updated in last minute: 0

=== Status Check at Sat Sep 13 09:20:25 PM PDT 2025 ===
Active John processes: 2 (Linux: 0, LM: 2)
Attack Status Summary:
- Linux SHA-512 attacks (aa-ah): 0 processes active
- Windows LM attacks (ai-ap): 2 processes active (may have completed)
- Passwords discovered: Linux (0/8), LM (0/8)
Process distribution: Hydra: 21, John: 2, Total: 23
Recent activity check:
- Log files updated in last minute: 1

=== Status Check at Sat Sep 13 09:21:26 PM PDT 2025 ===
Active John processes: 2 (Linux: 0, LM: 2)
Attack Status Summary:
- Linux SHA-512 attacks (aa-ah): 0 processes active
- Windows LM attacks (ai-ap): 2 processes active (may have completed)
- Passwords discovered: Linux (0/8), LM (0/8)
Process distribution: Hydra: 21, John: 2, Total: 23
Recent activity check:
- Log files updated in last minute: 0

=== Status Check at Sat Sep 13 09:22:26 PM PDT 2025 ===
Active John processes: 2 (Linux: 0, LM: 2)
Attack Status Summary:
- Linux SHA-512 attacks (aa-ah): 0 processes active
- Windows LM attacks (ai-ap): 2 processes active (may have completed)
- Passwords discovered: Linux (0/8), LM (0/8)
Process distribution: Hydra: 21, John: 2, Total: 23
Recent activity check:
- Log files updated in last minute: 0

=== Status Check at Sat Sep 13 09:23:26 PM PDT 2025 ===
Active John processes: 2 (Linux: 0, LM: 2)
Attack Status Summary:
- Linux SHA-512 attacks (aa-ah): 0 processes active
- Windows LM attacks (ai-ap): 2 processes active (may have completed)
- Passwords discovered: Linux (0/8), LM (0/8)
Process distribution: Hydra: 22, John: 2, Total: 24
Recent activity check:
- Log files updated in last minute: 1

=== Status Check at Sat Sep 13 09:24:26 PM PDT 2025 ===
Active John processes: 2 (Linux: 0, LM: 2)
Attack Status Summary:
- Linux SHA-512 attacks (aa-ah): 0 processes active
- Windows LM attacks (ai-ap): 2 processes active (may have completed)
- Passwords discovered: Linux (0/8), LM (0/8)
Process distribution: Hydra: 21, John: 2, Total: 23
Recent activity check:
- Log files updated in last minute: 0

=== Status Check at Sat Sep 13 09:25:26 PM PDT 2025 ===
Active John processes: 2 (Linux: 0, LM: 2)
Attack Status Summary:
- Linux SHA-512 attacks (aa-ah): 0 processes active
- Windows LM attacks (ai-ap): 2 processes active (may have completed)
- Passwords discovered: Linux (0/8), LM (0/8)
Process distribution: Hydra: 21, John: 2, Total: 23
Recent activity check:
- Log files updated in last minute: 0

=== Status Check at Sat Sep 13 09:26:26 PM PDT 2025 ===
Active John processes: 2 (Linux: 0, LM: 2)
Attack Status Summary:
- Linux SHA-512 attacks (aa-ah): 0 processes active
- Windows LM attacks (ai-ap): 2 processes active (may have completed)
- Passwords discovered: Linux (0/8), LM (0/8)
Process distribution: Hydra: 21, John: 2, Total: 23
Recent activity check:
- Log files updated in last minute: 1

=== Status Check at Sat Sep 13 09:27:26 PM PDT 2025 ===
Active John processes: 2 (Linux: 0, LM: 2)
Attack Status Summary:
- Linux SHA-512 attacks (aa-ah): 0 processes active
- Windows LM attacks (ai-ap): 2 processes active (may have completed)
- Passwords discovered: Linux (0/8), LM (0/8)
Process distribution: Hydra: 21, John: 2, Total: 23
Recent activity check:
- Log files updated in last minute: 0

=== Status Check at Sat Sep 13 09:28:26 PM PDT 2025 ===
Active John processes: 2 (Linux: 0, LM: 2)
Attack Status Summary:
- Linux SHA-512 attacks (aa-ah): 0 processes active
- Windows LM attacks (ai-ap): 2 processes active (may have completed)
- Passwords discovered: Linux (0/8), LM (0/8)
Process distribution: Hydra: 21, John: 2, Total: 23
Recent activity check:
- Log files updated in last minute: 0

=== Status Check at Sat Sep 13 09:29:26 PM PDT 2025 ===
Active John processes: 2 (Linux: 0, LM: 2)
Attack Status Summary:
- Linux SHA-512 attacks (aa-ah): 0 processes active
- Windows LM attacks (ai-ap): 2 processes active (may have completed)
- Passwords discovered: Linux (0/8), LM (0/8)
Process distribution: Hydra: 21, John: 2, Total: 23
Recent activity check:
- Log files updated in last minute: 1

=== Status Check at Sat Sep 13 09:30:27 PM PDT 2025 ===
Active John processes: 2 (Linux: 0, LM: 2)
Attack Status Summary:
- Linux SHA-512 attacks (aa-ah): 0 processes active
- Windows LM attacks (ai-ap): 2 processes active (may have completed)
- Passwords discovered: Linux (0/8), LM (0/8)
Process distribution: Hydra: 21, John: 2, Total: 23
Recent activity check:
- Log files updated in last minute: 0

=== Status Check at Sat Sep 13 09:31:27 PM PDT 2025 ===
Active John processes: 2 (Linux: 0, LM: 2)
Attack Status Summary:
- Linux SHA-512 attacks (aa-ah): 0 processes active
- Windows LM attacks (ai-ap): 2 processes active (may have completed)
- Passwords discovered: Linux (0/8), LM (0/8)
Process distribution: Hydra: 21, John: 2, Total: 23
Recent activity check:
- Log files updated in last minute: 0

=== Status Check at Sat Sep 13 09:32:27 PM PDT 2025 ===
Active John processes: 2 (Linux: 0, LM: 2)
Attack Status Summary:
- Linux SHA-512 attacks (aa-ah): 0 processes active
- Windows LM attacks (ai-ap): 2 processes active (may have completed)
- Passwords discovered: Linux (0/8), LM (0/8)
Process distribution: Hydra: 21, John: 2, Total: 23
Recent activity check:
- Log files updated in last minute: 1

=== Status Check at Sat Sep 13 09:33:27 PM PDT 2025 ===
Active John processes: 2 (Linux: 0, LM: 2)
Attack Status Summary:
- Linux SHA-512 attacks (aa-ah): 0 processes active
- Windows LM attacks (ai-ap): 2 processes active (may have completed)
- Passwords discovered: Linux (0/8), LM (0/8)
Process distribution: Hydra: 21, John: 2, Total: 23
Recent activity check:
- Log files updated in last minute: 1

=== Status Check at Sat Sep 13 09:34:27 PM PDT 2025 ===
Active John processes: 2 (Linux: 0, LM: 2)
Attack Status Summary:
- Linux SHA-512 attacks (aa-ah): 0 processes active
- Windows LM attacks (ai-ap): 2 processes active (may have completed)
- Passwords discovered: Linux (0/8), LM (0/8)
Process distribution: Hydra: 21, John: 2, Total: 23
Recent activity check:
- Log files updated in last minute: 0

=== Status Check at Sat Sep 13 09:35:27 PM PDT 2025 ===
Active John processes: 2 (Linux: 0, LM: 2)
Attack Status Summary:
- Linux SHA-512 attacks (aa-ah): 0 processes active
- Windows LM attacks (ai-ap): 2 processes active (may have completed)
- Passwords discovered: Linux (0/8), LM (0/8)
Process distribution: Hydra: 21, John: 2, Total: 23
Recent activity check:
- Log files updated in last minute: 0

=== Status Check at Sat Sep 13 09:36:27 PM PDT 2025 ===
Active John processes: 2 (Linux: 0, LM: 2)
Attack Status Summary:
- Linux SHA-512 attacks (aa-ah): 0 processes active
- Windows LM attacks (ai-ap): 2 processes active (may have completed)
- Passwords discovered: Linux (0/8), LM (0/8)
Process distribution: Hydra: 21, John: 2, Total: 23
Recent activity check:
- Log files updated in last minute: 1

=== Status Check at Sat Sep 13 09:37:27 PM PDT 2025 ===
Active John processes: 2 (Linux: 0, LM: 2)
Attack Status Summary:
- Linux SHA-512 attacks (aa-ah): 0 processes active
- Windows LM attacks (ai-ap): 2 processes active (may have completed)
- Passwords discovered: Linux (0/8), LM (0/8)
Process distribution: Hydra: 21, John: 2, Total: 23
Recent activity check:
- Log files updated in last minute: 0

=== Status Check at Sat Sep 13 09:38:27 PM PDT 2025 ===
Active John processes: 2 (Linux: 0, LM: 2)
Attack Status Summary:
- Linux SHA-512 attacks (aa-ah): 0 processes active
- Windows LM attacks (ai-ap): 2 processes active (may have completed)
- Passwords discovered: Linux (0/8), LM (0/8)
Process distribution: Hydra: 21, John: 2, Total: 23
Recent activity check:
- Log files updated in last minute: 0

=== Status Check at Sat Sep 13 09:39:28 PM PDT 2025 ===
Active John processes: 2 (Linux: 0, LM: 2)
Attack Status Summary:
- Linux SHA-512 attacks (aa-ah): 0 processes active
- Windows LM attacks (ai-ap): 2 processes active (may have completed)
- Passwords discovered: Linux (0/8), LM (0/8)
Process distribution: Hydra: 21, John: 2, Total: 23
Recent activity check:
- Log files updated in last minute: 1

=== Status Check at Sat Sep 13 09:40:28 PM PDT 2025 ===
Active John processes: 2 (Linux: 0, LM: 2)
Attack Status Summary:
- Linux SHA-512 attacks (aa-ah): 0 processes active
- Windows LM attacks (ai-ap): 2 processes active (may have completed)
- Passwords discovered: Linux (0/8), LM (0/8)
Process distribution: Hydra: 21, John: 2, Total: 23
Recent activity check:
- Log files updated in last minute: 0

=== Status Check at Sat Sep 13 09:41:28 PM PDT 2025 ===
Active John processes: 2 (Linux: 0, LM: 2)
Attack Status Summary:
- Linux SHA-512 attacks (aa-ah): 0 processes active
- Windows LM attacks (ai-ap): 2 processes active (may have completed)
- Passwords discovered: Linux (0/8), LM (0/8)
Process distribution: Hydra: 21, John: 2, Total: 23
Recent activity check:
- Log files updated in last minute: 0

=== Status Check at Sat Sep 13 09:42:28 PM PDT 2025 ===
Active John processes: 2 (Linux: 0, LM: 2)
Attack Status Summary:
- Linux SHA-512 attacks (aa-ah): 0 processes active
- Windows LM attacks (ai-ap): 2 processes active (may have completed)
- Passwords discovered: Linux (0/8), LM (0/8)
Process distribution: Hydra: 21, John: 2, Total: 23
Recent activity check:
- Log files updated in last minute: 1

=== Status Check at Sat Sep 13 09:43:28 PM PDT 2025 ===
Active John processes: 2 (Linux: 0, LM: 2)
Attack Status Summary:
- Linux SHA-512 attacks (aa-ah): 0 processes active
- Windows LM attacks (ai-ap): 2 processes active (may have completed)
- Passwords discovered: Linux (0/8), LM (0/8)
Process distribution: Hydra: 21, John: 2, Total: 23
Recent activity check:
- Log files updated in last minute: 0

=== Status Check at Sat Sep 13 09:44:28 PM PDT 2025 ===
Active John processes: 2 (Linux: 0, LM: 2)
Attack Status Summary:
- Linux SHA-512 attacks (aa-ah): 0 processes active
- Windows LM attacks (ai-ap): 2 processes active (may have completed)
- Passwords discovered: Linux (0/8), LM (0/8)
Process distribution: Hydra: 21, John: 2, Total: 23
Recent activity check:
- Log files updated in last minute: 0

=== Status Check at Sat Sep 13 09:45:28 PM PDT 2025 ===
Active John processes: 2 (Linux: 0, LM: 2)
Attack Status Summary:
- Linux SHA-512 attacks (aa-ah): 0 processes active
- Windows LM attacks (ai-ap): 2 processes active (may have completed)
- Passwords discovered: Linux (0/8), LM (0/8)
Process distribution: Hydra: 21, John: 2, Total: 23
Recent activity check:
- Log files updated in last minute: 0

=== Status Check at Sat Sep 13 09:46:28 PM PDT 2025 ===
Active John processes: 2 (Linux: 0, LM: 2)
Attack Status Summary:
- Linux SHA-512 attacks (aa-ah): 0 processes active
- Windows LM attacks (ai-ap): 2 processes active (may have completed)
- Passwords discovered: Linux (0/8), LM (0/8)
Process distribution: Hydra: 21, John: 2, Total: 23
Recent activity check:
- Log files updated in last minute: 1

=== Status Check at Sat Sep 13 09:47:28 PM PDT 2025 ===
Active John processes: 2 (Linux: 0, LM: 2)
Attack Status Summary:
- Linux SHA-512 attacks (aa-ah): 0 processes active
- Windows LM attacks (ai-ap): 2 processes active (may have completed)
- Passwords discovered: Linux (0/8), LM (0/8)
Process distribution: Hydra: 21, John: 2, Total: 23
Recent activity check:
- Log files updated in last minute: 0

=== Status Check at Sat Sep 13 09:48:28 PM PDT 2025 ===
Active John processes: 2 (Linux: 0, LM: 2)
Attack Status Summary:
- Linux SHA-512 attacks (aa-ah): 0 processes active
- Windows LM attacks (ai-ap): 2 processes active (may have completed)
- Passwords discovered: Linux (0/8), LM (0/8)
Process distribution: Hydra: 21, John: 2, Total: 23
Recent activity check:
- Log files updated in last minute: 0

=== Status Check at Sat Sep 13 09:49:29 PM PDT 2025 ===
Active John processes: 2 (Linux: 0, LM: 2)
Attack Status Summary:
- Linux SHA-512 attacks (aa-ah): 0 processes active
- Windows LM attacks (ai-ap): 2 processes active (may have completed)
- Passwords discovered: Linux (0/8), LM (0/8)
Process distribution: Hydra: 21, John: 2, Total: 23
Recent activity check:
- Log files updated in last minute: 0

=== Status Check at Sat Sep 13 09:50:29 PM PDT 2025 ===
Active John processes: 2 (Linux: 0, LM: 2)
Attack Status Summary:
- Linux SHA-512 attacks (aa-ah): 0 processes active
- Windows LM attacks (ai-ap): 2 processes active (may have completed)
- Passwords discovered: Linux (0/8), LM (0/8)
Process distribution: Hydra: 21, John: 2, Total: 23
Recent activity check:
- Log files updated in last minute: 1

=== Status Check at Sat Sep 13 09:51:29 PM PDT 2025 ===
Active John processes: 2 (Linux: 0, LM: 2)
Attack Status Summary:
- Linux SHA-512 attacks (aa-ah): 0 processes active
- Windows LM attacks (ai-ap): 2 processes active (may have completed)
- Passwords discovered: Linux (0/8), LM (0/8)
Process distribution: Hydra: 21, John: 2, Total: 23
Recent activity check:
- Log files updated in last minute: 0

=== Status Check at Sat Sep 13 09:52:29 PM PDT 2025 ===
Active John processes: 2 (Linux: 0, LM: 2)
Attack Status Summary:
- Linux SHA-512 attacks (aa-ah): 0 processes active
- Windows LM attacks (ai-ap): 2 processes active (may have completed)
- Passwords discovered: Linux (0/8), LM (0/8)
Process distribution: Hydra: 21, John: 2, Total: 23
Recent activity check:
- Log files updated in last minute: 0

=== Status Check at Sat Sep 13 09:53:29 PM PDT 2025 ===
Active John processes: 2 (Linux: 0, LM: 2)
Attack Status Summary:
- Linux SHA-512 attacks (aa-ah): 0 processes active
- Windows LM attacks (ai-ap): 2 processes active (may have completed)
- Passwords discovered: Linux (0/8), LM (0/8)
Process distribution: Hydra: 21, John: 2, Total: 23
Recent activity check:
- Log files updated in last minute: 1

=== Status Check at Sat Sep 13 09:54:29 PM PDT 2025 ===
Active John processes: 2 (Linux: 0, LM: 2)
Attack Status Summary:
- Linux SHA-512 attacks (aa-ah): 0 processes active
- Windows LM attacks (ai-ap): 2 processes active (may have completed)
- Passwords discovered: Linux (0/8), LM (0/8)
Process distribution: Hydra: 21, John: 2, Total: 23
Recent activity check:
- Log files updated in last minute: 0

=== Status Check at Sat Sep 13 09:55:29 PM PDT 2025 ===
Active John processes: 2 (Linux: 0, LM: 2)
Attack Status Summary:
- Linux SHA-512 attacks (aa-ah): 0 processes active
- Windows LM attacks (ai-ap): 2 processes active (may have completed)
- Passwords discovered: Linux (0/8), LM (0/8)
Process distribution: Hydra: 21, John: 2, Total: 23
Recent activity check:
- Log files updated in last minute: 0

=== Status Check at Sat Sep 13 09:56:29 PM PDT 2025 ===
Active John processes: 2 (Linux: 0, LM: 2)
Attack Status Summary:
- Linux SHA-512 attacks (aa-ah): 0 processes active
- Windows LM attacks (ai-ap): 2 processes active (may have completed)
- Passwords discovered: Linux (0/8), LM (0/8)
Process distribution: Hydra: 21, John: 2, Total: 23
Recent activity check:
- Log files updated in last minute: 1

=== Status Check at Sat Sep 13 09:57:29 PM PDT 2025 ===
Active John processes: 2 (Linux: 0, LM: 2)
Attack Status Summary:
- Linux SHA-512 attacks (aa-ah): 0 processes active
- Windows LM attacks (ai-ap): 2 processes active (may have completed)
- Passwords discovered: Linux (0/8), LM (0/8)
Process distribution: Hydra: 21, John: 2, Total: 23
Recent activity check:
- Log files updated in last minute: 0

=== Status Check at Sat Sep 13 09:58:30 PM PDT 2025 ===
Active John processes: 2 (Linux: 0, LM: 2)
Attack Status Summary:
- Linux SHA-512 attacks (aa-ah): 0 processes active
- Windows LM attacks (ai-ap): 2 processes active (may have completed)
- Passwords discovered: Linux (0/8), LM (0/8)
Process distribution: Hydra: 21, John: 2, Total: 23
Recent activity check:
- Log files updated in last minute: 0

=== Status Check at Sat Sep 13 09:59:30 PM PDT 2025 ===
Active John processes: 2 (Linux: 0, LM: 2)
Attack Status Summary:
- Linux SHA-512 attacks (aa-ah): 0 processes active
- Windows LM attacks (ai-ap): 2 processes active (may have completed)
- Passwords discovered: Linux (0/8), LM (0/8)
Process distribution: Hydra: 21, John: 2, Total: 23
Recent activity check:
- Log files updated in last minute: 0

=== Status Check at Sat Sep 13 10:00:30 PM PDT 2025 ===
Active John processes: 2 (Linux: 0, LM: 2)
Attack Status Summary:
- Linux SHA-512 attacks (aa-ah): 0 processes active
- Windows LM attacks (ai-ap): 2 processes active (may have completed)
- Passwords discovered: Linux (0/8), LM (0/8)
Process distribution: Hydra: 21, John: 2, Total: 23
Recent activity check:
- Log files updated in last minute: 1

=== Status Check at Sat Sep 13 10:01:30 PM PDT 2025 ===
Active John processes: 2 (Linux: 0, LM: 2)
Attack Status Summary:
- Linux SHA-512 attacks (aa-ah): 0 processes active
- Windows LM attacks (ai-ap): 2 processes active (may have completed)
- Passwords discovered: Linux (0/8), LM (0/8)
Process distribution: Hydra: 21, John: 2, Total: 23
Recent activity check:
- Log files updated in last minute: 0

=== Status Check at Sat Sep 13 10:02:30 PM PDT 2025 ===
Active John processes: 2 (Linux: 0, LM: 2)
Attack Status Summary:
- Linux SHA-512 attacks (aa-ah): 0 processes active
- Windows LM attacks (ai-ap): 2 processes active (may have completed)
- Passwords discovered: Linux (0/8), LM (0/8)
Process distribution: Hydra: 21, John: 2, Total: 23
Recent activity check:
- Log files updated in last minute: 0

=== Status Check at Sat Sep 13 10:03:30 PM PDT 2025 ===
Active John processes: 2 (Linux: 0, LM: 2)
Attack Status Summary:
- Linux SHA-512 attacks (aa-ah): 0 processes active
- Windows LM attacks (ai-ap): 2 processes active (may have completed)
- Passwords discovered: Linux (0/8), LM (0/8)
Process distribution: Hydra: 21, John: 2, Total: 23
Recent activity check:
- Log files updated in last minute: 0

=== Status Check at Sat Sep 13 10:04:30 PM PDT 2025 ===
Active John processes: 2 (Linux: 0, LM: 2)
Attack Status Summary:
- Linux SHA-512 attacks (aa-ah): 0 processes active
- Windows LM attacks (ai-ap): 2 processes active (may have completed)
- Passwords discovered: Linux (0/8), LM (0/8)
Process distribution: Hydra: 21, John: 2, Total: 23
Recent activity check:
- Log files updated in last minute: 1

=== Status Check at Sat Sep 13 10:05:30 PM PDT 2025 ===
Active John processes: 2 (Linux: 0, LM: 2)
Attack Status Summary:
- Linux SHA-512 attacks (aa-ah): 0 processes active
- Windows LM attacks (ai-ap): 2 processes active (may have completed)
- Passwords discovered: Linux (0/8), LM (0/8)
Process distribution: Hydra: 21, John: 2, Total: 23
Recent activity check:
- Log files updated in last minute: 0

=== Status Check at Sat Sep 13 10:06:30 PM PDT 2025 ===
Active John processes: 2 (Linux: 0, LM: 2)
Attack Status Summary:
- Linux SHA-512 attacks (aa-ah): 0 processes active
- Windows LM attacks (ai-ap): 2 processes active (may have completed)
- Passwords discovered: Linux (0/8), LM (0/8)
Process distribution: Hydra: 21, John: 2, Total: 23
Recent activity check:
- Log files updated in last minute: 0

=== Status Check at Sat Sep 13 10:07:31 PM PDT 2025 ===
Active John processes: 2 (Linux: 0, LM: 2)
Attack Status Summary:
- Linux SHA-512 attacks (aa-ah): 0 processes active
- Windows LM attacks (ai-ap): 2 processes active (may have completed)
- Passwords discovered: Linux (0/8), LM (0/8)
Process distribution: Hydra: 21, John: 2, Total: 23
Recent activity check:
- Log files updated in last minute: 0

=== Status Check at Sat Sep 13 10:08:31 PM PDT 2025 ===
Active John processes: 2 (Linux: 0, LM: 2)
Attack Status Summary:
- Linux SHA-512 attacks (aa-ah): 0 processes active
- Windows LM attacks (ai-ap): 2 processes active (may have completed)
- Passwords discovered: Linux (0/8), LM (0/8)
Process distribution: Hydra: 21, John: 2, Total: 23
Recent activity check:
- Log files updated in last minute: 1

=== Status Check at Sat Sep 13 10:09:31 PM PDT 2025 ===
Active John processes: 2 (Linux: 0, LM: 2)
Attack Status Summary:
- Linux SHA-512 attacks (aa-ah): 0 processes active
- Windows LM attacks (ai-ap): 2 processes active (may have completed)
- Passwords discovered: Linux (0/8), LM (0/8)
Process distribution: Hydra: 21, John: 2, Total: 23
Recent activity check:
- Log files updated in last minute: 0

=== Status Check at Sat Sep 13 10:10:31 PM PDT 2025 ===
Active John processes: 2 (Linux: 0, LM: 2)
Attack Status Summary:
- Linux SHA-512 attacks (aa-ah): 0 processes active
- Windows LM attacks (ai-ap): 2 processes active (may have completed)
- Passwords discovered: Linux (0/8), LM (0/8)
Process distribution: Hydra: 21, John: 2, Total: 23
Recent activity check:
- Log files updated in last minute: 0

=== Status Check at Sat Sep 13 10:11:31 PM PDT 2025 ===
Active John processes: 2 (Linux: 0, LM: 2)
Attack Status Summary:
- Linux SHA-512 attacks (aa-ah): 0 processes active
- Windows LM attacks (ai-ap): 2 processes active (may have completed)
- Passwords discovered: Linux (0/8), LM (0/8)
Process distribution: Hydra: 21, John: 2, Total: 23
Recent activity check:
- Log files updated in last minute: 1

=== Status Check at Sat Sep 13 10:12:31 PM PDT 2025 ===
Active John processes: 2 (Linux: 0, LM: 2)
Attack Status Summary:
- Linux SHA-512 attacks (aa-ah): 0 processes active
- Windows LM attacks (ai-ap): 2 processes active (may have completed)
- Passwords discovered: Linux (0/8), LM (0/8)
Process distribution: Hydra: 21, John: 2, Total: 23
Recent activity check:
- Log files updated in last minute: 0

=== Status Check at Sat Sep 13 10:13:31 PM PDT 2025 ===
Active John processes: 2 (Linux: 0, LM: 2)
Attack Status Summary:
- Linux SHA-512 attacks (aa-ah): 0 processes active
- Windows LM attacks (ai-ap): 2 processes active (may have completed)
- Passwords discovered: Linux (0/8), LM (0/8)
Process distribution: Hydra: 21, John: 2, Total: 23
Recent activity check:
- Log files updated in last minute: 0

=== Status Check at Sat Sep 13 10:14:31 PM PDT 2025 ===
Active John processes: 2 (Linux: 0, LM: 2)
Attack Status Summary:
- Linux SHA-512 attacks (aa-ah): 0 processes active
- Windows LM attacks (ai-ap): 2 processes active (may have completed)
- Passwords discovered: Linux (0/8), LM (0/8)
Process distribution: Hydra: 21, John: 2, Total: 23
Recent activity check:
- Log files updated in last minute: 0

=== Status Check at Sat Sep 13 10:15:31 PM PDT 2025 ===
Active John processes: 2 (Linux: 0, LM: 2)
Attack Status Summary:
- Linux SHA-512 attacks (aa-ah): 0 processes active
- Windows LM attacks (ai-ap): 2 processes active (may have completed)
- Passwords discovered: Linux (0/8), LM (0/8)
Process distribution: Hydra: 21, John: 2, Total: 23
Recent activity check:
- Log files updated in last minute: 1

=== Status Check at Sat Sep 13 10:16:31 PM PDT 2025 ===
Active John processes: 2 (Linux: 0, LM: 2)
Attack Status Summary:
- Linux SHA-512 attacks (aa-ah): 0 processes active
- Windows LM attacks (ai-ap): 2 processes active (may have completed)
- Passwords discovered: Linux (0/8), LM (0/8)
Process distribution: Hydra: 21, John: 2, Total: 23
Recent activity check:
- Log files updated in last minute: 0

=== Status Check at Sat Sep 13 10:17:32 PM PDT 2025 ===
Active John processes: 2 (Linux: 0, LM: 2)
Attack Status Summary:
- Linux SHA-512 attacks (aa-ah): 0 processes active
- Windows LM attacks (ai-ap): 2 processes active (may have completed)
- Passwords discovered: Linux (0/8), LM (0/8)
Process distribution: Hydra: 21, John: 2, Total: 23
Recent activity check:
- Log files updated in last minute: 0

=== Status Check at Sat Sep 13 10:18:32 PM PDT 2025 ===
Active John processes: 2 (Linux: 0, LM: 2)
Attack Status Summary:
- Linux SHA-512 attacks (aa-ah): 0 processes active
- Windows LM attacks (ai-ap): 2 processes active (may have completed)
- Passwords discovered: Linux (0/8), LM (0/8)
Process distribution: Hydra: 21, John: 2, Total: 23
Recent activity check:
- Log files updated in last minute: 0

=== Status Check at Sat Sep 13 10:19:32 PM PDT 2025 ===
Active John processes: 2 (Linux: 0, LM: 2)
Attack Status Summary:
- Linux SHA-512 attacks (aa-ah): 0 processes active
- Windows LM attacks (ai-ap): 2 processes active (may have completed)
- Passwords discovered: Linux (0/8), LM (0/8)
Process distribution: Hydra: 21, John: 2, Total: 23
Recent activity check:
- Log files updated in last minute: 1

=== Status Check at Sat Sep 13 10:20:32 PM PDT 2025 ===
Active John processes: 2 (Linux: 0, LM: 2)
Attack Status Summary:
- Linux SHA-512 attacks (aa-ah): 0 processes active
- Windows LM attacks (ai-ap): 2 processes active (may have completed)
- Passwords discovered: Linux (0/8), LM (0/8)
Process distribution: Hydra: 21, John: 2, Total: 23
Recent activity check:
- Log files updated in last minute: 0

=== Status Check at Sat Sep 13 10:21:32 PM PDT 2025 ===
Active John processes: 2 (Linux: 0, LM: 2)
Attack Status Summary:
- Linux SHA-512 attacks (aa-ah): 0 processes active
- Windows LM attacks (ai-ap): 2 processes active (may have completed)
- Passwords discovered: Linux (0/8), LM (0/8)
Process distribution: Hydra: 21, John: 2, Total: 23
Recent activity check:
- Log files updated in last minute: 0

=== Status Check at Sat Sep 13 10:22:32 PM PDT 2025 ===
Active John processes: 2 (Linux: 0, LM: 2)
Attack Status Summary:
- Linux SHA-512 attacks (aa-ah): 0 processes active
- Windows LM attacks (ai-ap): 2 processes active (may have completed)
- Passwords discovered: Linux (0/8), LM (0/8)
Process distribution: Hydra: 21, John: 2, Total: 23
Recent activity check:
- Log files updated in last minute: 0

=== Status Check at Sat Sep 13 10:23:32 PM PDT 2025 ===
Active John processes: 2 (Linux: 0, LM: 2)
Attack Status Summary:
- Linux SHA-512 attacks (aa-ah): 0 processes active
- Windows LM attacks (ai-ap): 2 processes active (may have completed)
- Passwords discovered: Linux (0/8), LM (0/8)
Process distribution: Hydra: 21, John: 2, Total: 23
Recent activity check:
- Log files updated in last minute: 1

=== Status Check at Sat Sep 13 10:24:32 PM PDT 2025 ===
Active John processes: 2 (Linux: 0, LM: 2)
Attack Status Summary:
- Linux SHA-512 attacks (aa-ah): 0 processes active
- Windows LM attacks (ai-ap): 2 processes active (may have completed)
- Passwords discovered: Linux (0/8), LM (0/8)
Process distribution: Hydra: 21, John: 2, Total: 23
Recent activity check:
- Log files updated in last minute: 0

=== Status Check at Sat Sep 13 10:25:32 PM PDT 2025 ===
Active John processes: 2 (Linux: 0, LM: 2)
Attack Status Summary:
- Linux SHA-512 attacks (aa-ah): 0 processes active
- Windows LM attacks (ai-ap): 2 processes active (may have completed)
- Passwords discovered: Linux (0/8), LM (0/8)
Process distribution: Hydra: 21, John: 2, Total: 23
Recent activity check:
- Log files updated in last minute: 0

=== Status Check at Sat Sep 13 10:26:33 PM PDT 2025 ===
Active John processes: 2 (Linux: 0, LM: 2)
Attack Status Summary:
- Linux SHA-512 attacks (aa-ah): 0 processes active
- Windows LM attacks (ai-ap): 2 processes active (may have completed)
- Passwords discovered: Linux (0/8), LM (0/8)
Process distribution: Hydra: 21, John: 2, Total: 23
Recent activity check:
- Log files updated in last minute: 0

=== Status Check at Sat Sep 13 10:27:33 PM PDT 2025 ===
Active John processes: 2 (Linux: 0, LM: 2)
Attack Status Summary:
- Linux SHA-512 attacks (aa-ah): 0 processes active
- Windows LM attacks (ai-ap): 2 processes active (may have completed)
- Passwords discovered: Linux (0/8), LM (0/8)
Process distribution: Hydra: 21, John: 2, Total: 23
Recent activity check:
- Log files updated in last minute: 1

=== Status Check at Sat Sep 13 10:28:33 PM PDT 2025 ===
Active John processes: 2 (Linux: 0, LM: 2)
Attack Status Summary:
- Linux SHA-512 attacks (aa-ah): 0 processes active
- Windows LM attacks (ai-ap): 2 processes active (may have completed)
- Passwords discovered: Linux (0/8), LM (0/8)
Process distribution: Hydra: 21, John: 2, Total: 23
Recent activity check:
- Log files updated in last minute: 0

=== Status Check at Sat Sep 13 10:29:33 PM PDT 2025 ===
Active John processes: 2 (Linux: 0, LM: 2)
Attack Status Summary:
- Linux SHA-512 attacks (aa-ah): 0 processes active
- Windows LM attacks (ai-ap): 2 processes active (may have completed)
- Passwords discovered: Linux (0/8), LM (0/8)
Process distribution: Hydra: 21, John: 2, Total: 23
Recent activity check:
- Log files updated in last minute: 0

=== Status Check at Sat Sep 13 10:30:33 PM PDT 2025 ===
Active John processes: 2 (Linux: 0, LM: 2)
Attack Status Summary:
- Linux SHA-512 attacks (aa-ah): 0 processes active
- Windows LM attacks (ai-ap): 2 processes active (may have completed)
- Passwords discovered: Linux (0/8), LM (0/8)
Process distribution: Hydra: 21, John: 2, Total: 23
Recent activity check:
- Log files updated in last minute: 0

=== Status Check at Sat Sep 13 10:31:33 PM PDT 2025 ===
Active John processes: 2 (Linux: 0, LM: 2)
Attack Status Summary:
- Linux SHA-512 attacks (aa-ah): 0 processes active
- Windows LM attacks (ai-ap): 2 processes active (may have completed)
- Passwords discovered: Linux (0/8), LM (0/8)
Process distribution: Hydra: 21, John: 2, Total: 23
Recent activity check:
- Log files updated in last minute: 1

=== Status Check at Sat Sep 13 10:32:33 PM PDT 2025 ===
Active John processes: 2 (Linux: 0, LM: 2)
Attack Status Summary:
- Linux SHA-512 attacks (aa-ah): 0 processes active
- Windows LM attacks (ai-ap): 2 processes active (may have completed)
- Passwords discovered: Linux (0/8), LM (0/8)
Process distribution: Hydra: 21, John: 2, Total: 23
Recent activity check:
- Log files updated in last minute: 0

=== Status Check at Sat Sep 13 10:33:33 PM PDT 2025 ===
Active John processes: 2 (Linux: 0, LM: 2)
Attack Status Summary:
- Linux SHA-512 attacks (aa-ah): 0 processes active
- Windows LM attacks (ai-ap): 2 processes active (may have completed)
- Passwords discovered: Linux (0/8), LM (0/8)
Process distribution: Hydra: 21, John: 2, Total: 23
Recent activity check:
- Log files updated in last minute: 0

=== Status Check at Sat Sep 13 10:34:33 PM PDT 2025 ===
Active John processes: 2 (Linux: 0, LM: 2)
Attack Status Summary:
- Linux SHA-512 attacks (aa-ah): 0 processes active
- Windows LM attacks (ai-ap): 2 processes active (may have completed)
- Passwords discovered: Linux (0/8), LM (0/8)
Process distribution: Hydra: 21, John: 2, Total: 23
Recent activity check:
- Log files updated in last minute: 0

=== Status Check at Sat Sep 13 10:35:34 PM PDT 2025 ===
Active John processes: 2 (Linux: 0, LM: 2)
Attack Status Summary:
- Linux SHA-512 attacks (aa-ah): 0 processes active
- Windows LM attacks (ai-ap): 2 processes active (may have completed)
- Passwords discovered: Linux (0/8), LM (0/8)
Process distribution: Hydra: 21, John: 2, Total: 23
Recent activity check:
- Log files updated in last minute: 1

=== Status Check at Sat Sep 13 10:36:34 PM PDT 2025 ===
Active John processes: 2 (Linux: 0, LM: 2)
Attack Status Summary:
- Linux SHA-512 attacks (aa-ah): 0 processes active
- Windows LM attacks (ai-ap): 2 processes active (may have completed)
- Passwords discovered: Linux (0/8), LM (0/8)
Process distribution: Hydra: 21, John: 2, Total: 23
Recent activity check:
- Log files updated in last minute: 0

=== Status Check at Sat Sep 13 10:37:34 PM PDT 2025 ===
Active John processes: 2 (Linux: 0, LM: 2)
Attack Status Summary:
- Linux SHA-512 attacks (aa-ah): 0 processes active
- Windows LM attacks (ai-ap): 2 processes active (may have completed)
- Passwords discovered: Linux (0/8), LM (0/8)
Process distribution: Hydra: 21, John: 2, Total: 23
Recent activity check:
- Log files updated in last minute: 0

=== Status Check at Sat Sep 13 10:38:34 PM PDT 2025 ===
Active John processes: 2 (Linux: 0, LM: 2)
Attack Status Summary:
- Linux SHA-512 attacks (aa-ah): 0 processes active
- Windows LM attacks (ai-ap): 2 processes active (may have completed)
- Passwords discovered: Linux (0/8), LM (0/8)
Process distribution: Hydra: 21, John: 2, Total: 23
Recent activity check:
- Log files updated in last minute: 0

=== Status Check at Sat Sep 13 10:39:34 PM PDT 2025 ===
Active John processes: 2 (Linux: 0, LM: 2)
Attack Status Summary:
- Linux SHA-512 attacks (aa-ah): 0 processes active
- Windows LM attacks (ai-ap): 2 processes active (may have completed)
- Passwords discovered: Linux (0/8), LM (0/8)
Process distribution: Hydra: 21, John: 2, Total: 23
Recent activity check:
- Log files updated in last minute: 1

=== Status Check at Sat Sep 13 10:40:34 PM PDT 2025 ===
Active John processes: 2 (Linux: 0, LM: 2)
Attack Status Summary:
- Linux SHA-512 attacks (aa-ah): 0 processes active
- Windows LM attacks (ai-ap): 2 processes active (may have completed)
- Passwords discovered: Linux (0/8), LM (0/8)
Process distribution: Hydra: 21, John: 2, Total: 23
Recent activity check:
- Log files updated in last minute: 1

=== Status Check at Sat Sep 13 10:41:34 PM PDT 2025 ===
Active John processes: 2 (Linux: 0, LM: 2)
Attack Status Summary:
- Linux SHA-512 attacks (aa-ah): 0 processes active
- Windows LM attacks (ai-ap): 2 processes active (may have completed)
- Passwords discovered: Linux (0/8), LM (0/8)
Process distribution: Hydra: 21, John: 2, Total: 23
Recent activity check:
- Log files updated in last minute: 0

=== Status Check at Sat Sep 13 10:42:34 PM PDT 2025 ===
Active John processes: 2 (Linux: 0, LM: 2)
Attack Status Summary:
- Linux SHA-512 attacks (aa-ah): 0 processes active
- Windows LM attacks (ai-ap): 2 processes active (may have completed)
- Passwords discovered: Linux (0/8), LM (0/8)
Process distribution: Hydra: 21, John: 2, Total: 23
Recent activity check:
- Log files updated in last minute: 0

=== Status Check at Sat Sep 13 10:43:34 PM PDT 2025 ===
Active John processes: 2 (Linux: 0, LM: 2)
Attack Status Summary:
- Linux SHA-512 attacks (aa-ah): 0 processes active
- Windows LM attacks (ai-ap): 2 processes active (may have completed)
- Passwords discovered: Linux (0/8), LM (0/8)
Process distribution: Hydra: 21, John: 2, Total: 23
Recent activity check:
- Log files updated in last minute: 0

=== Status Check at Sat Sep 13 10:44:35 PM PDT 2025 ===
Active John processes: 2 (Linux: 0, LM: 2)
Attack Status Summary:
- Linux SHA-512 attacks (aa-ah): 0 processes active
- Windows LM attacks (ai-ap): 2 processes active (may have completed)
- Passwords discovered: Linux (0/8), LM (0/8)
Process distribution: Hydra: 21, John: 2, Total: 23
Recent activity check:
- Log files updated in last minute: 1

=== Status Check at Sat Sep 13 10:45:35 PM PDT 2025 ===
Active John processes: 2 (Linux: 0, LM: 2)
Attack Status Summary:
- Linux SHA-512 attacks (aa-ah): 0 processes active
- Windows LM attacks (ai-ap): 2 processes active (may have completed)
- Passwords discovered: Linux (0/8), LM (0/8)
Process distribution: Hydra: 21, John: 2, Total: 23
Recent activity check:
- Log files updated in last minute: 0

=== Status Check at Sat Sep 13 10:46:35 PM PDT 2025 ===
Active John processes: 2 (Linux: 0, LM: 2)
Attack Status Summary:
- Linux SHA-512 attacks (aa-ah): 0 processes active
- Windows LM attacks (ai-ap): 2 processes active (may have completed)
- Passwords discovered: Linux (0/8), LM (0/8)
Process distribution: Hydra: 21, John: 2, Total: 23
Recent activity check:
- Log files updated in last minute: 0

=== Status Check at Sat Sep 13 10:47:35 PM PDT 2025 ===
Active John processes: 2 (Linux: 0, LM: 2)
Attack Status Summary:
- Linux SHA-512 attacks (aa-ah): 0 processes active
- Windows LM attacks (ai-ap): 2 processes active (may have completed)
- Passwords discovered: Linux (0/8), LM (0/8)
Process distribution: Hydra: 21, John: 2, Total: 23
Recent activity check:
- Log files updated in last minute: 0

=== Status Check at Sat Sep 13 10:48:35 PM PDT 2025 ===
Active John processes: 2 (Linux: 0, LM: 2)
Attack Status Summary:
- Linux SHA-512 attacks (aa-ah): 0 processes active
- Windows LM attacks (ai-ap): 2 processes active (may have completed)
- Passwords discovered: Linux (0/8), LM (0/8)
Process distribution: Hydra: 21, John: 2, Total: 23
Recent activity check:
- Log files updated in last minute: 1

=== Status Check at Sat Sep 13 10:49:35 PM PDT 2025 ===
Active John processes: 2 (Linux: 0, LM: 2)
Attack Status Summary:
- Linux SHA-512 attacks (aa-ah): 0 processes active
- Windows LM attacks (ai-ap): 2 processes active (may have completed)
- Passwords discovered: Linux (0/8), LM (0/8)
Process distribution: Hydra: 21, John: 2, Total: 23
Recent activity check:
- Log files updated in last minute: 0

=== Status Check at Sat Sep 13 10:50:35 PM PDT 2025 ===
Active John processes: 2 (Linux: 0, LM: 2)
Attack Status Summary:
- Linux SHA-512 attacks (aa-ah): 0 processes active
- Windows LM attacks (ai-ap): 2 processes active (may have completed)
- Passwords discovered: Linux (0/8), LM (0/8)
Process distribution: Hydra: 21, John: 2, Total: 23
Recent activity check:
- Log files updated in last minute: 0

=== Status Check at Sat Sep 13 10:51:35 PM PDT 2025 ===
Active John processes: 2 (Linux: 0, LM: 2)
Attack Status Summary:
- Linux SHA-512 attacks (aa-ah): 0 processes active
- Windows LM attacks (ai-ap): 2 processes active (may have completed)
- Passwords discovered: Linux (0/8), LM (0/8)
Process distribution: Hydra: 21, John: 2, Total: 23
Recent activity check:
- Log files updated in last minute: 0

=== Status Check at Sat Sep 13 10:52:35 PM PDT 2025 ===
Active John processes: 2 (Linux: 0, LM: 2)
Attack Status Summary:
- Linux SHA-512 attacks (aa-ah): 0 processes active
- Windows LM attacks (ai-ap): 2 processes active (may have completed)
- Passwords discovered: Linux (0/8), LM (0/8)
Process distribution: Hydra: 21, John: 2, Total: 23
Recent activity check:
- Log files updated in last minute: 1

=== Status Check at Sat Sep 13 10:53:36 PM PDT 2025 ===
Active John processes: 2 (Linux: 0, LM: 2)
Attack Status Summary:
- Linux SHA-512 attacks (aa-ah): 0 processes active
- Windows LM attacks (ai-ap): 2 processes active (may have completed)
- Passwords discovered: Linux (0/8), LM (0/8)
Process distribution: Hydra: 21, John: 2, Total: 23
Recent activity check:
- Log files updated in last minute: 1

=== Status Check at Sat Sep 13 10:54:36 PM PDT 2025 ===
Active John processes: 2 (Linux: 0, LM: 2)
Attack Status Summary:
- Linux SHA-512 attacks (aa-ah): 0 processes active
- Windows LM attacks (ai-ap): 2 processes active (may have completed)
- Passwords discovered: Linux (0/8), LM (0/8)
Process distribution: Hydra: 21, John: 2, Total: 23
Recent activity check:
- Log files updated in last minute: 0

=== Status Check at Sat Sep 13 10:55:36 PM PDT 2025 ===
Active John processes: 2 (Linux: 0, LM: 2)
Attack Status Summary:
- Linux SHA-512 attacks (aa-ah): 0 processes active
- Windows LM attacks (ai-ap): 2 processes active (may have completed)
- Passwords discovered: Linux (0/8), LM (0/8)
Process distribution: Hydra: 21, John: 2, Total: 23
Recent activity check:
- Log files updated in last minute: 0

=== Status Check at Sat Sep 13 10:56:36 PM PDT 2025 ===
Active John processes: 2 (Linux: 0, LM: 2)
Attack Status Summary:
- Linux SHA-512 attacks (aa-ah): 0 processes active
- Windows LM attacks (ai-ap): 2 processes active (may have completed)
- Passwords discovered: Linux (0/8), LM (0/8)
Process distribution: Hydra: 21, John: 2, Total: 23
Recent activity check:
- Log files updated in last minute: 0

=== Status Check at Sat Sep 13 10:57:36 PM PDT 2025 ===
Active John processes: 2 (Linux: 0, LM: 2)
Attack Status Summary:
- Linux SHA-512 attacks (aa-ah): 0 processes active
- Windows LM attacks (ai-ap): 2 processes active (may have completed)
- Passwords discovered: Linux (0/8), LM (0/8)
Process distribution: Hydra: 21, John: 2, Total: 23
Recent activity check:
- Log files updated in last minute: 0

=== Status Check at Sat Sep 13 10:58:36 PM PDT 2025 ===
Active John processes: 2 (Linux: 0, LM: 2)
Attack Status Summary:
- Linux SHA-512 attacks (aa-ah): 0 processes active
- Windows LM attacks (ai-ap): 2 processes active (may have completed)
- Passwords discovered: Linux (0/8), LM (0/8)
Process distribution: Hydra: 21, John: 2, Total: 23
Recent activity check:
- Log files updated in last minute: 1

=== Status Check at Sat Sep 13 10:59:36 PM PDT 2025 ===
Active John processes: 2 (Linux: 0, LM: 2)
Attack Status Summary:
- Linux SHA-512 attacks (aa-ah): 0 processes active
- Windows LM attacks (ai-ap): 2 processes active (may have completed)
- Passwords discovered: Linux (0/8), LM (0/8)
Process distribution: Hydra: 21, John: 2, Total: 23
Recent activity check:
- Log files updated in last minute: 0

=== Status Check at Sat Sep 13 11:00:36 PM PDT 2025 ===
Active John processes: 2 (Linux: 0, LM: 2)
Attack Status Summary:
- Linux SHA-512 attacks (aa-ah): 0 processes active
- Windows LM attacks (ai-ap): 2 processes active (may have completed)
- Passwords discovered: Linux (0/8), LM (0/8)
Process distribution: Hydra: 21, John: 2, Total: 23
Recent activity check:
- Log files updated in last minute: 0

=== Status Check at Sat Sep 13 11:01:36 PM PDT 2025 ===
Active John processes: 2 (Linux: 0, LM: 2)
Attack Status Summary:
- Linux SHA-512 attacks (aa-ah): 0 processes active
- Windows LM attacks (ai-ap): 2 processes active (may have completed)
- Passwords discovered: Linux (0/8), LM (0/8)
Process distribution: Hydra: 21, John: 2, Total: 23
Recent activity check:
- Log files updated in last minute: 0

=== Status Check at Sat Sep 13 11:02:36 PM PDT 2025 ===
Active John processes: 2 (Linux: 0, LM: 2)
Attack Status Summary:
- Linux SHA-512 attacks (aa-ah): 0 processes active
- Windows LM attacks (ai-ap): 2 processes active (may have completed)
- Passwords discovered: Linux (0/8), LM (0/8)
Process distribution: Hydra: 21, John: 2, Total: 23
Recent activity check:
- Log files updated in last minute: 0

=== Status Check at Sat Sep 13 11:03:37 PM PDT 2025 ===
Active John processes: 2 (Linux: 0, LM: 2)
Attack Status Summary:
- Linux SHA-512 attacks (aa-ah): 0 processes active
- Windows LM attacks (ai-ap): 2 processes active (may have completed)
- Passwords discovered: Linux (0/8), LM (0/8)
Process distribution: Hydra: 21, John: 2, Total: 23
Recent activity check:
- Log files updated in last minute: 1

=== Status Check at Sat Sep 13 11:04:37 PM PDT 2025 ===
Active John processes: 2 (Linux: 0, LM: 2)
Attack Status Summary:
- Linux SHA-512 attacks (aa-ah): 0 processes active
- Windows LM attacks (ai-ap): 2 processes active (may have completed)
- Passwords discovered: Linux (0/8), LM (0/8)
Process distribution: Hydra: 21, John: 2, Total: 23
Recent activity check:
- Log files updated in last minute: 0

=== Status Check at Sat Sep 13 11:05:37 PM PDT 2025 ===
Active John processes: 2 (Linux: 0, LM: 2)
Attack Status Summary:
- Linux SHA-512 attacks (aa-ah): 0 processes active
- Windows LM attacks (ai-ap): 2 processes active (may have completed)
- Passwords discovered: Linux (0/8), LM (0/8)
Process distribution: Hydra: 21, John: 2, Total: 23
Recent activity check:
- Log files updated in last minute: 0

=== Status Check at Sat Sep 13 11:06:37 PM PDT 2025 ===
Active John processes: 2 (Linux: 0, LM: 2)
Attack Status Summary:
- Linux SHA-512 attacks (aa-ah): 0 processes active
- Windows LM attacks (ai-ap): 2 processes active (may have completed)
- Passwords discovered: Linux (0/8), LM (0/8)
Process distribution: Hydra: 21, John: 2, Total: 23
Recent activity check:
- Log files updated in last minute: 0

=== Status Check at Sat Sep 13 11:07:37 PM PDT 2025 ===
Active John processes: 2 (Linux: 0, LM: 2)
Attack Status Summary:
- Linux SHA-512 attacks (aa-ah): 0 processes active
- Windows LM attacks (ai-ap): 2 processes active (may have completed)
- Passwords discovered: Linux (0/8), LM (0/8)
Process distribution: Hydra: 21, John: 2, Total: 23
Recent activity check:
- Log files updated in last minute: 1

=== Status Check at Sat Sep 13 11:08:37 PM PDT 2025 ===
Active John processes: 2 (Linux: 0, LM: 2)
Attack Status Summary:
- Linux SHA-512 attacks (aa-ah): 0 processes active
- Windows LM attacks (ai-ap): 2 processes active (may have completed)
- Passwords discovered: Linux (0/8), LM (0/8)
Process distribution: Hydra: 21, John: 2, Total: 23
Recent activity check:
- Log files updated in last minute: 0

=== Status Check at Sat Sep 13 11:09:37 PM PDT 2025 ===
Active John processes: 2 (Linux: 0, LM: 2)
Attack Status Summary:
- Linux SHA-512 attacks (aa-ah): 0 processes active
- Windows LM attacks (ai-ap): 2 processes active (may have completed)
- Passwords discovered: Linux (0/8), LM (0/8)
Process distribution: Hydra: 21, John: 2, Total: 23
Recent activity check:
- Log files updated in last minute: 0

=== Status Check at Sat Sep 13 11:10:37 PM PDT 2025 ===
Active John processes: 2 (Linux: 0, LM: 2)
Attack Status Summary:
- Linux SHA-512 attacks (aa-ah): 0 processes active
- Windows LM attacks (ai-ap): 2 processes active (may have completed)
- Passwords discovered: Linux (0/8), LM (0/8)
Process distribution: Hydra: 21, John: 2, Total: 23
Recent activity check:
- Log files updated in last minute: 0

=== Status Check at Sat Sep 13 11:11:37 PM PDT 2025 ===
Active John processes: 2 (Linux: 0, LM: 2)
Attack Status Summary:
- Linux SHA-512 attacks (aa-ah): 0 processes active
- Windows LM attacks (ai-ap): 2 processes active (may have completed)
- Passwords discovered: Linux (0/8), LM (0/8)
Process distribution: Hydra: 21, John: 2, Total: 23
Recent activity check:
- Log files updated in last minute: 1

=== Status Check at Sat Sep 13 11:12:38 PM PDT 2025 ===
Active John processes: 2 (Linux: 0, LM: 2)
Attack Status Summary:
- Linux SHA-512 attacks (aa-ah): 0 processes active
- Windows LM attacks (ai-ap): 2 processes active (may have completed)
- Passwords discovered: Linux (0/8), LM (0/8)
Process distribution: Hydra: 21, John: 2, Total: 23
Recent activity check:
- Log files updated in last minute: 0

=== Status Check at Sat Sep 13 11:13:38 PM PDT 2025 ===
Active John processes: 2 (Linux: 0, LM: 2)
Attack Status Summary:
- Linux SHA-512 attacks (aa-ah): 0 processes active
- Windows LM attacks (ai-ap): 2 processes active (may have completed)
- Passwords discovered: Linux (0/8), LM (0/8)
Process distribution: Hydra: 21, John: 2, Total: 23
Recent activity check:
- Log files updated in last minute: 0

=== Status Check at Sat Sep 13 11:14:38 PM PDT 2025 ===
Active John processes: 2 (Linux: 0, LM: 2)
Attack Status Summary:
- Linux SHA-512 attacks (aa-ah): 0 processes active
- Windows LM attacks (ai-ap): 2 processes active (may have completed)
- Passwords discovered: Linux (0/8), LM (0/8)
Process distribution: Hydra: 21, John: 2, Total: 23
Recent activity check:
- Log files updated in last minute: 0

=== Status Check at Sat Sep 13 11:15:38 PM PDT 2025 ===
Active John processes: 2 (Linux: 0, LM: 2)
Attack Status Summary:
- Linux SHA-512 attacks (aa-ah): 0 processes active
- Windows LM attacks (ai-ap): 2 processes active (may have completed)
- Passwords discovered: Linux (0/8), LM (0/8)
Process distribution: Hydra: 21, John: 2, Total: 23
Recent activity check:
- Log files updated in last minute: 0

=== Status Check at Sat Sep 13 11:16:38 PM PDT 2025 ===
Active John processes: 2 (Linux: 0, LM: 2)
Attack Status Summary:
- Linux SHA-512 attacks (aa-ah): 0 processes active
- Windows LM attacks (ai-ap): 2 processes active (may have completed)
- Passwords discovered: Linux (0/8), LM (0/8)
Process distribution: Hydra: 21, John: 2, Total: 23
Recent activity check:
- Log files updated in last minute: 1

=== Status Check at Sat Sep 13 11:17:38 PM PDT 2025 ===
Active John processes: 2 (Linux: 0, LM: 2)
Attack Status Summary:
- Linux SHA-512 attacks (aa-ah): 0 processes active
- Windows LM attacks (ai-ap): 2 processes active (may have completed)
- Passwords discovered: Linux (0/8), LM (0/8)
Process distribution: Hydra: 21, John: 2, Total: 23
Recent activity check:
- Log files updated in last minute: 0

=== Status Check at Sat Sep 13 11:18:38 PM PDT 2025 ===
Active John processes: 2 (Linux: 0, LM: 2)
Attack Status Summary:
- Linux SHA-512 attacks (aa-ah): 0 processes active
- Windows LM attacks (ai-ap): 2 processes active (may have completed)
- Passwords discovered: Linux (0/8), LM (0/8)
Process distribution: Hydra: 21, John: 2, Total: 23
Recent activity check:
- Log files updated in last minute: 0

=== Status Check at Sat Sep 13 11:19:38 PM PDT 2025 ===
Active John processes: 2 (Linux: 0, LM: 2)
Attack Status Summary:
- Linux SHA-512 attacks (aa-ah): 0 processes active
- Windows LM attacks (ai-ap): 2 processes active (may have completed)
- Passwords discovered: Linux (0/8), LM (0/8)
Process distribution: Hydra: 21, John: 2, Total: 23
Recent activity check:
- Log files updated in last minute: 0

=== Status Check at Sat Sep 13 11:20:38 PM PDT 2025 ===
Active John processes: 2 (Linux: 0, LM: 2)
Attack Status Summary:
- Linux SHA-512 attacks (aa-ah): 0 processes active
- Windows LM attacks (ai-ap): 2 processes active (may have completed)
- Passwords discovered: Linux (0/8), LM (0/8)
Process distribution: Hydra: 21, John: 2, Total: 23
Recent activity check:
- Log files updated in last minute: 0

=== Status Check at Sat Sep 13 11:21:39 PM PDT 2025 ===
Active John processes: 2 (Linux: 0, LM: 2)
Attack Status Summary:
- Linux SHA-512 attacks (aa-ah): 0 processes active
- Windows LM attacks (ai-ap): 2 processes active (may have completed)
- Passwords discovered: Linux (0/8), LM (0/8)
Process distribution: Hydra: 21, John: 2, Total: 23
Recent activity check:
- Log files updated in last minute: 1

=== Status Check at Sat Sep 13 11:22:39 PM PDT 2025 ===
Active John processes: 2 (Linux: 0, LM: 2)
Attack Status Summary:
- Linux SHA-512 attacks (aa-ah): 0 processes active
- Windows LM attacks (ai-ap): 2 processes active (may have completed)
- Passwords discovered: Linux (0/8), LM (0/8)
Process distribution: Hydra: 21, John: 2, Total: 23
Recent activity check:
- Log files updated in last minute: 0

=== Status Check at Sat Sep 13 11:23:39 PM PDT 2025 ===
Active John processes: 2 (Linux: 0, LM: 2)
Attack Status Summary:
- Linux SHA-512 attacks (aa-ah): 0 processes active
- Windows LM attacks (ai-ap): 2 processes active (may have completed)
- Passwords discovered: Linux (0/8), LM (0/8)
Process distribution: Hydra: 21, John: 2, Total: 23
Recent activity check:
- Log files updated in last minute: 0

=== Status Check at Sat Sep 13 11:24:39 PM PDT 2025 ===
Active John processes: 2 (Linux: 0, LM: 2)
Attack Status Summary:
- Linux SHA-512 attacks (aa-ah): 0 processes active
- Windows LM attacks (ai-ap): 2 processes active (may have completed)
- Passwords discovered: Linux (0/8), LM (0/8)
Process distribution: Hydra: 21, John: 2, Total: 23
Recent activity check:
- Log files updated in last minute: 0

=== Status Check at Sat Sep 13 11:25:39 PM PDT 2025 ===
Active John processes: 2 (Linux: 0, LM: 2)
Attack Status Summary:
- Linux SHA-512 attacks (aa-ah): 0 processes active
- Windows LM attacks (ai-ap): 2 processes active (may have completed)
- Passwords discovered: Linux (0/8), LM (0/8)
Process distribution: Hydra: 21, John: 2, Total: 23
Recent activity check:
- Log files updated in last minute: 0

=== Status Check at Sat Sep 13 11:26:39 PM PDT 2025 ===
Active John processes: 2 (Linux: 0, LM: 2)
Attack Status Summary:
- Linux SHA-512 attacks (aa-ah): 0 processes active
- Windows LM attacks (ai-ap): 2 processes active (may have completed)
- Passwords discovered: Linux (0/8), LM (0/8)
Process distribution: Hydra: 21, John: 2, Total: 23
Recent activity check:
- Log files updated in last minute: 0

=== Status Check at Sat Sep 13 11:27:39 PM PDT 2025 ===
Active John processes: 2 (Linux: 0, LM: 2)
Attack Status Summary:
- Linux SHA-512 attacks (aa-ah): 0 processes active
- Windows LM attacks (ai-ap): 2 processes active (may have completed)
- Passwords discovered: Linux (0/8), LM (0/8)
Process distribution: Hydra: 21, John: 2, Total: 23
Recent activity check:
- Log files updated in last minute: 1

=== Status Check at Sat Sep 13 11:28:39 PM PDT 2025 ===
Active John processes: 2 (Linux: 0, LM: 2)
Attack Status Summary:
- Linux SHA-512 attacks (aa-ah): 0 processes active
- Windows LM attacks (ai-ap): 2 processes active (may have completed)
- Passwords discovered: Linux (0/8), LM (0/8)
Process distribution: Hydra: 21, John: 2, Total: 23
Recent activity check:
- Log files updated in last minute: 0

=== Status Check at Sat Sep 13 11:29:39 PM PDT 2025 ===
Active John processes: 2 (Linux: 0, LM: 2)
Attack Status Summary:
- Linux SHA-512 attacks (aa-ah): 0 processes active
- Windows LM attacks (ai-ap): 2 processes active (may have completed)
- Passwords discovered: Linux (0/8), LM (0/8)
Process distribution: Hydra: 21, John: 2, Total: 23
Recent activity check:
- Log files updated in last minute: 0

=== Status Check at Sat Sep 13 11:30:40 PM PDT 2025 ===
Active John processes: 2 (Linux: 0, LM: 2)
Attack Status Summary:
- Linux SHA-512 attacks (aa-ah): 0 processes active
- Windows LM attacks (ai-ap): 2 processes active (may have completed)
- Passwords discovered: Linux (0/8), LM (0/8)
Process distribution: Hydra: 21, John: 2, Total: 23
Recent activity check:
- Log files updated in last minute: 0

=== Status Check at Sat Sep 13 11:31:40 PM PDT 2025 ===
Active John processes: 2 (Linux: 0, LM: 2)
Attack Status Summary:
- Linux SHA-512 attacks (aa-ah): 0 processes active
- Windows LM attacks (ai-ap): 2 processes active (may have completed)
- Passwords discovered: Linux (0/8), LM (0/8)
Process distribution: Hydra: 21, John: 2, Total: 23
Recent activity check:
- Log files updated in last minute: 1

=== Status Check at Sat Sep 13 11:32:40 PM PDT 2025 ===
Active John processes: 2 (Linux: 0, LM: 2)
Attack Status Summary:
- Linux SHA-512 attacks (aa-ah): 0 processes active
- Windows LM attacks (ai-ap): 2 processes active (may have completed)
- Passwords discovered: Linux (0/8), LM (0/8)
Process distribution: Hydra: 21, John: 2, Total: 23
Recent activity check:
- Log files updated in last minute: 1

=== Status Check at Sat Sep 13 11:33:40 PM PDT 2025 ===
Active John processes: 2 (Linux: 0, LM: 2)
Attack Status Summary:
- Linux SHA-512 attacks (aa-ah): 0 processes active
- Windows LM attacks (ai-ap): 2 processes active (may have completed)
- Passwords discovered: Linux (0/8), LM (0/8)
Process distribution: Hydra: 21, John: 2, Total: 23
Recent activity check:
- Log files updated in last minute: 0

=== Status Check at Sat Sep 13 11:34:40 PM PDT 2025 ===
Active John processes: 2 (Linux: 0, LM: 2)
Attack Status Summary:
- Linux SHA-512 attacks (aa-ah): 0 processes active
- Windows LM attacks (ai-ap): 2 processes active (may have completed)
- Passwords discovered: Linux (0/8), LM (0/8)
Process distribution: Hydra: 21, John: 2, Total: 23
Recent activity check:
- Log files updated in last minute: 0

=== Status Check at Sat Sep 13 11:35:40 PM PDT 2025 ===
Active John processes: 2 (Linux: 0, LM: 2)
Attack Status Summary:
- Linux SHA-512 attacks (aa-ah): 0 processes active
- Windows LM attacks (ai-ap): 2 processes active (may have completed)
- Passwords discovered: Linux (0/8), LM (0/8)
Process distribution: Hydra: 21, John: 2, Total: 23
Recent activity check:
- Log files updated in last minute: 0

=== Status Check at Sat Sep 13 11:36:40 PM PDT 2025 ===
Active John processes: 2 (Linux: 0, LM: 2)
Attack Status Summary:
- Linux SHA-512 attacks (aa-ah): 0 processes active
- Windows LM attacks (ai-ap): 2 processes active (may have completed)
- Passwords discovered: Linux (0/8), LM (0/8)
Process distribution: Hydra: 21, John: 2, Total: 23
Recent activity check:
- Log files updated in last minute: 0

=== Status Check at Sat Sep 13 11:37:40 PM PDT 2025 ===
Active John processes: 2 (Linux: 0, LM: 2)
Attack Status Summary:
- Linux SHA-512 attacks (aa-ah): 0 processes active
- Windows LM attacks (ai-ap): 2 processes active (may have completed)
- Passwords discovered: Linux (0/8), LM (0/8)
Process distribution: Hydra: 21, John: 2, Total: 23
Recent activity check:
- Log files updated in last minute: 1

=== Status Check at Sat Sep 13 11:38:40 PM PDT 2025 ===
Active John processes: 2 (Linux: 0, LM: 2)
Attack Status Summary:
- Linux SHA-512 attacks (aa-ah): 0 processes active
- Windows LM attacks (ai-ap): 2 processes active (may have completed)
- Passwords discovered: Linux (0/8), LM (0/8)
Process distribution: Hydra: 21, John: 2, Total: 23
Recent activity check:
- Log files updated in last minute: 0

=== Status Check at Sat Sep 13 11:39:41 PM PDT 2025 ===
Active John processes: 2 (Linux: 0, LM: 2)
Attack Status Summary:
- Linux SHA-512 attacks (aa-ah): 0 processes active
- Windows LM attacks (ai-ap): 2 processes active (may have completed)
- Passwords discovered: Linux (0/8), LM (0/8)
Process distribution: Hydra: 21, John: 2, Total: 23
Recent activity check:
- Log files updated in last minute: 0

=== Status Check at Sat Sep 13 11:40:41 PM PDT 2025 ===
Active John processes: 2 (Linux: 0, LM: 2)
Attack Status Summary:
- Linux SHA-512 attacks (aa-ah): 0 processes active
- Windows LM attacks (ai-ap): 2 processes active (may have completed)
- Passwords discovered: Linux (0/8), LM (0/8)
Process distribution: Hydra: 21, John: 2, Total: 23
Recent activity check:
- Log files updated in last minute: 0

=== Status Check at Sat Sep 13 11:41:41 PM PDT 2025 ===
Active John processes: 2 (Linux: 0, LM: 2)
Attack Status Summary:
- Linux SHA-512 attacks (aa-ah): 0 processes active
- Windows LM attacks (ai-ap): 2 processes active (may have completed)
- Passwords discovered: Linux (0/8), LM (0/8)
Process distribution: Hydra: 21, John: 2, Total: 23
Recent activity check:
- Log files updated in last minute: 0

=== Status Check at Sat Sep 13 11:42:41 PM PDT 2025 ===
Active John processes: 2 (Linux: 0, LM: 2)
Attack Status Summary:
- Linux SHA-512 attacks (aa-ah): 0 processes active
- Windows LM attacks (ai-ap): 2 processes active (may have completed)
- Passwords discovered: Linux (0/8), LM (0/8)
Process distribution: Hydra: 21, John: 2, Total: 23
Recent activity check:
- Log files updated in last minute: 1

=== Status Check at Sat Sep 13 11:43:41 PM PDT 2025 ===
Active John processes: 2 (Linux: 0, LM: 2)
Attack Status Summary:
- Linux SHA-512 attacks (aa-ah): 0 processes active
- Windows LM attacks (ai-ap): 2 processes active (may have completed)
- Passwords discovered: Linux (0/8), LM (0/8)
Process distribution: Hydra: 21, John: 2, Total: 23
Recent activity check:
- Log files updated in last minute: 0

=== Status Check at Sat Sep 13 11:44:41 PM PDT 2025 ===
Active John processes: 2 (Linux: 0, LM: 2)
Attack Status Summary:
- Linux SHA-512 attacks (aa-ah): 0 processes active
- Windows LM attacks (ai-ap): 2 processes active (may have completed)
- Passwords discovered: Linux (0/8), LM (0/8)
Process distribution: Hydra: 21, John: 2, Total: 23
Recent activity check:
- Log files updated in last minute: 0

=== Status Check at Sat Sep 13 11:45:41 PM PDT 2025 ===
Active John processes: 2 (Linux: 0, LM: 2)
Attack Status Summary:
- Linux SHA-512 attacks (aa-ah): 0 processes active
- Windows LM attacks (ai-ap): 2 processes active (may have completed)
- Passwords discovered: Linux (0/8), LM (0/8)
Process distribution: Hydra: 21, John: 2, Total: 23
Recent activity check:
- Log files updated in last minute: 0

=== Status Check at Sat Sep 13 11:46:41 PM PDT 2025 ===
Active John processes: 2 (Linux: 0, LM: 2)
Attack Status Summary:
- Linux SHA-512 attacks (aa-ah): 0 processes active
- Windows LM attacks (ai-ap): 2 processes active (may have completed)
- Passwords discovered: Linux (0/8), LM (0/8)
Process distribution: Hydra: 21, John: 2, Total: 23
Recent activity check:
- Log files updated in last minute: 1

=== Status Check at Sat Sep 13 11:47:41 PM PDT 2025 ===
Active John processes: 2 (Linux: 0, LM: 2)
Attack Status Summary:
- Linux SHA-512 attacks (aa-ah): 0 processes active
- Windows LM attacks (ai-ap): 2 processes active (may have completed)
- Passwords discovered: Linux (0/8), LM (0/8)
Process distribution: Hydra: 21, John: 2, Total: 23
Recent activity check:
- Log files updated in last minute: 1

=== Status Check at Sat Sep 13 11:48:42 PM PDT 2025 ===
Active John processes: 2 (Linux: 0, LM: 2)
Attack Status Summary:
- Linux SHA-512 attacks (aa-ah): 0 processes active
- Windows LM attacks (ai-ap): 2 processes active (may have completed)
- Passwords discovered: Linux (0/8), LM (0/8)
Process distribution: Hydra: 21, John: 2, Total: 23
Recent activity check:
- Log files updated in last minute: 0

=== Status Check at Sat Sep 13 11:49:42 PM PDT 2025 ===
Active John processes: 2 (Linux: 0, LM: 2)
Attack Status Summary:
- Linux SHA-512 attacks (aa-ah): 0 processes active
- Windows LM attacks (ai-ap): 2 processes active (may have completed)
- Passwords discovered: Linux (0/8), LM (0/8)
Process distribution: Hydra: 21, John: 2, Total: 23
Recent activity check:
- Log files updated in last minute: 0

=== Status Check at Sat Sep 13 11:50:42 PM PDT 2025 ===
Active John processes: 2 (Linux: 0, LM: 2)
Attack Status Summary:
- Linux SHA-512 attacks (aa-ah): 0 processes active
- Windows LM attacks (ai-ap): 2 processes active (may have completed)
- Passwords discovered: Linux (0/8), LM (0/8)
Process distribution: Hydra: 21, John: 2, Total: 23
Recent activity check:
- Log files updated in last minute: 0

=== Status Check at Sat Sep 13 11:51:42 PM PDT 2025 ===
Active John processes: 2 (Linux: 0, LM: 2)
Attack Status Summary:
- Linux SHA-512 attacks (aa-ah): 0 processes active
- Windows LM attacks (ai-ap): 2 processes active (may have completed)
- Passwords discovered: Linux (0/8), LM (0/8)
Process distribution: Hydra: 21, John: 2, Total: 23
Recent activity check:
- Log files updated in last minute: 0

=== Status Check at Sat Sep 13 11:52:42 PM PDT 2025 ===
Active John processes: 2 (Linux: 0, LM: 2)
Attack Status Summary:
- Linux SHA-512 attacks (aa-ah): 0 processes active
- Windows LM attacks (ai-ap): 2 processes active (may have completed)
- Passwords discovered: Linux (0/8), LM (0/8)
Process distribution: Hydra: 21, John: 2, Total: 23
Recent activity check:
- Log files updated in last minute: 1

=== Status Check at Sat Sep 13 11:53:42 PM PDT 2025 ===
Active John processes: 2 (Linux: 0, LM: 2)
Attack Status Summary:
- Linux SHA-512 attacks (aa-ah): 0 processes active
- Windows LM attacks (ai-ap): 2 processes active (may have completed)
- Passwords discovered: Linux (0/8), LM (0/8)
Process distribution: Hydra: 21, John: 2, Total: 23
Recent activity check:
- Log files updated in last minute: 0

=== Status Check at Sat Sep 13 11:54:42 PM PDT 2025 ===
Active John processes: 2 (Linux: 0, LM: 2)
Attack Status Summary:
- Linux SHA-512 attacks (aa-ah): 0 processes active
- Windows LM attacks (ai-ap): 2 processes active (may have completed)
- Passwords discovered: Linux (0/8), LM (0/8)
Process distribution: Hydra: 21, John: 2, Total: 23
Recent activity check:
- Log files updated in last minute: 0

=== Status Check at Sat Sep 13 11:55:42 PM PDT 2025 ===
Active John processes: 2 (Linux: 0, LM: 2)
Attack Status Summary:
- Linux SHA-512 attacks (aa-ah): 0 processes active
- Windows LM attacks (ai-ap): 2 processes active (may have completed)
- Passwords discovered: Linux (0/8), LM (0/8)
Process distribution: Hydra: 21, John: 2, Total: 23
Recent activity check:
- Log files updated in last minute: 0

=== Status Check at Sat Sep 13 11:56:42 PM PDT 2025 ===
Active John processes: 2 (Linux: 0, LM: 2)
Attack Status Summary:
- Linux SHA-512 attacks (aa-ah): 0 processes active
- Windows LM attacks (ai-ap): 2 processes active (may have completed)
- Passwords discovered: Linux (0/8), LM (0/8)
Process distribution: Hydra: 21, John: 2, Total: 23
Recent activity check:
- Log files updated in last minute: 0

=== Status Check at Sat Sep 13 11:57:42 PM PDT 2025 ===
Active John processes: 2 (Linux: 0, LM: 2)
Attack Status Summary:
- Linux SHA-512 attacks (aa-ah): 0 processes active
- Windows LM attacks (ai-ap): 2 processes active (may have completed)
- Passwords discovered: Linux (0/8), LM (0/8)
Process distribution: Hydra: 21, John: 2, Total: 23
Recent activity check:
- Log files updated in last minute: 1

=== Status Check at Sat Sep 13 11:58:43 PM PDT 2025 ===
Active John processes: 2 (Linux: 0, LM: 2)
Attack Status Summary:
- Linux SHA-512 attacks (aa-ah): 0 processes active
- Windows LM attacks (ai-ap): 2 processes active (may have completed)
- Passwords discovered: Linux (0/8), LM (0/8)
Process distribution: Hydra: 21, John: 2, Total: 23
Recent activity check:
- Log files updated in last minute: 0

=== Status Check at Sat Sep 13 11:59:43 PM PDT 2025 ===
Active John processes: 2 (Linux: 0, LM: 2)
Attack Status Summary:
- Linux SHA-512 attacks (aa-ah): 0 processes active
- Windows LM attacks (ai-ap): 2 processes active (may have completed)
- Passwords discovered: Linux (0/8), LM (0/8)
Process distribution: Hydra: 21, John: 2, Total: 23
Recent activity check:
- Log files updated in last minute: 0

=== Status Check at Sun Sep 14 12:00:43 AM PDT 2025 ===
Active John processes: 2 (Linux: 0, LM: 2)
Attack Status Summary:
- Linux SHA-512 attacks (aa-ah): 0 processes active
- Windows LM attacks (ai-ap): 2 processes active (may have completed)
- Passwords discovered: Linux (0/8), LM (0/8)
Process distribution: Hydra: 21, John: 2, Total: 23
Recent activity check:
- Log files updated in last minute: 0

=== Status Check at Sun Sep 14 12:01:43 AM PDT 2025 ===
Active John processes: 2 (Linux: 0, LM: 2)
Attack Status Summary:
- Linux SHA-512 attacks (aa-ah): 0 processes active
- Windows LM attacks (ai-ap): 2 processes active (may have completed)
- Passwords discovered: Linux (0/8), LM (0/8)
Process distribution: Hydra: 21, John: 2, Total: 23
Recent activity check:
- Log files updated in last minute: 0

=== Status Check at Sun Sep 14 12:02:43 AM PDT 2025 ===
Active John processes: 2 (Linux: 0, LM: 2)
Attack Status Summary:
- Linux SHA-512 attacks (aa-ah): 0 processes active
- Windows LM attacks (ai-ap): 2 processes active (may have completed)
- Passwords discovered: Linux (0/8), LM (0/8)
Process distribution: Hydra: 21, John: 2, Total: 23
Recent activity check:
- Log files updated in last minute: 1

=== Status Check at Sun Sep 14 12:03:43 AM PDT 2025 ===
Active John processes: 2 (Linux: 0, LM: 2)
Attack Status Summary:
- Linux SHA-512 attacks (aa-ah): 0 processes active
- Windows LM attacks (ai-ap): 2 processes active (may have completed)
- Passwords discovered: Linux (0/8), LM (0/8)
Process distribution: Hydra: 21, John: 2, Total: 23
Recent activity check:
- Log files updated in last minute: 0

=== Status Check at Sun Sep 14 12:04:43 AM PDT 2025 ===
Active John processes: 2 (Linux: 0, LM: 2)
Attack Status Summary:
- Linux SHA-512 attacks (aa-ah): 0 processes active
- Windows LM attacks (ai-ap): 2 processes active (may have completed)
- Passwords discovered: Linux (0/8), LM (0/8)
Process distribution: Hydra: 21, John: 2, Total: 23
Recent activity check:
- Log files updated in last minute: 0

=== Status Check at Sun Sep 14 12:05:43 AM PDT 2025 ===
Active John processes: 2 (Linux: 0, LM: 2)
Attack Status Summary:
- Linux SHA-512 attacks (aa-ah): 0 processes active
- Windows LM attacks (ai-ap): 2 processes active (may have completed)
- Passwords discovered: Linux (0/8), LM (0/8)
Process distribution: Hydra: 21, John: 2, Total: 23
Recent activity check:
- Log files updated in last minute: 0

=== Status Check at Sun Sep 14 12:06:43 AM PDT 2025 ===
Active John processes: 2 (Linux: 0, LM: 2)
Attack Status Summary:
- Linux SHA-512 attacks (aa-ah): 0 processes active
- Windows LM attacks (ai-ap): 2 processes active (may have completed)
- Passwords discovered: Linux (0/8), LM (0/8)
Process distribution: Hydra: 21, John: 2, Total: 23
Recent activity check:
- Log files updated in last minute: 0

=== Status Check at Sun Sep 14 12:07:44 AM PDT 2025 ===
Active John processes: 2 (Linux: 0, LM: 2)
Attack Status Summary:
- Linux SHA-512 attacks (aa-ah): 0 processes active
- Windows LM attacks (ai-ap): 2 processes active (may have completed)
- Passwords discovered: Linux (0/8), LM (0/8)
Process distribution: Hydra: 21, John: 2, Total: 23
Recent activity check:
- Log files updated in last minute: 1

=== Status Check at Sun Sep 14 12:08:44 AM PDT 2025 ===
Active John processes: 2 (Linux: 0, LM: 2)
Attack Status Summary:
- Linux SHA-512 attacks (aa-ah): 0 processes active
- Windows LM attacks (ai-ap): 2 processes active (may have completed)
- Passwords discovered: Linux (0/8), LM (0/8)
Process distribution: Hydra: 21, John: 2, Total: 23
Recent activity check:
- Log files updated in last minute: 0

=== Status Check at Sun Sep 14 12:09:44 AM PDT 2025 ===
Active John processes: 2 (Linux: 0, LM: 2)
Attack Status Summary:
- Linux SHA-512 attacks (aa-ah): 0 processes active
- Windows LM attacks (ai-ap): 2 processes active (may have completed)
- Passwords discovered: Linux (0/8), LM (0/8)
Process distribution: Hydra: 21, John: 2, Total: 23
Recent activity check:
- Log files updated in last minute: 0

=== Status Check at Sun Sep 14 12:10:44 AM PDT 2025 ===
Active John processes: 2 (Linux: 0, LM: 2)
Attack Status Summary:
- Linux SHA-512 attacks (aa-ah): 0 processes active
- Windows LM attacks (ai-ap): 2 processes active (may have completed)
- Passwords discovered: Linux (0/8), LM (0/8)
Process distribution: Hydra: 21, John: 2, Total: 23
Recent activity check:
- Log files updated in last minute: 0

=== Status Check at Sun Sep 14 12:11:44 AM PDT 2025 ===
Active John processes: 2 (Linux: 0, LM: 2)
Attack Status Summary:
- Linux SHA-512 attacks (aa-ah): 0 processes active
- Windows LM attacks (ai-ap): 2 processes active (may have completed)
- Passwords discovered: Linux (0/8), LM (0/8)
Process distribution: Hydra: 21, John: 2, Total: 23
Recent activity check:
- Log files updated in last minute: 0

=== Status Check at Sun Sep 14 12:12:44 AM PDT 2025 ===
Active John processes: 2 (Linux: 0, LM: 2)
Attack Status Summary:
- Linux SHA-512 attacks (aa-ah): 0 processes active
- Windows LM attacks (ai-ap): 2 processes active (may have completed)
- Passwords discovered: Linux (0/8), LM (0/8)
Process distribution: Hydra: 21, John: 2, Total: 23
Recent activity check:
- Log files updated in last minute: 0

=== Status Check at Sun Sep 14 12:13:44 AM PDT 2025 ===
Active John processes: 2 (Linux: 0, LM: 2)
Attack Status Summary:
- Linux SHA-512 attacks (aa-ah): 0 processes active
- Windows LM attacks (ai-ap): 2 processes active (may have completed)
- Passwords discovered: Linux (0/8), LM (0/8)
Process distribution: Hydra: 21, John: 2, Total: 23
Recent activity check:
- Log files updated in last minute: 1

=== Status Check at Sun Sep 14 12:14:44 AM PDT 2025 ===
Active John processes: 2 (Linux: 0, LM: 2)
Attack Status Summary:
- Linux SHA-512 attacks (aa-ah): 0 processes active
- Windows LM attacks (ai-ap): 2 processes active (may have completed)
- Passwords discovered: Linux (0/8), LM (0/8)
Process distribution: Hydra: 21, John: 2, Total: 23
Recent activity check:
- Log files updated in last minute: 0

=== Status Check at Sun Sep 14 12:15:44 AM PDT 2025 ===
Active John processes: 2 (Linux: 0, LM: 2)
Attack Status Summary:
- Linux SHA-512 attacks (aa-ah): 0 processes active
- Windows LM attacks (ai-ap): 2 processes active (may have completed)
- Passwords discovered: Linux (0/8), LM (0/8)
Process distribution: Hydra: 21, John: 2, Total: 23
Recent activity check:
- Log files updated in last minute: 0

=== Status Check at Sun Sep 14 12:16:45 AM PDT 2025 ===
Active John processes: 2 (Linux: 0, LM: 2)
Attack Status Summary:
- Linux SHA-512 attacks (aa-ah): 0 processes active
- Windows LM attacks (ai-ap): 2 processes active (may have completed)
- Passwords discovered: Linux (0/8), LM (0/8)
Process distribution: Hydra: 21, John: 2, Total: 23
Recent activity check:
- Log files updated in last minute: 0

=== Status Check at Sun Sep 14 12:17:45 AM PDT 2025 ===
Active John processes: 2 (Linux: 0, LM: 2)
Attack Status Summary:
- Linux SHA-512 attacks (aa-ah): 0 processes active
- Windows LM attacks (ai-ap): 2 processes active (may have completed)
- Passwords discovered: Linux (0/8), LM (0/8)
Process distribution: Hydra: 21, John: 2, Total: 23
Recent activity check:
- Log files updated in last minute: 0

=== Status Check at Sun Sep 14 12:18:45 AM PDT 2025 ===
Active John processes: 2 (Linux: 0, LM: 2)
Attack Status Summary:
- Linux SHA-512 attacks (aa-ah): 0 processes active
- Windows LM attacks (ai-ap): 2 processes active (may have completed)
- Passwords discovered: Linux (0/8), LM (0/8)
Process distribution: Hydra: 21, John: 2, Total: 23
Recent activity check:
- Log files updated in last minute: 0

=== Status Check at Sun Sep 14 12:19:45 AM PDT 2025 ===
Active John processes: 2 (Linux: 0, LM: 2)
Attack Status Summary:
- Linux SHA-512 attacks (aa-ah): 0 processes active
- Windows LM attacks (ai-ap): 2 processes active (may have completed)
- Passwords discovered: Linux (0/8), LM (0/8)
Process distribution: Hydra: 21, John: 2, Total: 23
Recent activity check:
- Log files updated in last minute: 1

=== Status Check at Sun Sep 14 12:20:45 AM PDT 2025 ===
Active John processes: 2 (Linux: 0, LM: 2)
Attack Status Summary:
- Linux SHA-512 attacks (aa-ah): 0 processes active
- Windows LM attacks (ai-ap): 2 processes active (may have completed)
- Passwords discovered: Linux (0/8), LM (0/8)
Process distribution: Hydra: 21, John: 2, Total: 23
Recent activity check:
- Log files updated in last minute: 0

=== Status Check at Sun Sep 14 12:21:45 AM PDT 2025 ===
Active John processes: 2 (Linux: 0, LM: 2)
Attack Status Summary:
- Linux SHA-512 attacks (aa-ah): 0 processes active
- Windows LM attacks (ai-ap): 2 processes active (may have completed)
- Passwords discovered: Linux (0/8), LM (0/8)
Process distribution: Hydra: 21, John: 2, Total: 23
Recent activity check:
- Log files updated in last minute: 0

=== Status Check at Sun Sep 14 12:22:45 AM PDT 2025 ===
Active John processes: 2 (Linux: 0, LM: 2)
Attack Status Summary:
- Linux SHA-512 attacks (aa-ah): 0 processes active
- Windows LM attacks (ai-ap): 2 processes active (may have completed)
- Passwords discovered: Linux (0/8), LM (0/8)
Process distribution: Hydra: 21, John: 2, Total: 23
Recent activity check:
- Log files updated in last minute: 0

=== Status Check at Sun Sep 14 12:23:45 AM PDT 2025 ===
Active John processes: 2 (Linux: 0, LM: 2)
Attack Status Summary:
- Linux SHA-512 attacks (aa-ah): 0 processes active
- Windows LM attacks (ai-ap): 2 processes active (may have completed)
- Passwords discovered: Linux (0/8), LM (0/8)
Process distribution: Hydra: 21, John: 2, Total: 23
Recent activity check:
- Log files updated in last minute: 0

=== Status Check at Sun Sep 14 12:24:45 AM PDT 2025 ===
Active John processes: 2 (Linux: 0, LM: 2)
Attack Status Summary:
- Linux SHA-512 attacks (aa-ah): 0 processes active
- Windows LM attacks (ai-ap): 2 processes active (may have completed)
- Passwords discovered: Linux (0/8), LM (0/8)
Process distribution: Hydra: 21, John: 2, Total: 23
Recent activity check:
- Log files updated in last minute: 1

=== Status Check at Sun Sep 14 12:25:45 AM PDT 2025 ===
Active John processes: 2 (Linux: 0, LM: 2)
Attack Status Summary:
- Linux SHA-512 attacks (aa-ah): 0 processes active
- Windows LM attacks (ai-ap): 2 processes active (may have completed)
- Passwords discovered: Linux (0/8), LM (0/8)
Process distribution: Hydra: 21, John: 2, Total: 23
Recent activity check:
- Log files updated in last minute: 1

=== Status Check at Sun Sep 14 12:26:46 AM PDT 2025 ===
Active John processes: 2 (Linux: 0, LM: 2)
Attack Status Summary:
- Linux SHA-512 attacks (aa-ah): 0 processes active
- Windows LM attacks (ai-ap): 2 processes active (may have completed)
- Passwords discovered: Linux (0/8), LM (0/8)
Process distribution: Hydra: 21, John: 2, Total: 23
Recent activity check:
- Log files updated in last minute: 0

=== Status Check at Sun Sep 14 12:27:46 AM PDT 2025 ===
Active John processes: 2 (Linux: 0, LM: 2)
Attack Status Summary:
- Linux SHA-512 attacks (aa-ah): 0 processes active
- Windows LM attacks (ai-ap): 2 processes active (may have completed)
- Passwords discovered: Linux (0/8), LM (0/8)
Process distribution: Hydra: 21, John: 2, Total: 23
Recent activity check:
- Log files updated in last minute: 0

=== Status Check at Sun Sep 14 12:28:46 AM PDT 2025 ===
Active John processes: 2 (Linux: 0, LM: 2)
Attack Status Summary:
- Linux SHA-512 attacks (aa-ah): 0 processes active
- Windows LM attacks (ai-ap): 2 processes active (may have completed)
- Passwords discovered: Linux (0/8), LM (0/8)
Process distribution: Hydra: 21, John: 2, Total: 23
Recent activity check:
- Log files updated in last minute: 0

=== Status Check at Sun Sep 14 12:29:46 AM PDT 2025 ===
Active John processes: 2 (Linux: 0, LM: 2)
Attack Status Summary:
- Linux SHA-512 attacks (aa-ah): 0 processes active
- Windows LM attacks (ai-ap): 2 processes active (may have completed)
- Passwords discovered: Linux (0/8), LM (0/8)
Process distribution: Hydra: 21, John: 2, Total: 23
Recent activity check:
- Log files updated in last minute: 0

=== Status Check at Sun Sep 14 12:30:46 AM PDT 2025 ===
Active John processes: 2 (Linux: 0, LM: 2)
Attack Status Summary:
- Linux SHA-512 attacks (aa-ah): 0 processes active
- Windows LM attacks (ai-ap): 2 processes active (may have completed)
- Passwords discovered: Linux (0/8), LM (0/8)
Process distribution: Hydra: 21, John: 2, Total: 23
Recent activity check:
- Log files updated in last minute: 1

=== Status Check at Sun Sep 14 12:31:46 AM PDT 2025 ===
Active John processes: 2 (Linux: 0, LM: 2)
Attack Status Summary:
- Linux SHA-512 attacks (aa-ah): 0 processes active
- Windows LM attacks (ai-ap): 2 processes active (may have completed)
- Passwords discovered: Linux (0/8), LM (0/8)
Process distribution: Hydra: 21, John: 2, Total: 23
Recent activity check:
- Log files updated in last minute: 0

=== Status Check at Sun Sep 14 12:32:46 AM PDT 2025 ===
Active John processes: 2 (Linux: 0, LM: 2)
Attack Status Summary:
- Linux SHA-512 attacks (aa-ah): 0 processes active
- Windows LM attacks (ai-ap): 2 processes active (may have completed)
- Passwords discovered: Linux (0/8), LM (0/8)
Process distribution: Hydra: 21, John: 2, Total: 23
Recent activity check:
- Log files updated in last minute: 0

=== Status Check at Sun Sep 14 12:33:46 AM PDT 2025 ===
Active John processes: 2 (Linux: 0, LM: 2)
Attack Status Summary:
- Linux SHA-512 attacks (aa-ah): 0 processes active
- Windows LM attacks (ai-ap): 2 processes active (may have completed)
- Passwords discovered: Linux (0/8), LM (0/8)
Process distribution: Hydra: 21, John: 2, Total: 23
Recent activity check:
- Log files updated in last minute: 0

=== Status Check at Sun Sep 14 12:34:46 AM PDT 2025 ===
Active John processes: 2 (Linux: 0, LM: 2)
Attack Status Summary:
- Linux SHA-512 attacks (aa-ah): 0 processes active
- Windows LM attacks (ai-ap): 2 processes active (may have completed)
- Passwords discovered: Linux (0/8), LM (0/8)
Process distribution: Hydra: 21, John: 2, Total: 23
Recent activity check:
- Log files updated in last minute: 0

=== Status Check at Sun Sep 14 12:35:47 AM PDT 2025 ===
Active John processes: 2 (Linux: 0, LM: 2)
Attack Status Summary:
- Linux SHA-512 attacks (aa-ah): 0 processes active
- Windows LM attacks (ai-ap): 2 processes active (may have completed)
- Passwords discovered: Linux (0/8), LM (0/8)
Process distribution: Hydra: 21, John: 2, Total: 23
Recent activity check:
- Log files updated in last minute: 0

=== Status Check at Sun Sep 14 12:36:47 AM PDT 2025 ===
Active John processes: 2 (Linux: 0, LM: 2)
Attack Status Summary:
- Linux SHA-512 attacks (aa-ah): 0 processes active
- Windows LM attacks (ai-ap): 2 processes active (may have completed)
- Passwords discovered: Linux (0/8), LM (0/8)
Process distribution: Hydra: 21, John: 2, Total: 23
Recent activity check:
- Log files updated in last minute: 1

=== Status Check at Sun Sep 14 12:37:47 AM PDT 2025 ===
Active John processes: 2 (Linux: 0, LM: 2)
Attack Status Summary:
- Linux SHA-512 attacks (aa-ah): 0 processes active
- Windows LM attacks (ai-ap): 2 processes active (may have completed)
- Passwords discovered: Linux (0/8), LM (0/8)
Process distribution: Hydra: 21, John: 2, Total: 23
Recent activity check:
- Log files updated in last minute: 0

=== Status Check at Sun Sep 14 12:38:47 AM PDT 2025 ===
Active John processes: 2 (Linux: 0, LM: 2)
Attack Status Summary:
- Linux SHA-512 attacks (aa-ah): 0 processes active
- Windows LM attacks (ai-ap): 2 processes active (may have completed)
- Passwords discovered: Linux (0/8), LM (0/8)
Process distribution: Hydra: 21, John: 2, Total: 23
Recent activity check:
- Log files updated in last minute: 0

=== Status Check at Sun Sep 14 12:39:47 AM PDT 2025 ===
Active John processes: 2 (Linux: 0, LM: 2)
Attack Status Summary:
- Linux SHA-512 attacks (aa-ah): 0 processes active
- Windows LM attacks (ai-ap): 2 processes active (may have completed)
- Passwords discovered: Linux (0/8), LM (0/8)
Process distribution: Hydra: 21, John: 2, Total: 23
Recent activity check:
- Log files updated in last minute: 0

=== Status Check at Sun Sep 14 12:40:47 AM PDT 2025 ===
Active John processes: 2 (Linux: 0, LM: 2)
Attack Status Summary:
- Linux SHA-512 attacks (aa-ah): 0 processes active
- Windows LM attacks (ai-ap): 2 processes active (may have completed)
- Passwords discovered: Linux (0/8), LM (0/8)
Process distribution: Hydra: 21, John: 2, Total: 23
Recent activity check:
- Log files updated in last minute: 0

=== Status Check at Sun Sep 14 12:41:47 AM PDT 2025 ===
Active John processes: 2 (Linux: 0, LM: 2)
Attack Status Summary:
- Linux SHA-512 attacks (aa-ah): 0 processes active
- Windows LM attacks (ai-ap): 2 processes active (may have completed)
- Passwords discovered: Linux (0/8), LM (0/8)
Process distribution: Hydra: 21, John: 2, Total: 23
Recent activity check:
- Log files updated in last minute: 1

=== Status Check at Sun Sep 14 12:42:47 AM PDT 2025 ===
Active John processes: 2 (Linux: 0, LM: 2)
Attack Status Summary:
- Linux SHA-512 attacks (aa-ah): 0 processes active
- Windows LM attacks (ai-ap): 2 processes active (may have completed)
- Passwords discovered: Linux (0/8), LM (0/8)
Process distribution: Hydra: 21, John: 2, Total: 23
Recent activity check:
- Log files updated in last minute: 1

=== Status Check at Sun Sep 14 12:43:47 AM PDT 2025 ===
Active John processes: 2 (Linux: 0, LM: 2)
Attack Status Summary:
- Linux SHA-512 attacks (aa-ah): 0 processes active
- Windows LM attacks (ai-ap): 2 processes active (may have completed)
- Passwords discovered: Linux (0/8), LM (0/8)
Process distribution: Hydra: 21, John: 2, Total: 23
Recent activity check:
- Log files updated in last minute: 0

=== Status Check at Sun Sep 14 12:44:48 AM PDT 2025 ===
Active John processes: 2 (Linux: 0, LM: 2)
Attack Status Summary:
- Linux SHA-512 attacks (aa-ah): 0 processes active
- Windows LM attacks (ai-ap): 2 processes active (may have completed)
- Passwords discovered: Linux (0/8), LM (0/8)
Process distribution: Hydra: 21, John: 2, Total: 23
Recent activity check:
- Log files updated in last minute: 0

=== Status Check at Sun Sep 14 12:45:48 AM PDT 2025 ===
Active John processes: 2 (Linux: 0, LM: 2)
Attack Status Summary:
- Linux SHA-512 attacks (aa-ah): 0 processes active
- Windows LM attacks (ai-ap): 2 processes active (may have completed)
- Passwords discovered: Linux (0/8), LM (0/8)
Process distribution: Hydra: 21, John: 2, Total: 23
Recent activity check:
- Log files updated in last minute: 0

=== Status Check at Sun Sep 14 12:46:48 AM PDT 2025 ===
Active John processes: 2 (Linux: 0, LM: 2)
Attack Status Summary:
- Linux SHA-512 attacks (aa-ah): 0 processes active
- Windows LM attacks (ai-ap): 2 processes active (may have completed)
- Passwords discovered: Linux (0/8), LM (0/8)
Process distribution: Hydra: 21, John: 2, Total: 23
Recent activity check:
- Log files updated in last minute: 0

=== Status Check at Sun Sep 14 12:47:48 AM PDT 2025 ===
Active John processes: 2 (Linux: 0, LM: 2)
Attack Status Summary:
- Linux SHA-512 attacks (aa-ah): 0 processes active
- Windows LM attacks (ai-ap): 2 processes active (may have completed)
- Passwords discovered: Linux (0/8), LM (0/8)
Process distribution: Hydra: 21, John: 2, Total: 23
Recent activity check:
- Log files updated in last minute: 0

=== Status Check at Sun Sep 14 12:48:48 AM PDT 2025 ===
Active John processes: 2 (Linux: 0, LM: 2)
Attack Status Summary:
- Linux SHA-512 attacks (aa-ah): 0 processes active
- Windows LM attacks (ai-ap): 2 processes active (may have completed)
- Passwords discovered: Linux (0/8), LM (0/8)
Process distribution: Hydra: 21, John: 2, Total: 23
Recent activity check:
- Log files updated in last minute: 1

=== Status Check at Sun Sep 14 12:49:48 AM PDT 2025 ===
Active John processes: 2 (Linux: 0, LM: 2)
Attack Status Summary:
- Linux SHA-512 attacks (aa-ah): 0 processes active
- Windows LM attacks (ai-ap): 2 processes active (may have completed)
- Passwords discovered: Linux (0/8), LM (0/8)
Process distribution: Hydra: 21, John: 2, Total: 23
Recent activity check:
- Log files updated in last minute: 0

=== Status Check at Sun Sep 14 12:50:48 AM PDT 2025 ===
Active John processes: 2 (Linux: 0, LM: 2)
Attack Status Summary:
- Linux SHA-512 attacks (aa-ah): 0 processes active
- Windows LM attacks (ai-ap): 2 processes active (may have completed)
- Passwords discovered: Linux (0/8), LM (0/8)
Process distribution: Hydra: 21, John: 2, Total: 23
Recent activity check:
- Log files updated in last minute: 0

=== Status Check at Sun Sep 14 12:51:48 AM PDT 2025 ===
Active John processes: 2 (Linux: 0, LM: 2)
Attack Status Summary:
- Linux SHA-512 attacks (aa-ah): 0 processes active
- Windows LM attacks (ai-ap): 2 processes active (may have completed)
- Passwords discovered: Linux (0/8), LM (0/8)
Process distribution: Hydra: 21, John: 2, Total: 23
Recent activity check:
- Log files updated in last minute: 0

=== Status Check at Sun Sep 14 12:52:48 AM PDT 2025 ===
Active John processes: 2 (Linux: 0, LM: 2)
Attack Status Summary:
- Linux SHA-512 attacks (aa-ah): 0 processes active
- Windows LM attacks (ai-ap): 2 processes active (may have completed)
- Passwords discovered: Linux (0/8), LM (0/8)
Process distribution: Hydra: 21, John: 2, Total: 23
Recent activity check:
- Log files updated in last minute: 0

=== Status Check at Sun Sep 14 12:53:48 AM PDT 2025 ===
Active John processes: 2 (Linux: 0, LM: 2)
Attack Status Summary:
- Linux SHA-512 attacks (aa-ah): 0 processes active
- Windows LM attacks (ai-ap): 2 processes active (may have completed)
- Passwords discovered: Linux (0/8), LM (0/8)
Process distribution: Hydra: 21, John: 2, Total: 23
Recent activity check:
- Log files updated in last minute: 1

=== Status Check at Sun Sep 14 12:54:49 AM PDT 2025 ===
Active John processes: 2 (Linux: 0, LM: 2)
Attack Status Summary:
- Linux SHA-512 attacks (aa-ah): 0 processes active
- Windows LM attacks (ai-ap): 2 processes active (may have completed)
- Passwords discovered: Linux (0/8), LM (0/8)
Process distribution: Hydra: 21, John: 2, Total: 23
Recent activity check:
- Log files updated in last minute: 0

=== Status Check at Sun Sep 14 12:55:49 AM PDT 2025 ===
Active John processes: 2 (Linux: 0, LM: 2)
Attack Status Summary:
- Linux SHA-512 attacks (aa-ah): 0 processes active
- Windows LM attacks (ai-ap): 2 processes active (may have completed)
- Passwords discovered: Linux (0/8), LM (0/8)
Process distribution: Hydra: 21, John: 2, Total: 23
Recent activity check:
- Log files updated in last minute: 0

=== Status Check at Sun Sep 14 12:56:49 AM PDT 2025 ===
Active John processes: 2 (Linux: 0, LM: 2)
Attack Status Summary:
- Linux SHA-512 attacks (aa-ah): 0 processes active
- Windows LM attacks (ai-ap): 2 processes active (may have completed)
- Passwords discovered: Linux (0/8), LM (0/8)
Process distribution: Hydra: 21, John: 2, Total: 23
Recent activity check:
- Log files updated in last minute: 0

=== Status Check at Sun Sep 14 12:57:49 AM PDT 2025 ===
Active John processes: 2 (Linux: 0, LM: 2)
Attack Status Summary:
- Linux SHA-512 attacks (aa-ah): 0 processes active
- Windows LM attacks (ai-ap): 2 processes active (may have completed)
- Passwords discovered: Linux (0/8), LM (0/8)
Process distribution: Hydra: 21, John: 2, Total: 23
Recent activity check:
- Log files updated in last minute: 0

=== Status Check at Sun Sep 14 12:58:49 AM PDT 2025 ===
Active John processes: 2 (Linux: 0, LM: 2)
Attack Status Summary:
- Linux SHA-512 attacks (aa-ah): 0 processes active
- Windows LM attacks (ai-ap): 2 processes active (may have completed)
- Passwords discovered: Linux (0/8), LM (0/8)
Process distribution: Hydra: 21, John: 2, Total: 23
Recent activity check:
- Log files updated in last minute: 0

=== Status Check at Sun Sep 14 12:59:49 AM PDT 2025 ===
Active John processes: 2 (Linux: 0, LM: 2)
Attack Status Summary:
- Linux SHA-512 attacks (aa-ah): 0 processes active
- Windows LM attacks (ai-ap): 2 processes active (may have completed)
- Passwords discovered: Linux (0/8), LM (0/8)
Process distribution: Hydra: 21, John: 2, Total: 23
Recent activity check:
- Log files updated in last minute: 1

=== Status Check at Sun Sep 14 01:00:49 AM PDT 2025 ===
Active John processes: 2 (Linux: 0, LM: 2)
Attack Status Summary:
- Linux SHA-512 attacks (aa-ah): 0 processes active
- Windows LM attacks (ai-ap): 2 processes active (may have completed)
- Passwords discovered: Linux (0/8), LM (0/8)
Process distribution: Hydra: 21, John: 2, Total: 23
Recent activity check:
- Log files updated in last minute: 0

=== Status Check at Sun Sep 14 01:01:49 AM PDT 2025 ===
Active John processes: 2 (Linux: 0, LM: 2)
Attack Status Summary:
- Linux SHA-512 attacks (aa-ah): 0 processes active
- Windows LM attacks (ai-ap): 2 processes active (may have completed)
- Passwords discovered: Linux (0/8), LM (0/8)
Process distribution: Hydra: 21, John: 2, Total: 23
Recent activity check:
- Log files updated in last minute: 0

=== Status Check at Sun Sep 14 01:02:50 AM PDT 2025 ===
Active John processes: 2 (Linux: 0, LM: 2)
Attack Status Summary:
- Linux SHA-512 attacks (aa-ah): 0 processes active
- Windows LM attacks (ai-ap): 2 processes active (may have completed)
- Passwords discovered: Linux (0/8), LM (0/8)
Process distribution: Hydra: 21, John: 2, Total: 23
Recent activity check:
- Log files updated in last minute: 0

=== Status Check at Sun Sep 14 01:03:50 AM PDT 2025 ===
Active John processes: 2 (Linux: 0, LM: 2)
Attack Status Summary:
- Linux SHA-512 attacks (aa-ah): 0 processes active
- Windows LM attacks (ai-ap): 2 processes active (may have completed)
- Passwords discovered: Linux (0/8), LM (0/8)
Process distribution: Hydra: 21, John: 2, Total: 23
Recent activity check:
- Log files updated in last minute: 0

=== Status Check at Sun Sep 14 01:04:50 AM PDT 2025 ===
Active John processes: 2 (Linux: 0, LM: 2)
Attack Status Summary:
- Linux SHA-512 attacks (aa-ah): 0 processes active
- Windows LM attacks (ai-ap): 2 processes active (may have completed)
- Passwords discovered: Linux (0/8), LM (0/8)
Process distribution: Hydra: 21, John: 2, Total: 23
Recent activity check:
- Log files updated in last minute: 0

=== Status Check at Sun Sep 14 01:05:50 AM PDT 2025 ===
Active John processes: 2 (Linux: 0, LM: 2)
Attack Status Summary:
- Linux SHA-512 attacks (aa-ah): 0 processes active
- Windows LM attacks (ai-ap): 2 processes active (may have completed)
- Passwords discovered: Linux (0/8), LM (0/8)
Process distribution: Hydra: 21, John: 2, Total: 23
Recent activity check:
- Log files updated in last minute: 0

=== Status Check at Sun Sep 14 01:06:50 AM PDT 2025 ===
Active John processes: 2 (Linux: 0, LM: 2)
Attack Status Summary:
- Linux SHA-512 attacks (aa-ah): 0 processes active
- Windows LM attacks (ai-ap): 2 processes active (may have completed)
- Passwords discovered: Linux (0/8), LM (0/8)
Process distribution: Hydra: 21, John: 2, Total: 23
Recent activity check:
- Log files updated in last minute: 1

=== Status Check at Sun Sep 14 01:07:50 AM PDT 2025 ===
Active John processes: 2 (Linux: 0, LM: 2)
Attack Status Summary:
- Linux SHA-512 attacks (aa-ah): 0 processes active
- Windows LM attacks (ai-ap): 2 processes active (may have completed)
- Passwords discovered: Linux (0/8), LM (0/8)
Process distribution: Hydra: 21, John: 2, Total: 23
Recent activity check:
- Log files updated in last minute: 0

=== Status Check at Sun Sep 14 01:08:50 AM PDT 2025 ===
Active John processes: 2 (Linux: 0, LM: 2)
Attack Status Summary:
- Linux SHA-512 attacks (aa-ah): 0 processes active
- Windows LM attacks (ai-ap): 2 processes active (may have completed)
- Passwords discovered: Linux (0/8), LM (0/8)
Process distribution: Hydra: 21, John: 2, Total: 23
Recent activity check:
- Log files updated in last minute: 0

=== Status Check at Sun Sep 14 01:09:50 AM PDT 2025 ===
Active John processes: 2 (Linux: 0, LM: 2)
Attack Status Summary:
- Linux SHA-512 attacks (aa-ah): 0 processes active
- Windows LM attacks (ai-ap): 2 processes active (may have completed)
- Passwords discovered: Linux (0/8), LM (0/8)
Process distribution: Hydra: 21, John: 2, Total: 23
Recent activity check:
- Log files updated in last minute: 0

=== Status Check at Sun Sep 14 01:10:50 AM PDT 2025 ===
Active John processes: 2 (Linux: 0, LM: 2)
Attack Status Summary:
- Linux SHA-512 attacks (aa-ah): 0 processes active
- Windows LM attacks (ai-ap): 2 processes active (may have completed)
- Passwords discovered: Linux (0/8), LM (0/8)
Process distribution: Hydra: 21, John: 2, Total: 23
Recent activity check:
- Log files updated in last minute: 0

=== Status Check at Sun Sep 14 01:11:51 AM PDT 2025 ===
Active John processes: 2 (Linux: 0, LM: 2)
Attack Status Summary:
- Linux SHA-512 attacks (aa-ah): 0 processes active
- Windows LM attacks (ai-ap): 2 processes active (may have completed)
- Passwords discovered: Linux (0/8), LM (0/8)
Process distribution: Hydra: 21, John: 2, Total: 23
Recent activity check:
- Log files updated in last minute: 0

=== Status Check at Sun Sep 14 01:12:51 AM PDT 2025 ===
Active John processes: 2 (Linux: 0, LM: 2)
Attack Status Summary:
- Linux SHA-512 attacks (aa-ah): 0 processes active
- Windows LM attacks (ai-ap): 2 processes active (may have completed)
- Passwords discovered: Linux (0/8), LM (0/8)
Process distribution: Hydra: 21, John: 2, Total: 23
Recent activity check:
- Log files updated in last minute: 0

=== Status Check at Sun Sep 14 01:13:51 AM PDT 2025 ===
Active John processes: 2 (Linux: 0, LM: 2)
Attack Status Summary:
- Linux SHA-512 attacks (aa-ah): 0 processes active
- Windows LM attacks (ai-ap): 2 processes active (may have completed)
- Passwords discovered: Linux (0/8), LM (0/8)
Process distribution: Hydra: 21, John: 2, Total: 23
Recent activity check:
- Log files updated in last minute: 1

=== Status Check at Sun Sep 14 01:14:51 AM PDT 2025 ===
Active John processes: 2 (Linux: 0, LM: 2)
Attack Status Summary:
- Linux SHA-512 attacks (aa-ah): 0 processes active
- Windows LM attacks (ai-ap): 2 processes active (may have completed)
- Passwords discovered: Linux (0/8), LM (0/8)
Process distribution: Hydra: 21, John: 2, Total: 23
Recent activity check:
- Log files updated in last minute: 0

=== Status Check at Sun Sep 14 01:15:51 AM PDT 2025 ===
Active John processes: 2 (Linux: 0, LM: 2)
Attack Status Summary:
- Linux SHA-512 attacks (aa-ah): 0 processes active
- Windows LM attacks (ai-ap): 2 processes active (may have completed)
- Passwords discovered: Linux (0/8), LM (0/8)
Process distribution: Hydra: 21, John: 2, Total: 23
Recent activity check:
- Log files updated in last minute: 0

=== Status Check at Sun Sep 14 01:16:51 AM PDT 2025 ===
Active John processes: 2 (Linux: 0, LM: 2)
Attack Status Summary:
- Linux SHA-512 attacks (aa-ah): 0 processes active
- Windows LM attacks (ai-ap): 2 processes active (may have completed)
- Passwords discovered: Linux (0/8), LM (0/8)
Process distribution: Hydra: 21, John: 2, Total: 23
Recent activity check:
- Log files updated in last minute: 0

=== Status Check at Sun Sep 14 01:17:51 AM PDT 2025 ===
Active John processes: 2 (Linux: 0, LM: 2)
Attack Status Summary:
- Linux SHA-512 attacks (aa-ah): 0 processes active
- Windows LM attacks (ai-ap): 2 processes active (may have completed)
- Passwords discovered: Linux (0/8), LM (0/8)
Process distribution: Hydra: 21, John: 2, Total: 23
Recent activity check:
- Log files updated in last minute: 0

=== Status Check at Sun Sep 14 01:18:51 AM PDT 2025 ===
Active John processes: 2 (Linux: 0, LM: 2)
Attack Status Summary:
- Linux SHA-512 attacks (aa-ah): 0 processes active
- Windows LM attacks (ai-ap): 2 processes active (may have completed)
- Passwords discovered: Linux (0/8), LM (0/8)
Process distribution: Hydra: 21, John: 2, Total: 23
Recent activity check:
- Log files updated in last minute: 0

=== Status Check at Sun Sep 14 01:19:51 AM PDT 2025 ===
Active John processes: 2 (Linux: 0, LM: 2)
Attack Status Summary:
- Linux SHA-512 attacks (aa-ah): 0 processes active
- Windows LM attacks (ai-ap): 2 processes active (may have completed)
- Passwords discovered: Linux (0/8), LM (0/8)
Process distribution: Hydra: 0, John: 2, Total: 2
Recent activity check:
- Log files updated in last minute: 1

=== Status Check at Sun Sep 14 01:20:51 AM PDT 2025 ===
Active John processes: 2 (Linux: 0, LM: 2)
Attack Status Summary:
- Linux SHA-512 attacks (aa-ah): 0 processes active
- Windows LM attacks (ai-ap): 2 processes active (may have completed)
- Passwords discovered: Linux (0/8), LM (0/8)
Process distribution: Hydra: 0, John: 2, Total: 2
Recent activity check:
- Log files updated in last minute: 0

=== Status Check at Sun Sep 14 01:21:52 AM PDT 2025 ===
Active John processes: 2 (Linux: 0, LM: 2)
Attack Status Summary:
- Linux SHA-512 attacks (aa-ah): 0 processes active
- Windows LM attacks (ai-ap): 2 processes active (may have completed)
- Passwords discovered: Linux (0/8), LM (0/8)
Process distribution: Hydra: 0, John: 2, Total: 2
Recent activity check:
- Log files updated in last minute: 0

=== Status Check at Sun Sep 14 01:22:52 AM PDT 2025 ===
Active John processes: 2 (Linux: 0, LM: 2)
Attack Status Summary:
- Linux SHA-512 attacks (aa-ah): 0 processes active
- Windows LM attacks (ai-ap): 2 processes active (may have completed)
- Passwords discovered: Linux (0/8), LM (0/8)
Process distribution: Hydra: 0, John: 2, Total: 2
Recent activity check:
- Log files updated in last minute: 0

=== Status Check at Sun Sep 14 01:23:52 AM PDT 2025 ===
Active John processes: 2 (Linux: 0, LM: 2)
Attack Status Summary:
- Linux SHA-512 attacks (aa-ah): 0 processes active
- Windows LM attacks (ai-ap): 2 processes active (may have completed)
- Passwords discovered: Linux (0/8), LM (0/8)
Process distribution: Hydra: 0, John: 2, Total: 2
Recent activity check:
- Log files updated in last minute: 0

=== Status Check at Sun Sep 14 01:24:52 AM PDT 2025 ===
Active John processes: 2 (Linux: 0, LM: 2)
Attack Status Summary:
- Linux SHA-512 attacks (aa-ah): 0 processes active
- Windows LM attacks (ai-ap): 2 processes active (may have completed)
- Passwords discovered: Linux (0/8), LM (0/8)
Process distribution: Hydra: 0, John: 2, Total: 2
Recent activity check:
- Log files updated in last minute: 0

=== Status Check at Sun Sep 14 01:25:52 AM PDT 2025 ===
Active John processes: 2 (Linux: 0, LM: 2)
Attack Status Summary:
- Linux SHA-512 attacks (aa-ah): 0 processes active
- Windows LM attacks (ai-ap): 2 processes active (may have completed)
- Passwords discovered: Linux (0/8), LM (0/8)
Process distribution: Hydra: 0, John: 2, Total: 2
Recent activity check:
- Log files updated in last minute: 0

=== Status Check at Sun Sep 14 01:26:52 AM PDT 2025 ===
Active John processes: 2 (Linux: 0, LM: 2)
Attack Status Summary:
- Linux SHA-512 attacks (aa-ah): 0 processes active
- Windows LM attacks (ai-ap): 2 processes active (may have completed)
- Passwords discovered: Linux (0/8), LM (0/8)
Process distribution: Hydra: 0, John: 2, Total: 2
Recent activity check:
- Log files updated in last minute: 1

=== Status Check at Sun Sep 14 01:27:52 AM PDT 2025 ===
Active John processes: 2 (Linux: 0, LM: 2)
Attack Status Summary:
- Linux SHA-512 attacks (aa-ah): 0 processes active
- Windows LM attacks (ai-ap): 2 processes active (may have completed)
- Passwords discovered: Linux (0/8), LM (0/8)
Process distribution: Hydra: 12, John: 2, Total: 14
Recent activity check:
- Log files updated in last minute: 0

=== Status Check at Sun Sep 14 01:28:52 AM PDT 2025 ===
Active John processes: 2 (Linux: 0, LM: 2)
Attack Status Summary:
- Linux SHA-512 attacks (aa-ah): 0 processes active
- Windows LM attacks (ai-ap): 2 processes active (may have completed)
- Passwords discovered: Linux (0/8), LM (0/8)
Process distribution: Hydra: 12, John: 2, Total: 14
Recent activity check:
- Log files updated in last minute: 0

=== Status Check at Sun Sep 14 01:29:53 AM PDT 2025 ===
Active John processes: 2 (Linux: 0, LM: 2)
Attack Status Summary:
- Linux SHA-512 attacks (aa-ah): 0 processes active
- Windows LM attacks (ai-ap): 2 processes active (may have completed)
- Passwords discovered: Linux (0/8), LM (0/8)
Process distribution: Hydra: 172, John: 2, Total: 174
Recent activity check:
- Log files updated in last minute: 0

=== Status Check at Sun Sep 14 01:30:53 AM PDT 2025 ===
Active John processes: 2 (Linux: 0, LM: 2)
Attack Status Summary:
- Linux SHA-512 attacks (aa-ah): 0 processes active
- Windows LM attacks (ai-ap): 2 processes active (may have completed)
- Passwords discovered: Linux (0/8), LM (0/8)
Process distribution: Hydra: 172, John: 2, Total: 174
Recent activity check:
- Log files updated in last minute: 0

=== Status Check at Sun Sep 14 01:31:53 AM PDT 2025 ===
Active John processes: 2 (Linux: 0, LM: 2)
Attack Status Summary:
- Linux SHA-512 attacks (aa-ah): 0 processes active
- Windows LM attacks (ai-ap): 2 processes active (may have completed)
- Passwords discovered: Linux (0/8), LM (0/8)
Process distribution: Hydra: 172, John: 2, Total: 174
Recent activity check:
- Log files updated in last minute: 0

=== Status Check at Sun Sep 14 01:32:53 AM PDT 2025 ===
Active John processes: 2 (Linux: 0, LM: 2)
Attack Status Summary:
- Linux SHA-512 attacks (aa-ah): 0 processes active
- Windows LM attacks (ai-ap): 2 processes active (may have completed)
- Passwords discovered: Linux (0/8), LM (0/8)
Process distribution: Hydra: 172, John: 2, Total: 174
Recent activity check:
- Log files updated in last minute: 0

=== Status Check at Sun Sep 14 01:33:53 AM PDT 2025 ===
Active John processes: 2 (Linux: 0, LM: 2)
Attack Status Summary:
- Linux SHA-512 attacks (aa-ah): 0 processes active
- Windows LM attacks (ai-ap): 2 processes active (may have completed)
- Passwords discovered: Linux (0/8), LM (0/8)
Process distribution: Hydra: 172, John: 2, Total: 174
Recent activity check:
- Log files updated in last minute: 0

=== Status Check at Sun Sep 14 01:34:53 AM PDT 2025 ===
Active John processes: 2 (Linux: 0, LM: 2)
Attack Status Summary:
- Linux SHA-512 attacks (aa-ah): 0 processes active
- Windows LM attacks (ai-ap): 2 processes active (may have completed)
- Passwords discovered: Linux (0/8), LM (0/8)
Process distribution: Hydra: 172, John: 2, Total: 174
Recent activity check:
- Log files updated in last minute: 1

=== Status Check at Sun Sep 14 01:35:53 AM PDT 2025 ===
Active John processes: 2 (Linux: 0, LM: 2)
Attack Status Summary:
- Linux SHA-512 attacks (aa-ah): 0 processes active
- Windows LM attacks (ai-ap): 2 processes active (may have completed)
- Passwords discovered: Linux (0/8), LM (0/8)
Process distribution: Hydra: 172, John: 2, Total: 174
Recent activity check:
- Log files updated in last minute: 0

=== Status Check at Sun Sep 14 01:36:54 AM PDT 2025 ===
Active John processes: 2 (Linux: 0, LM: 2)
Attack Status Summary:
- Linux SHA-512 attacks (aa-ah): 0 processes active
- Windows LM attacks (ai-ap): 2 processes active (may have completed)
- Passwords discovered: Linux (0/8), LM (0/8)
Process distribution: Hydra: 172, John: 2, Total: 174
Recent activity check:
- Log files updated in last minute: 0

=== Status Check at Sun Sep 14 01:37:54 AM PDT 2025 ===
Active John processes: 2 (Linux: 0, LM: 2)
Attack Status Summary:
- Linux SHA-512 attacks (aa-ah): 0 processes active
- Windows LM attacks (ai-ap): 2 processes active (may have completed)
- Passwords discovered: Linux (0/8), LM (0/8)
Process distribution: Hydra: 172, John: 2, Total: 174
Recent activity check:
- Log files updated in last minute: 0

=== Status Check at Sun Sep 14 01:38:54 AM PDT 2025 ===
Active John processes: 2 (Linux: 0, LM: 2)
Attack Status Summary:
- Linux SHA-512 attacks (aa-ah): 0 processes active
- Windows LM attacks (ai-ap): 2 processes active (may have completed)
- Passwords discovered: Linux (0/8), LM (0/8)
Process distribution: Hydra: 172, John: 2, Total: 174
Recent activity check:
- Log files updated in last minute: 0

=== Status Check at Sun Sep 14 01:39:54 AM PDT 2025 ===
Active John processes: 2 (Linux: 0, LM: 2)
Attack Status Summary:
- Linux SHA-512 attacks (aa-ah): 0 processes active
- Windows LM attacks (ai-ap): 2 processes active (may have completed)
- Passwords discovered: Linux (0/8), LM (0/8)
Process distribution: Hydra: 172, John: 2, Total: 174
Recent activity check:
- Log files updated in last minute: 0

=== Status Check at Sun Sep 14 01:40:54 AM PDT 2025 ===
Active John processes: 2 (Linux: 0, LM: 2)
Attack Status Summary:
- Linux SHA-512 attacks (aa-ah): 0 processes active
- Windows LM attacks (ai-ap): 2 processes active (may have completed)
- Passwords discovered: Linux (0/8), LM (0/8)
Process distribution: Hydra: 172, John: 2, Total: 174
Recent activity check:
- Log files updated in last minute: 0

=== Status Check at Sun Sep 14 01:41:54 AM PDT 2025 ===
Active John processes: 2 (Linux: 0, LM: 2)
Attack Status Summary:
- Linux SHA-512 attacks (aa-ah): 0 processes active
- Windows LM attacks (ai-ap): 2 processes active (may have completed)
- Passwords discovered: Linux (0/8), LM (0/8)
Process distribution: Hydra: 172, John: 2, Total: 174
Recent activity check:
- Log files updated in last minute: 1

=== Status Check at Sun Sep 14 01:42:54 AM PDT 2025 ===
Active John processes: 2 (Linux: 0, LM: 2)
Attack Status Summary:
- Linux SHA-512 attacks (aa-ah): 0 processes active
- Windows LM attacks (ai-ap): 2 processes active (may have completed)
- Passwords discovered: Linux (0/8), LM (0/8)
Process distribution: Hydra: 172, John: 2, Total: 174
Recent activity check:
- Log files updated in last minute: 0

=== Status Check at Sun Sep 14 01:43:55 AM PDT 2025 ===
Active John processes: 2 (Linux: 0, LM: 2)
Attack Status Summary:
- Linux SHA-512 attacks (aa-ah): 0 processes active
- Windows LM attacks (ai-ap): 2 processes active (may have completed)
- Passwords discovered: Linux (0/8), LM (0/8)
Process distribution: Hydra: 172, John: 2, Total: 174
Recent activity check:
- Log files updated in last minute: 0

=== Status Check at Sun Sep 14 01:44:55 AM PDT 2025 ===
Active John processes: 2 (Linux: 0, LM: 2)
Attack Status Summary:
- Linux SHA-512 attacks (aa-ah): 0 processes active
- Windows LM attacks (ai-ap): 2 processes active (may have completed)
- Passwords discovered: Linux (0/8), LM (0/8)
Process distribution: Hydra: 172, John: 2, Total: 174
Recent activity check:
- Log files updated in last minute: 0

=== Status Check at Sun Sep 14 01:45:55 AM PDT 2025 ===
Active John processes: 2 (Linux: 0, LM: 2)
Attack Status Summary:
- Linux SHA-512 attacks (aa-ah): 0 processes active
- Windows LM attacks (ai-ap): 2 processes active (may have completed)
- Passwords discovered: Linux (0/8), LM (0/8)
Process distribution: Hydra: 172, John: 2, Total: 174
Recent activity check:
- Log files updated in last minute: 0

=== Status Check at Sun Sep 14 01:46:55 AM PDT 2025 ===
Active John processes: 2 (Linux: 0, LM: 2)
Attack Status Summary:
- Linux SHA-512 attacks (aa-ah): 0 processes active
- Windows LM attacks (ai-ap): 2 processes active (may have completed)
- Passwords discovered: Linux (0/8), LM (0/8)
Process distribution: Hydra: 172, John: 2, Total: 174
Recent activity check:
- Log files updated in last minute: 0

=== Status Check at Sun Sep 14 01:47:55 AM PDT 2025 ===
Active John processes: 2 (Linux: 0, LM: 2)
Attack Status Summary:
- Linux SHA-512 attacks (aa-ah): 0 processes active
- Windows LM attacks (ai-ap): 2 processes active (may have completed)
- Passwords discovered: Linux (0/8), LM (0/8)
Process distribution: Hydra: 170, John: 2, Total: 172
Recent activity check:
- Log files updated in last minute: 1

=== Status Check at Sun Sep 14 01:48:55 AM PDT 2025 ===
Active John processes: 2 (Linux: 0, LM: 2)
Attack Status Summary:
- Linux SHA-512 attacks (aa-ah): 0 processes active
- Windows LM attacks (ai-ap): 2 processes active (may have completed)
- Passwords discovered: Linux (0/8), LM (0/8)
Process distribution: Hydra: 171, John: 2, Total: 173
Recent activity check:
- Log files updated in last minute: 1

=== Status Check at Sun Sep 14 01:49:55 AM PDT 2025 ===
Active John processes: 2 (Linux: 0, LM: 2)
Attack Status Summary:
- Linux SHA-512 attacks (aa-ah): 0 processes active
- Windows LM attacks (ai-ap): 2 processes active (may have completed)
- Passwords discovered: Linux (0/8), LM (0/8)
Process distribution: Hydra: 171, John: 2, Total: 173
Recent activity check:
- Log files updated in last minute: 0

=== Status Check at Sun Sep 14 01:50:55 AM PDT 2025 ===
Active John processes: 2 (Linux: 0, LM: 2)
Attack Status Summary:
- Linux SHA-512 attacks (aa-ah): 0 processes active
- Windows LM attacks (ai-ap): 2 processes active (may have completed)
- Passwords discovered: Linux (0/8), LM (0/8)
Process distribution: Hydra: 171, John: 2, Total: 173
Recent activity check:
- Log files updated in last minute: 0

=== Status Check at Sun Sep 14 01:51:56 AM PDT 2025 ===
Active John processes: 2 (Linux: 0, LM: 2)
Attack Status Summary:
- Linux SHA-512 attacks (aa-ah): 0 processes active
- Windows LM attacks (ai-ap): 2 processes active (may have completed)
- Passwords discovered: Linux (0/8), LM (0/8)
Process distribution: Hydra: 172, John: 2, Total: 174
Recent activity check:
- Log files updated in last minute: 0

=== Status Check at Sun Sep 14 01:52:56 AM PDT 2025 ===
Active John processes: 2 (Linux: 0, LM: 2)
Attack Status Summary:
- Linux SHA-512 attacks (aa-ah): 0 processes active
- Windows LM attacks (ai-ap): 2 processes active (may have completed)
- Passwords discovered: Linux (0/8), LM (0/8)
Process distribution: Hydra: 172, John: 2, Total: 174
Recent activity check:
- Log files updated in last minute: 0

=== Status Check at Sun Sep 14 01:53:56 AM PDT 2025 ===
Active John processes: 2 (Linux: 0, LM: 2)
Attack Status Summary:
- Linux SHA-512 attacks (aa-ah): 0 processes active
- Windows LM attacks (ai-ap): 2 processes active (may have completed)
- Passwords discovered: Linux (0/8), LM (0/8)
Process distribution: Hydra: 171, John: 2, Total: 173
Recent activity check:
- Log files updated in last minute: 0

=== Status Check at Sun Sep 14 01:54:56 AM PDT 2025 ===
Active John processes: 2 (Linux: 0, LM: 2)
Attack Status Summary:
- Linux SHA-512 attacks (aa-ah): 0 processes active
- Windows LM attacks (ai-ap): 2 processes active (may have completed)
- Passwords discovered: Linux (0/8), LM (0/8)
Process distribution: Hydra: 171, John: 2, Total: 173
Recent activity check:
- Log files updated in last minute: 0

=== Status Check at Sun Sep 14 01:55:56 AM PDT 2025 ===
Active John processes: 2 (Linux: 0, LM: 2)
Attack Status Summary:
- Linux SHA-512 attacks (aa-ah): 0 processes active
- Windows LM attacks (ai-ap): 2 processes active (may have completed)
- Passwords discovered: Linux (0/8), LM (0/8)
Process distribution: Hydra: 172, John: 2, Total: 174
Recent activity check:
- Log files updated in last minute: 0

=== Status Check at Sun Sep 14 01:56:56 AM PDT 2025 ===
Active John processes: 2 (Linux: 0, LM: 2)
Attack Status Summary:
- Linux SHA-512 attacks (aa-ah): 0 processes active
- Windows LM attacks (ai-ap): 2 processes active (may have completed)
- Passwords discovered: Linux (0/8), LM (0/8)
Process distribution: Hydra: 172, John: 2, Total: 174
Recent activity check:
- Log files updated in last minute: 1

=== Status Check at Sun Sep 14 01:57:56 AM PDT 2025 ===
Active John processes: 2 (Linux: 0, LM: 2)
Attack Status Summary:
- Linux SHA-512 attacks (aa-ah): 0 processes active
- Windows LM attacks (ai-ap): 2 processes active (may have completed)
- Passwords discovered: Linux (0/8), LM (0/8)
Process distribution: Hydra: 172, John: 2, Total: 174
Recent activity check:
- Log files updated in last minute: 0

=== Status Check at Sun Sep 14 01:58:57 AM PDT 2025 ===
Active John processes: 2 (Linux: 0, LM: 2)
Attack Status Summary:
- Linux SHA-512 attacks (aa-ah): 0 processes active
- Windows LM attacks (ai-ap): 2 processes active (may have completed)
- Passwords discovered: Linux (0/8), LM (0/8)
Process distribution: Hydra: 172, John: 2, Total: 174
Recent activity check:
- Log files updated in last minute: 0

=== Status Check at Sun Sep 14 01:59:57 AM PDT 2025 ===
Active John processes: 2 (Linux: 0, LM: 2)
Attack Status Summary:
- Linux SHA-512 attacks (aa-ah): 0 processes active
- Windows LM attacks (ai-ap): 2 processes active (may have completed)
- Passwords discovered: Linux (0/8), LM (0/8)
Process distribution: Hydra: 172, John: 2, Total: 174
Recent activity check:
- Log files updated in last minute: 0

=== Status Check at Sun Sep 14 02:00:57 AM PDT 2025 ===
Active John processes: 2 (Linux: 0, LM: 2)
Attack Status Summary:
- Linux SHA-512 attacks (aa-ah): 0 processes active
- Windows LM attacks (ai-ap): 2 processes active (may have completed)
- Passwords discovered: Linux (0/8), LM (0/8)
Process distribution: Hydra: 171, John: 2, Total: 173
Recent activity check:
- Log files updated in last minute: 0

=== Status Check at Sun Sep 14 02:01:57 AM PDT 2025 ===
Active John processes: 2 (Linux: 0, LM: 2)
Attack Status Summary:
- Linux SHA-512 attacks (aa-ah): 0 processes active
- Windows LM attacks (ai-ap): 2 processes active (may have completed)
- Passwords discovered: Linux (0/8), LM (0/8)
Process distribution: Hydra: 172, John: 2, Total: 174
Recent activity check:
- Log files updated in last minute: 0

=== Status Check at Sun Sep 14 02:02:57 AM PDT 2025 ===
Active John processes: 2 (Linux: 0, LM: 2)
Attack Status Summary:
- Linux SHA-512 attacks (aa-ah): 0 processes active
- Windows LM attacks (ai-ap): 2 processes active (may have completed)
- Passwords discovered: Linux (0/8), LM (0/8)
Process distribution: Hydra: 172, John: 2, Total: 174
Recent activity check:
- Log files updated in last minute: 0

=== Status Check at Sun Sep 14 02:03:57 AM PDT 2025 ===
Active John processes: 2 (Linux: 0, LM: 2)
Attack Status Summary:
- Linux SHA-512 attacks (aa-ah): 0 processes active
- Windows LM attacks (ai-ap): 2 processes active (may have completed)
- Passwords discovered: Linux (0/8), LM (0/8)
Process distribution: Hydra: 172, John: 2, Total: 174
Recent activity check:
- Log files updated in last minute: 1

=== Status Check at Sun Sep 14 02:04:57 AM PDT 2025 ===
Active John processes: 2 (Linux: 0, LM: 2)
Attack Status Summary:
- Linux SHA-512 attacks (aa-ah): 0 processes active
- Windows LM attacks (ai-ap): 2 processes active (may have completed)
- Passwords discovered: Linux (0/8), LM (0/8)
Process distribution: Hydra: 172, John: 2, Total: 174
Recent activity check:
- Log files updated in last minute: 1

=== Status Check at Sun Sep 14 02:05:57 AM PDT 2025 ===
Active John processes: 2 (Linux: 0, LM: 2)
Attack Status Summary:
- Linux SHA-512 attacks (aa-ah): 0 processes active
- Windows LM attacks (ai-ap): 2 processes active (may have completed)
- Passwords discovered: Linux (0/8), LM (0/8)
Process distribution: Hydra: 162, John: 2, Total: 164
Recent activity check:
- Log files updated in last minute: 0

=== Status Check at Sun Sep 14 02:06:58 AM PDT 2025 ===
Active John processes: 2 (Linux: 0, LM: 2)
Attack Status Summary:
- Linux SHA-512 attacks (aa-ah): 0 processes active
- Windows LM attacks (ai-ap): 2 processes active (may have completed)
- Passwords discovered: Linux (0/8), LM (0/8)
Process distribution: Hydra: 0, John: 2, Total: 2
Recent activity check:
- Log files updated in last minute: 0

=== Status Check at Sun Sep 14 02:07:58 AM PDT 2025 ===
Active John processes: 2 (Linux: 0, LM: 2)
Attack Status Summary:
- Linux SHA-512 attacks (aa-ah): 0 processes active
- Windows LM attacks (ai-ap): 2 processes active (may have completed)
- Passwords discovered: Linux (0/8), LM (0/8)
Process distribution: Hydra: 0, John: 2, Total: 2
Recent activity check:
- Log files updated in last minute: 0

=== Status Check at Sun Sep 14 02:08:58 AM PDT 2025 ===
Active John processes: 2 (Linux: 0, LM: 2)
Attack Status Summary:
- Linux SHA-512 attacks (aa-ah): 0 processes active
- Windows LM attacks (ai-ap): 2 processes active (may have completed)
- Passwords discovered: Linux (0/8), LM (0/8)
Process distribution: Hydra: 0, John: 2, Total: 2
Recent activity check:
- Log files updated in last minute: 0

=== Status Check at Sun Sep 14 02:09:58 AM PDT 2025 ===
Active John processes: 2 (Linux: 0, LM: 2)
Attack Status Summary:
- Linux SHA-512 attacks (aa-ah): 0 processes active
- Windows LM attacks (ai-ap): 2 processes active (may have completed)
- Passwords discovered: Linux (0/8), LM (0/8)
Process distribution: Hydra: 0, John: 2, Total: 2
Recent activity check:
- Log files updated in last minute: 0

=== Status Check at Sun Sep 14 02:10:58 AM PDT 2025 ===
Active John processes: 2 (Linux: 0, LM: 2)
Attack Status Summary:
- Linux SHA-512 attacks (aa-ah): 0 processes active
- Windows LM attacks (ai-ap): 2 processes active (may have completed)
- Passwords discovered: Linux (0/8), LM (0/8)
Process distribution: Hydra: 0, John: 2, Total: 2
Recent activity check:
- Log files updated in last minute: 0

=== Status Check at Sun Sep 14 02:11:58 AM PDT 2025 ===
Active John processes: 2 (Linux: 0, LM: 2)
Attack Status Summary:
- Linux SHA-512 attacks (aa-ah): 0 processes active
- Windows LM attacks (ai-ap): 2 processes active (may have completed)
- Passwords discovered: Linux (0/8), LM (0/8)
Process distribution: Hydra: 0, John: 2, Total: 2
Recent activity check:
- Log files updated in last minute: 1

=== Status Check at Sun Sep 14 02:12:58 AM PDT 2025 ===
Active John processes: 2 (Linux: 0, LM: 2)
Attack Status Summary:
- Linux SHA-512 attacks (aa-ah): 0 processes active
- Windows LM attacks (ai-ap): 2 processes active (may have completed)
- Passwords discovered: Linux (0/8), LM (0/8)
Process distribution: Hydra: 0, John: 2, Total: 2
Recent activity check:
- Log files updated in last minute: 0

=== Status Check at Sun Sep 14 02:13:58 AM PDT 2025 ===
Active John processes: 2 (Linux: 0, LM: 2)
Attack Status Summary:
- Linux SHA-512 attacks (aa-ah): 0 processes active
- Windows LM attacks (ai-ap): 2 processes active (may have completed)
- Passwords discovered: Linux (0/8), LM (0/8)
Process distribution: Hydra: 0, John: 2, Total: 2
Recent activity check:
- Log files updated in last minute: 0

=== Status Check at Sun Sep 14 02:14:58 AM PDT 2025 ===
Active John processes: 2 (Linux: 0, LM: 2)
Attack Status Summary:
- Linux SHA-512 attacks (aa-ah): 0 processes active
- Windows LM attacks (ai-ap): 2 processes active (may have completed)
- Passwords discovered: Linux (0/8), LM (0/8)
Process distribution: Hydra: 0, John: 2, Total: 2
Recent activity check:
- Log files updated in last minute: 0

=== Status Check at Sun Sep 14 02:15:59 AM PDT 2025 ===
Active John processes: 2 (Linux: 0, LM: 2)
Attack Status Summary:
- Linux SHA-512 attacks (aa-ah): 0 processes active
- Windows LM attacks (ai-ap): 2 processes active (may have completed)
- Passwords discovered: Linux (0/8), LM (0/8)
Process distribution: Hydra: 0, John: 2, Total: 2
Recent activity check:
- Log files updated in last minute: 0

=== Status Check at Sun Sep 14 02:16:59 AM PDT 2025 ===
Active John processes: 2 (Linux: 0, LM: 2)
Attack Status Summary:
- Linux SHA-512 attacks (aa-ah): 0 processes active
- Windows LM attacks (ai-ap): 2 processes active (may have completed)
- Passwords discovered: Linux (0/8), LM (0/8)
Process distribution: Hydra: 13, John: 2, Total: 15
Recent activity check:
- Log files updated in last minute: 0

=== Status Check at Sun Sep 14 02:17:59 AM PDT 2025 ===
Active John processes: 2 (Linux: 0, LM: 2)
Attack Status Summary:
- Linux SHA-512 attacks (aa-ah): 0 processes active
- Windows LM attacks (ai-ap): 2 processes active (may have completed)
- Passwords discovered: Linux (0/8), LM (0/8)
Process distribution: Hydra: 23, John: 2, Total: 25
Recent activity check:
- Log files updated in last minute: 0

=== Status Check at Sun Sep 14 02:18:59 AM PDT 2025 ===
Active John processes: 2 (Linux: 0, LM: 2)
Attack Status Summary:
- Linux SHA-512 attacks (aa-ah): 0 processes active
- Windows LM attacks (ai-ap): 2 processes active (may have completed)
- Passwords discovered: Linux (0/8), LM (0/8)
Process distribution: Hydra: 0, John: 2, Total: 2
Recent activity check:
- Log files updated in last minute: 1

=== Status Check at Sun Sep 14 02:19:59 AM PDT 2025 ===
Active John processes: 2 (Linux: 0, LM: 2)
Attack Status Summary:
- Linux SHA-512 attacks (aa-ah): 0 processes active
- Windows LM attacks (ai-ap): 2 processes active (may have completed)
- Passwords discovered: Linux (0/8), LM (0/8)
Process distribution: Hydra: 64, John: 2, Total: 66
Recent activity check:
- Log files updated in last minute: 0

=== Status Check at Sun Sep 14 02:20:59 AM PDT 2025 ===
Active John processes: 2 (Linux: 0, LM: 2)
Attack Status Summary:
- Linux SHA-512 attacks (aa-ah): 0 processes active
- Windows LM attacks (ai-ap): 2 processes active (may have completed)
- Passwords discovered: Linux (0/8), LM (0/8)
Process distribution: Hydra: 63, John: 2, Total: 65
Recent activity check:
- Log files updated in last minute: 0

=== Status Check at Sun Sep 14 02:21:59 AM PDT 2025 ===
Active John processes: 2 (Linux: 0, LM: 2)
Attack Status Summary:
- Linux SHA-512 attacks (aa-ah): 0 processes active
- Windows LM attacks (ai-ap): 2 processes active (may have completed)
- Passwords discovered: Linux (0/8), LM (0/8)
Process distribution: Hydra: 64, John: 2, Total: 66
Recent activity check:
- Log files updated in last minute: 0

=== Status Check at Sun Sep 14 02:22:59 AM PDT 2025 ===
Active John processes: 2 (Linux: 0, LM: 2)
Attack Status Summary:
- Linux SHA-512 attacks (aa-ah): 0 processes active
- Windows LM attacks (ai-ap): 2 processes active (may have completed)
- Passwords discovered: Linux (0/8), LM (0/8)
Process distribution: Hydra: 0, John: 2, Total: 2
Recent activity check:
- Log files updated in last minute: 0

=== Status Check at Sun Sep 14 02:24:00 AM PDT 2025 ===
Active John processes: 2 (Linux: 0, LM: 2)
Attack Status Summary:
- Linux SHA-512 attacks (aa-ah): 0 processes active
- Windows LM attacks (ai-ap): 2 processes active (may have completed)
- Passwords discovered: Linux (0/8), LM (0/8)
Process distribution: Hydra: 0, John: 2, Total: 2
Recent activity check:
- Log files updated in last minute: 0

=== Status Check at Sun Sep 14 02:25:00 AM PDT 2025 ===
Active John processes: 2 (Linux: 0, LM: 2)
Attack Status Summary:
- Linux SHA-512 attacks (aa-ah): 0 processes active
- Windows LM attacks (ai-ap): 2 processes active (may have completed)
- Passwords discovered: Linux (0/8), LM (0/8)
Process distribution: Hydra: 0, John: 2, Total: 2
Recent activity check:
- Log files updated in last minute: 0

=== Status Check at Sun Sep 14 02:26:00 AM PDT 2025 ===
Active John processes: 2 (Linux: 0, LM: 2)
Attack Status Summary:
- Linux SHA-512 attacks (aa-ah): 0 processes active
- Windows LM attacks (ai-ap): 2 processes active (may have completed)
- Passwords discovered: Linux (0/8), LM (0/8)
Process distribution: Hydra: 0, John: 2, Total: 2
Recent activity check:
- Log files updated in last minute: 0

=== Status Check at Sun Sep 14 02:27:00 AM PDT 2025 ===
Active John processes: 2 (Linux: 0, LM: 2)
Attack Status Summary:
- Linux SHA-512 attacks (aa-ah): 0 processes active
- Windows LM attacks (ai-ap): 2 processes active (may have completed)
- Passwords discovered: Linux (0/8), LM (0/8)
Process distribution: Hydra: 0, John: 2, Total: 2
Recent activity check:
- Log files updated in last minute: 1

=== Status Check at Sun Sep 14 02:28:00 AM PDT 2025 ===
Active John processes: 2 (Linux: 0, LM: 2)
Attack Status Summary:
- Linux SHA-512 attacks (aa-ah): 0 processes active
- Windows LM attacks (ai-ap): 2 processes active (may have completed)
- Passwords discovered: Linux (0/8), LM (0/8)
Process distribution: Hydra: 0, John: 2, Total: 2
Recent activity check:
- Log files updated in last minute: 0

=== Status Check at Sun Sep 14 02:29:00 AM PDT 2025 ===
Active John processes: 2 (Linux: 0, LM: 2)
Attack Status Summary:
- Linux SHA-512 attacks (aa-ah): 0 processes active
- Windows LM attacks (ai-ap): 2 processes active (may have completed)
- Passwords discovered: Linux (0/8), LM (0/8)
Process distribution: Hydra: 0, John: 2, Total: 2
Recent activity check:
- Log files updated in last minute: 0

=== Status Check at Sun Sep 14 02:30:00 AM PDT 2025 ===
Active John processes: 2 (Linux: 0, LM: 2)
Attack Status Summary:
- Linux SHA-512 attacks (aa-ah): 0 processes active
- Windows LM attacks (ai-ap): 2 processes active (may have completed)
- Passwords discovered: Linux (0/8), LM (0/8)
Process distribution: Hydra: 0, John: 2, Total: 2
Recent activity check:
- Log files updated in last minute: 0

=== Status Check at Sun Sep 14 02:31:00 AM PDT 2025 ===
Active John processes: 2 (Linux: 0, LM: 2)
Attack Status Summary:
- Linux SHA-512 attacks (aa-ah): 0 processes active
- Windows LM attacks (ai-ap): 2 processes active (may have completed)
- Passwords discovered: Linux (0/8), LM (0/8)
Process distribution: Hydra: 0, John: 2, Total: 2
Recent activity check:
- Log files updated in last minute: 0

=== Status Check at Sun Sep 14 02:32:01 AM PDT 2025 ===
Active John processes: 2 (Linux: 0, LM: 2)
Attack Status Summary:
- Linux SHA-512 attacks (aa-ah): 0 processes active
- Windows LM attacks (ai-ap): 2 processes active (may have completed)
- Passwords discovered: Linux (0/8), LM (0/8)
Process distribution: Hydra: 64, John: 2, Total: 66
Recent activity check:
- Log files updated in last minute: 0

=== Status Check at Sun Sep 14 02:33:01 AM PDT 2025 ===
Active John processes: 2 (Linux: 0, LM: 2)
Attack Status Summary:
- Linux SHA-512 attacks (aa-ah): 0 processes active
- Windows LM attacks (ai-ap): 2 processes active (may have completed)
- Passwords discovered: Linux (0/8), LM (0/8)
Process distribution: Hydra: 64, John: 2, Total: 66
Recent activity check:
- Log files updated in last minute: 0

=== Status Check at Sun Sep 14 02:34:01 AM PDT 2025 ===
Active John processes: 2 (Linux: 0, LM: 2)
Attack Status Summary:
- Linux SHA-512 attacks (aa-ah): 0 processes active
- Windows LM attacks (ai-ap): 2 processes active (may have completed)
- Passwords discovered: Linux (0/8), LM (0/8)
Process distribution: Hydra: 64, John: 2, Total: 66
Recent activity check:
- Log files updated in last minute: 0

=== Status Check at Sun Sep 14 02:35:01 AM PDT 2025 ===
Active John processes: 2 (Linux: 0, LM: 2)
Attack Status Summary:
- Linux SHA-512 attacks (aa-ah): 0 processes active
- Windows LM attacks (ai-ap): 2 processes active (may have completed)
- Passwords discovered: Linux (0/8), LM (0/8)
Process distribution: Hydra: 64, John: 2, Total: 66
Recent activity check:
- Log files updated in last minute: 1

=== Status Check at Sun Sep 14 02:36:01 AM PDT 2025 ===
Active John processes: 2 (Linux: 0, LM: 2)
Attack Status Summary:
- Linux SHA-512 attacks (aa-ah): 0 processes active
- Windows LM attacks (ai-ap): 2 processes active (may have completed)
- Passwords discovered: Linux (0/8), LM (0/8)
Process distribution: Hydra: 64, John: 2, Total: 66
Recent activity check:
- Log files updated in last minute: 0

=== Status Check at Sun Sep 14 02:37:01 AM PDT 2025 ===
Active John processes: 2 (Linux: 0, LM: 2)
Attack Status Summary:
- Linux SHA-512 attacks (aa-ah): 0 processes active
- Windows LM attacks (ai-ap): 2 processes active (may have completed)
- Passwords discovered: Linux (0/8), LM (0/8)
Process distribution: Hydra: 64, John: 2, Total: 66
Recent activity check:
- Log files updated in last minute: 0

=== Status Check at Sun Sep 14 02:38:01 AM PDT 2025 ===
Active John processes: 2 (Linux: 0, LM: 2)
Attack Status Summary:
- Linux SHA-512 attacks (aa-ah): 0 processes active
- Windows LM attacks (ai-ap): 2 processes active (may have completed)
- Passwords discovered: Linux (0/8), LM (0/8)
Process distribution: Hydra: 64, John: 2, Total: 66
Recent activity check:
- Log files updated in last minute: 0

=== Status Check at Sun Sep 14 02:39:02 AM PDT 2025 ===
Active John processes: 2 (Linux: 0, LM: 2)
Attack Status Summary:
- Linux SHA-512 attacks (aa-ah): 0 processes active
- Windows LM attacks (ai-ap): 2 processes active (may have completed)
- Passwords discovered: Linux (0/8), LM (0/8)
Process distribution: Hydra: 64, John: 2, Total: 66
Recent activity check:
- Log files updated in last minute: 0

=== Status Check at Sun Sep 14 02:40:02 AM PDT 2025 ===
Active John processes: 2 (Linux: 0, LM: 2)
Attack Status Summary:
- Linux SHA-512 attacks (aa-ah): 0 processes active
- Windows LM attacks (ai-ap): 2 processes active (may have completed)
- Passwords discovered: Linux (0/8), LM (0/8)
Process distribution: Hydra: 64, John: 2, Total: 66
Recent activity check:
- Log files updated in last minute: 0

=== Status Check at Sun Sep 14 02:41:02 AM PDT 2025 ===
Active John processes: 2 (Linux: 0, LM: 2)
Attack Status Summary:
- Linux SHA-512 attacks (aa-ah): 0 processes active
- Windows LM attacks (ai-ap): 2 processes active (may have completed)
- Passwords discovered: Linux (0/8), LM (0/8)
Process distribution: Hydra: 64, John: 2, Total: 66
Recent activity check:
- Log files updated in last minute: 0

=== Status Check at Sun Sep 14 02:42:02 AM PDT 2025 ===
Active John processes: 2 (Linux: 0, LM: 2)
Attack Status Summary:
- Linux SHA-512 attacks (aa-ah): 0 processes active
- Windows LM attacks (ai-ap): 2 processes active (may have completed)
- Passwords discovered: Linux (0/8), LM (0/8)
Process distribution: Hydra: 64, John: 2, Total: 66
Recent activity check:
- Log files updated in last minute: 0

=== Status Check at Sun Sep 14 02:43:02 AM PDT 2025 ===
Active John processes: 2 (Linux: 0, LM: 2)
Attack Status Summary:
- Linux SHA-512 attacks (aa-ah): 0 processes active
- Windows LM attacks (ai-ap): 2 processes active (may have completed)
- Passwords discovered: Linux (0/8), LM (0/8)
Process distribution: Hydra: 63, John: 2, Total: 65
Recent activity check:
- Log files updated in last minute: 1

=== Status Check at Sun Sep 14 02:44:02 AM PDT 2025 ===
Active John processes: 2 (Linux: 0, LM: 2)
Attack Status Summary:
- Linux SHA-512 attacks (aa-ah): 0 processes active
- Windows LM attacks (ai-ap): 2 processes active (may have completed)
- Passwords discovered: Linux (0/8), LM (0/8)
Process distribution: Hydra: 64, John: 2, Total: 66
Recent activity check:
- Log files updated in last minute: 0

=== Status Check at Sun Sep 14 02:45:02 AM PDT 2025 ===
Active John processes: 2 (Linux: 0, LM: 2)
Attack Status Summary:
- Linux SHA-512 attacks (aa-ah): 0 processes active
- Windows LM attacks (ai-ap): 2 processes active (may have completed)
- Passwords discovered: Linux (0/8), LM (0/8)
Process distribution: Hydra: 64, John: 2, Total: 66
Recent activity check:
- Log files updated in last minute: 0

=== Status Check at Sun Sep 14 02:46:03 AM PDT 2025 ===
Active John processes: 2 (Linux: 0, LM: 2)
Attack Status Summary:
- Linux SHA-512 attacks (aa-ah): 0 processes active
- Windows LM attacks (ai-ap): 2 processes active (may have completed)
- Passwords discovered: Linux (0/8), LM (0/8)
Process distribution: Hydra: 64, John: 2, Total: 66
Recent activity check:
- Log files updated in last minute: 0

=== Status Check at Sun Sep 14 02:47:03 AM PDT 2025 ===
Active John processes: 2 (Linux: 0, LM: 2)
Attack Status Summary:
- Linux SHA-512 attacks (aa-ah): 0 processes active
- Windows LM attacks (ai-ap): 2 processes active (may have completed)
- Passwords discovered: Linux (0/8), LM (0/8)
Process distribution: Hydra: 64, John: 2, Total: 66
Recent activity check:
- Log files updated in last minute: 0

=== Status Check at Sun Sep 14 02:48:03 AM PDT 2025 ===
Active John processes: 2 (Linux: 0, LM: 2)
Attack Status Summary:
- Linux SHA-512 attacks (aa-ah): 0 processes active
- Windows LM attacks (ai-ap): 2 processes active (may have completed)
- Passwords discovered: Linux (0/8), LM (0/8)
Process distribution: Hydra: 64, John: 2, Total: 66
Recent activity check:
- Log files updated in last minute: 0

=== Status Check at Sun Sep 14 02:49:03 AM PDT 2025 ===
Active John processes: 2 (Linux: 0, LM: 2)
Attack Status Summary:
- Linux SHA-512 attacks (aa-ah): 0 processes active
- Windows LM attacks (ai-ap): 2 processes active (may have completed)
- Passwords discovered: Linux (0/8), LM (0/8)
Process distribution: Hydra: 63, John: 2, Total: 65
Recent activity check:
- Log files updated in last minute: 0

=== Status Check at Sun Sep 14 02:50:03 AM PDT 2025 ===
Active John processes: 2 (Linux: 0, LM: 2)
Attack Status Summary:
- Linux SHA-512 attacks (aa-ah): 0 processes active
- Windows LM attacks (ai-ap): 2 processes active (may have completed)
- Passwords discovered: Linux (0/8), LM (0/8)
Process distribution: Hydra: 64, John: 2, Total: 66
Recent activity check:
- Log files updated in last minute: 1

=== Status Check at Sun Sep 14 02:51:03 AM PDT 2025 ===
Active John processes: 2 (Linux: 0, LM: 2)
Attack Status Summary:
- Linux SHA-512 attacks (aa-ah): 0 processes active
- Windows LM attacks (ai-ap): 2 processes active (may have completed)
- Passwords discovered: Linux (0/8), LM (0/8)
Process distribution: Hydra: 64, John: 2, Total: 66
Recent activity check:
- Log files updated in last minute: 0

=== Status Check at Sun Sep 14 02:52:03 AM PDT 2025 ===
Active John processes: 2 (Linux: 0, LM: 2)
Attack Status Summary:
- Linux SHA-512 attacks (aa-ah): 0 processes active
- Windows LM attacks (ai-ap): 2 processes active (may have completed)
- Passwords discovered: Linux (0/8), LM (0/8)
Process distribution: Hydra: 64, John: 2, Total: 66
Recent activity check:
- Log files updated in last minute: 0

=== Status Check at Sun Sep 14 02:53:04 AM PDT 2025 ===
Active John processes: 2 (Linux: 0, LM: 2)
Attack Status Summary:
- Linux SHA-512 attacks (aa-ah): 0 processes active
- Windows LM attacks (ai-ap): 2 processes active (may have completed)
- Passwords discovered: Linux (0/8), LM (0/8)
Process distribution: Hydra: 64, John: 2, Total: 66
Recent activity check:
- Log files updated in last minute: 0

=== Status Check at Sun Sep 14 02:54:04 AM PDT 2025 ===
Active John processes: 2 (Linux: 0, LM: 2)
Attack Status Summary:
- Linux SHA-512 attacks (aa-ah): 0 processes active
- Windows LM attacks (ai-ap): 2 processes active (may have completed)
- Passwords discovered: Linux (0/8), LM (0/8)
Process distribution: Hydra: 64, John: 2, Total: 66
Recent activity check:
- Log files updated in last minute: 0

=== Status Check at Sun Sep 14 02:55:04 AM PDT 2025 ===
Active John processes: 2 (Linux: 0, LM: 2)
Attack Status Summary:
- Linux SHA-512 attacks (aa-ah): 0 processes active
- Windows LM attacks (ai-ap): 2 processes active (may have completed)
- Passwords discovered: Linux (0/8), LM (0/8)
Process distribution: Hydra: 64, John: 2, Total: 66
Recent activity check:
- Log files updated in last minute: 0

=== Status Check at Sun Sep 14 02:56:04 AM PDT 2025 ===
Active John processes: 2 (Linux: 0, LM: 2)
Attack Status Summary:
- Linux SHA-512 attacks (aa-ah): 0 processes active
- Windows LM attacks (ai-ap): 2 processes active (may have completed)
- Passwords discovered: Linux (0/8), LM (0/8)
Process distribution: Hydra: 64, John: 2, Total: 66
Recent activity check:
- Log files updated in last minute: 0

=== Status Check at Sun Sep 14 02:57:04 AM PDT 2025 ===
Active John processes: 2 (Linux: 0, LM: 2)
Attack Status Summary:
- Linux SHA-512 attacks (aa-ah): 0 processes active
- Windows LM attacks (ai-ap): 2 processes active (may have completed)
- Passwords discovered: Linux (0/8), LM (0/8)
Process distribution: Hydra: 64, John: 2, Total: 66
Recent activity check:
- Log files updated in last minute: 0

=== Status Check at Sun Sep 14 02:58:04 AM PDT 2025 ===
Active John processes: 2 (Linux: 0, LM: 2)
Attack Status Summary:
- Linux SHA-512 attacks (aa-ah): 0 processes active
- Windows LM attacks (ai-ap): 2 processes active (may have completed)
- Passwords discovered: Linux (0/8), LM (0/8)
Process distribution: Hydra: 64, John: 2, Total: 66
Recent activity check:
- Log files updated in last minute: 1

=== Status Check at Sun Sep 14 02:59:04 AM PDT 2025 ===
Active John processes: 2 (Linux: 0, LM: 2)
Attack Status Summary:
- Linux SHA-512 attacks (aa-ah): 0 processes active
- Windows LM attacks (ai-ap): 2 processes active (may have completed)
- Passwords discovered: Linux (0/8), LM (0/8)
Process distribution: Hydra: 64, John: 2, Total: 66
Recent activity check:
- Log files updated in last minute: 0

=== Status Check at Sun Sep 14 03:00:04 AM PDT 2025 ===
Active John processes: 2 (Linux: 0, LM: 2)
Attack Status Summary:
- Linux SHA-512 attacks (aa-ah): 0 processes active
- Windows LM attacks (ai-ap): 2 processes active (may have completed)
- Passwords discovered: Linux (0/8), LM (0/8)
Process distribution: Hydra: 64, John: 2, Total: 66
Recent activity check:
- Log files updated in last minute: 0

=== Status Check at Sun Sep 14 03:01:05 AM PDT 2025 ===
Active John processes: 2 (Linux: 0, LM: 2)
Attack Status Summary:
- Linux SHA-512 attacks (aa-ah): 0 processes active
- Windows LM attacks (ai-ap): 2 processes active (may have completed)
- Passwords discovered: Linux (0/8), LM (0/8)
Process distribution: Hydra: 64, John: 2, Total: 66
Recent activity check:
- Log files updated in last minute: 0

=== Status Check at Sun Sep 14 03:02:05 AM PDT 2025 ===
Active John processes: 2 (Linux: 0, LM: 2)
Attack Status Summary:
- Linux SHA-512 attacks (aa-ah): 0 processes active
- Windows LM attacks (ai-ap): 2 processes active (may have completed)
- Passwords discovered: Linux (0/8), LM (0/8)
Process distribution: Hydra: 64, John: 2, Total: 66
Recent activity check:
- Log files updated in last minute: 0

=== Status Check at Sun Sep 14 03:03:05 AM PDT 2025 ===
Active John processes: 2 (Linux: 0, LM: 2)
Attack Status Summary:
- Linux SHA-512 attacks (aa-ah): 0 processes active
- Windows LM attacks (ai-ap): 2 processes active (may have completed)
- Passwords discovered: Linux (0/8), LM (0/8)
Process distribution: Hydra: 63, John: 2, Total: 65
Recent activity check:
- Log files updated in last minute: 0

=== Status Check at Sun Sep 14 03:04:05 AM PDT 2025 ===
Active John processes: 2 (Linux: 0, LM: 2)
Attack Status Summary:
- Linux SHA-512 attacks (aa-ah): 0 processes active
- Windows LM attacks (ai-ap): 2 processes active (may have completed)
- Passwords discovered: Linux (0/8), LM (0/8)
Process distribution: Hydra: 64, John: 2, Total: 66
Recent activity check:
- Log files updated in last minute: 0

=== Status Check at Sun Sep 14 03:05:05 AM PDT 2025 ===
Active John processes: 2 (Linux: 0, LM: 2)
Attack Status Summary:
- Linux SHA-512 attacks (aa-ah): 0 processes active
- Windows LM attacks (ai-ap): 2 processes active (may have completed)
- Passwords discovered: Linux (0/8), LM (0/8)
Process distribution: Hydra: 64, John: 2, Total: 66
Recent activity check:
- Log files updated in last minute: 1

=== Status Check at Sun Sep 14 03:06:05 AM PDT 2025 ===
Active John processes: 2 (Linux: 0, LM: 2)
Attack Status Summary:
- Linux SHA-512 attacks (aa-ah): 0 processes active
- Windows LM attacks (ai-ap): 2 processes active (may have completed)
- Passwords discovered: Linux (0/8), LM (0/8)
Process distribution: Hydra: 64, John: 2, Total: 66
Recent activity check:
- Log files updated in last minute: 1

=== Status Check at Sun Sep 14 03:07:05 AM PDT 2025 ===
Active John processes: 2 (Linux: 0, LM: 2)
Attack Status Summary:
- Linux SHA-512 attacks (aa-ah): 0 processes active
- Windows LM attacks (ai-ap): 2 processes active (may have completed)
- Passwords discovered: Linux (0/8), LM (0/8)
Process distribution: Hydra: 64, John: 2, Total: 66
Recent activity check:
- Log files updated in last minute: 0

=== Status Check at Sun Sep 14 03:08:06 AM PDT 2025 ===
Active John processes: 2 (Linux: 0, LM: 2)
Attack Status Summary:
- Linux SHA-512 attacks (aa-ah): 0 processes active
- Windows LM attacks (ai-ap): 2 processes active (may have completed)
- Passwords discovered: Linux (0/8), LM (0/8)
Process distribution: Hydra: 64, John: 2, Total: 66
Recent activity check:
- Log files updated in last minute: 0

=== Status Check at Sun Sep 14 03:09:06 AM PDT 2025 ===
Active John processes: 2 (Linux: 0, LM: 2)
Attack Status Summary:
- Linux SHA-512 attacks (aa-ah): 0 processes active
- Windows LM attacks (ai-ap): 2 processes active (may have completed)
- Passwords discovered: Linux (0/8), LM (0/8)
Process distribution: Hydra: 64, John: 2, Total: 66
Recent activity check:
- Log files updated in last minute: 0

=== Status Check at Sun Sep 14 03:10:06 AM PDT 2025 ===
Active John processes: 2 (Linux: 0, LM: 2)
Attack Status Summary:
- Linux SHA-512 attacks (aa-ah): 0 processes active
- Windows LM attacks (ai-ap): 2 processes active (may have completed)
- Passwords discovered: Linux (0/8), LM (0/8)
Process distribution: Hydra: 64, John: 2, Total: 66
Recent activity check:
- Log files updated in last minute: 0

=== Status Check at Sun Sep 14 03:11:06 AM PDT 2025 ===
Active John processes: 2 (Linux: 0, LM: 2)
Attack Status Summary:
- Linux SHA-512 attacks (aa-ah): 0 processes active
- Windows LM attacks (ai-ap): 2 processes active (may have completed)
- Passwords discovered: Linux (0/8), LM (0/8)
Process distribution: Hydra: 64, John: 2, Total: 66
Recent activity check:
- Log files updated in last minute: 0

=== Status Check at Sun Sep 14 03:12:06 AM PDT 2025 ===
Active John processes: 2 (Linux: 0, LM: 2)
Attack Status Summary:
- Linux SHA-512 attacks (aa-ah): 0 processes active
- Windows LM attacks (ai-ap): 2 processes active (may have completed)
- Passwords discovered: Linux (0/8), LM (0/8)
Process distribution: Hydra: 64, John: 2, Total: 66
Recent activity check:
- Log files updated in last minute: 0

=== Status Check at Sun Sep 14 03:13:06 AM PDT 2025 ===
Active John processes: 2 (Linux: 0, LM: 2)
Attack Status Summary:
- Linux SHA-512 attacks (aa-ah): 0 processes active
- Windows LM attacks (ai-ap): 2 processes active (may have completed)
- Passwords discovered: Linux (0/8), LM (0/8)
Process distribution: Hydra: 64, John: 2, Total: 66
Recent activity check:
- Log files updated in last minute: 0

=== Status Check at Sun Sep 14 03:14:06 AM PDT 2025 ===
Active John processes: 2 (Linux: 0, LM: 2)
Attack Status Summary:
- Linux SHA-512 attacks (aa-ah): 0 processes active
- Windows LM attacks (ai-ap): 2 processes active (may have completed)
- Passwords discovered: Linux (0/8), LM (0/8)
Process distribution: Hydra: 64, John: 2, Total: 66
Recent activity check:
- Log files updated in last minute: 1

=== Status Check at Sun Sep 14 03:15:06 AM PDT 2025 ===
Active John processes: 2 (Linux: 0, LM: 2)
Attack Status Summary:
- Linux SHA-512 attacks (aa-ah): 0 processes active
- Windows LM attacks (ai-ap): 2 processes active (may have completed)
- Passwords discovered: Linux (0/8), LM (0/8)
Process distribution: Hydra: 64, John: 2, Total: 66
Recent activity check:
- Log files updated in last minute: 0

=== Status Check at Sun Sep 14 03:16:07 AM PDT 2025 ===
Active John processes: 2 (Linux: 0, LM: 2)
Attack Status Summary:
- Linux SHA-512 attacks (aa-ah): 0 processes active
- Windows LM attacks (ai-ap): 2 processes active (may have completed)
- Passwords discovered: Linux (0/8), LM (0/8)
Process distribution: Hydra: 64, John: 2, Total: 66
Recent activity check:
- Log files updated in last minute: 0

=== Status Check at Sun Sep 14 03:17:07 AM PDT 2025 ===
Active John processes: 2 (Linux: 0, LM: 2)
Attack Status Summary:
- Linux SHA-512 attacks (aa-ah): 0 processes active
- Windows LM attacks (ai-ap): 2 processes active (may have completed)
- Passwords discovered: Linux (0/8), LM (0/8)
Process distribution: Hydra: 64, John: 2, Total: 66
Recent activity check:
- Log files updated in last minute: 0

=== Status Check at Sun Sep 14 03:18:07 AM PDT 2025 ===
Active John processes: 2 (Linux: 0, LM: 2)
Attack Status Summary:
- Linux SHA-512 attacks (aa-ah): 0 processes active
- Windows LM attacks (ai-ap): 2 processes active (may have completed)
- Passwords discovered: Linux (0/8), LM (0/8)
Process distribution: Hydra: 64, John: 2, Total: 66
Recent activity check:
- Log files updated in last minute: 0

=== Status Check at Sun Sep 14 03:19:07 AM PDT 2025 ===
Active John processes: 2 (Linux: 0, LM: 2)
Attack Status Summary:
- Linux SHA-512 attacks (aa-ah): 0 processes active
- Windows LM attacks (ai-ap): 2 processes active (may have completed)
- Passwords discovered: Linux (0/8), LM (0/8)
Process distribution: Hydra: 64, John: 2, Total: 66
Recent activity check:
- Log files updated in last minute: 0

=== Status Check at Sun Sep 14 03:20:07 AM PDT 2025 ===
Active John processes: 2 (Linux: 0, LM: 2)
Attack Status Summary:
- Linux SHA-512 attacks (aa-ah): 0 processes active
- Windows LM attacks (ai-ap): 2 processes active (may have completed)
- Passwords discovered: Linux (0/8), LM (0/8)
Process distribution: Hydra: 64, John: 2, Total: 66
Recent activity check:
- Log files updated in last minute: 0

=== Status Check at Sun Sep 14 03:21:07 AM PDT 2025 ===
Active John processes: 2 (Linux: 0, LM: 2)
Attack Status Summary:
- Linux SHA-512 attacks (aa-ah): 0 processes active
- Windows LM attacks (ai-ap): 2 processes active (may have completed)
- Passwords discovered: Linux (0/8), LM (0/8)
Process distribution: Hydra: 64, John: 2, Total: 66
Recent activity check:
- Log files updated in last minute: 0

=== Status Check at Sun Sep 14 03:22:07 AM PDT 2025 ===
Active John processes: 2 (Linux: 0, LM: 2)
Attack Status Summary:
- Linux SHA-512 attacks (aa-ah): 0 processes active
- Windows LM attacks (ai-ap): 2 processes active (may have completed)
- Passwords discovered: Linux (0/8), LM (0/8)
Process distribution: Hydra: 64, John: 2, Total: 66
Recent activity check:
- Log files updated in last minute: 1

=== Status Check at Sun Sep 14 03:23:07 AM PDT 2025 ===
Active John processes: 2 (Linux: 0, LM: 2)
Attack Status Summary:
- Linux SHA-512 attacks (aa-ah): 0 processes active
- Windows LM attacks (ai-ap): 2 processes active (may have completed)
- Passwords discovered: Linux (0/8), LM (0/8)
Process distribution: Hydra: 64, John: 2, Total: 66
Recent activity check:
- Log files updated in last minute: 0

=== Status Check at Sun Sep 14 03:24:08 AM PDT 2025 ===
Active John processes: 2 (Linux: 0, LM: 2)
Attack Status Summary:
- Linux SHA-512 attacks (aa-ah): 0 processes active
- Windows LM attacks (ai-ap): 2 processes active (may have completed)
- Passwords discovered: Linux (0/8), LM (0/8)
Process distribution: Hydra: 64, John: 2, Total: 66
Recent activity check:
- Log files updated in last minute: 0

=== Status Check at Sun Sep 14 03:25:08 AM PDT 2025 ===
Active John processes: 2 (Linux: 0, LM: 2)
Attack Status Summary:
- Linux SHA-512 attacks (aa-ah): 0 processes active
- Windows LM attacks (ai-ap): 2 processes active (may have completed)
- Passwords discovered: Linux (0/8), LM (0/8)
Process distribution: Hydra: 64, John: 2, Total: 66
Recent activity check:
- Log files updated in last minute: 0

=== Status Check at Sun Sep 14 03:26:08 AM PDT 2025 ===
Active John processes: 2 (Linux: 0, LM: 2)
Attack Status Summary:
- Linux SHA-512 attacks (aa-ah): 0 processes active
- Windows LM attacks (ai-ap): 2 processes active (may have completed)
- Passwords discovered: Linux (0/8), LM (0/8)
Process distribution: Hydra: 64, John: 2, Total: 66
Recent activity check:
- Log files updated in last minute: 0

=== Status Check at Sun Sep 14 03:27:08 AM PDT 2025 ===
Active John processes: 2 (Linux: 0, LM: 2)
Attack Status Summary:
- Linux SHA-512 attacks (aa-ah): 0 processes active
- Windows LM attacks (ai-ap): 2 processes active (may have completed)
- Passwords discovered: Linux (0/8), LM (0/8)
Process distribution: Hydra: 64, John: 2, Total: 66
Recent activity check:
- Log files updated in last minute: 0

=== Status Check at Sun Sep 14 03:28:08 AM PDT 2025 ===
Active John processes: 2 (Linux: 0, LM: 2)
Attack Status Summary:
- Linux SHA-512 attacks (aa-ah): 0 processes active
- Windows LM attacks (ai-ap): 2 processes active (may have completed)
- Passwords discovered: Linux (0/8), LM (0/8)
Process distribution: Hydra: 64, John: 2, Total: 66
Recent activity check:
- Log files updated in last minute: 0

=== Status Check at Sun Sep 14 03:29:08 AM PDT 2025 ===
Active John processes: 2 (Linux: 0, LM: 2)
Attack Status Summary:
- Linux SHA-512 attacks (aa-ah): 0 processes active
- Windows LM attacks (ai-ap): 2 processes active (may have completed)
- Passwords discovered: Linux (0/8), LM (0/8)
Process distribution: Hydra: 64, John: 2, Total: 66
Recent activity check:
- Log files updated in last minute: 0

=== Status Check at Sun Sep 14 03:30:08 AM PDT 2025 ===
Active John processes: 2 (Linux: 0, LM: 2)
Attack Status Summary:
- Linux SHA-512 attacks (aa-ah): 0 processes active
- Windows LM attacks (ai-ap): 2 processes active (may have completed)
- Passwords discovered: Linux (0/8), LM (0/8)
Process distribution: Hydra: 64, John: 2, Total: 66
Recent activity check:
- Log files updated in last minute: 1

=== Status Check at Sun Sep 14 03:31:09 AM PDT 2025 ===
Active John processes: 2 (Linux: 0, LM: 2)
Attack Status Summary:
- Linux SHA-512 attacks (aa-ah): 0 processes active
- Windows LM attacks (ai-ap): 2 processes active (may have completed)
- Passwords discovered: Linux (0/8), LM (0/8)
Process distribution: Hydra: 64, John: 2, Total: 66
Recent activity check:
- Log files updated in last minute: 0

=== Status Check at Sun Sep 14 03:32:09 AM PDT 2025 ===
Active John processes: 2 (Linux: 0, LM: 2)
Attack Status Summary:
- Linux SHA-512 attacks (aa-ah): 0 processes active
- Windows LM attacks (ai-ap): 2 processes active (may have completed)
- Passwords discovered: Linux (0/8), LM (0/8)
Process distribution: Hydra: 64, John: 2, Total: 66
Recent activity check:
- Log files updated in last minute: 0

=== Status Check at Sun Sep 14 03:33:09 AM PDT 2025 ===
Active John processes: 2 (Linux: 0, LM: 2)
Attack Status Summary:
- Linux SHA-512 attacks (aa-ah): 0 processes active
- Windows LM attacks (ai-ap): 2 processes active (may have completed)
- Passwords discovered: Linux (0/8), LM (0/8)
Process distribution: Hydra: 64, John: 2, Total: 66
Recent activity check:
- Log files updated in last minute: 0

=== Status Check at Sun Sep 14 03:34:09 AM PDT 2025 ===
Active John processes: 2 (Linux: 0, LM: 2)
Attack Status Summary:
- Linux SHA-512 attacks (aa-ah): 0 processes active
- Windows LM attacks (ai-ap): 2 processes active (may have completed)
- Passwords discovered: Linux (0/8), LM (0/8)
Process distribution: Hydra: 63, John: 2, Total: 65
Recent activity check:
- Log files updated in last minute: 0

=== Status Check at Sun Sep 14 03:35:09 AM PDT 2025 ===
Active John processes: 2 (Linux: 0, LM: 2)
Attack Status Summary:
- Linux SHA-512 attacks (aa-ah): 0 processes active
- Windows LM attacks (ai-ap): 2 processes active (may have completed)
- Passwords discovered: Linux (0/8), LM (0/8)
Process distribution: Hydra: 64, John: 2, Total: 66
Recent activity check:
- Log files updated in last minute: 0

=== Status Check at Sun Sep 14 03:36:09 AM PDT 2025 ===
Active John processes: 2 (Linux: 0, LM: 2)
Attack Status Summary:
- Linux SHA-512 attacks (aa-ah): 0 processes active
- Windows LM attacks (ai-ap): 2 processes active (may have completed)
- Passwords discovered: Linux (0/8), LM (0/8)
Process distribution: Hydra: 64, John: 2, Total: 66
Recent activity check:
- Log files updated in last minute: 0

=== Status Check at Sun Sep 14 03:37:09 AM PDT 2025 ===
Active John processes: 2 (Linux: 0, LM: 2)
Attack Status Summary:
- Linux SHA-512 attacks (aa-ah): 0 processes active
- Windows LM attacks (ai-ap): 2 processes active (may have completed)
- Passwords discovered: Linux (0/8), LM (0/8)
Process distribution: Hydra: 64, John: 2, Total: 66
Recent activity check:
- Log files updated in last minute: 0

=== Status Check at Sun Sep 14 03:38:09 AM PDT 2025 ===
Active John processes: 2 (Linux: 0, LM: 2)
Attack Status Summary:
- Linux SHA-512 attacks (aa-ah): 0 processes active
- Windows LM attacks (ai-ap): 2 processes active (may have completed)
- Passwords discovered: Linux (0/8), LM (0/8)
Process distribution: Hydra: 64, John: 2, Total: 66
Recent activity check:
- Log files updated in last minute: 1

=== Status Check at Sun Sep 14 03:39:10 AM PDT 2025 ===
Active John processes: 2 (Linux: 0, LM: 2)
Attack Status Summary:
- Linux SHA-512 attacks (aa-ah): 0 processes active
- Windows LM attacks (ai-ap): 2 processes active (may have completed)
- Passwords discovered: Linux (0/8), LM (0/8)
Process distribution: Hydra: 64, John: 2, Total: 66
Recent activity check:
- Log files updated in last minute: 0

=== Status Check at Sun Sep 14 03:40:10 AM PDT 2025 ===
Active John processes: 2 (Linux: 0, LM: 2)
Attack Status Summary:
- Linux SHA-512 attacks (aa-ah): 0 processes active
- Windows LM attacks (ai-ap): 2 processes active (may have completed)
- Passwords discovered: Linux (0/8), LM (0/8)
Process distribution: Hydra: 64, John: 2, Total: 66
Recent activity check:
- Log files updated in last minute: 0

=== Status Check at Sun Sep 14 03:41:10 AM PDT 2025 ===
Active John processes: 2 (Linux: 0, LM: 2)
Attack Status Summary:
- Linux SHA-512 attacks (aa-ah): 0 processes active
- Windows LM attacks (ai-ap): 2 processes active (may have completed)
- Passwords discovered: Linux (0/8), LM (0/8)
Process distribution: Hydra: 64, John: 2, Total: 66
Recent activity check:
- Log files updated in last minute: 0

=== Status Check at Sun Sep 14 03:42:10 AM PDT 2025 ===
Active John processes: 2 (Linux: 0, LM: 2)
Attack Status Summary:
- Linux SHA-512 attacks (aa-ah): 0 processes active
- Windows LM attacks (ai-ap): 2 processes active (may have completed)
- Passwords discovered: Linux (0/8), LM (0/8)
Process distribution: Hydra: 64, John: 2, Total: 66
Recent activity check:
- Log files updated in last minute: 0

=== Status Check at Sun Sep 14 03:43:10 AM PDT 2025 ===
Active John processes: 2 (Linux: 0, LM: 2)
Attack Status Summary:
- Linux SHA-512 attacks (aa-ah): 0 processes active
- Windows LM attacks (ai-ap): 2 processes active (may have completed)
- Passwords discovered: Linux (0/8), LM (0/8)
Process distribution: Hydra: 64, John: 2, Total: 66
Recent activity check:
- Log files updated in last minute: 0

=== Status Check at Sun Sep 14 03:44:10 AM PDT 2025 ===
Active John processes: 2 (Linux: 0, LM: 2)
Attack Status Summary:
- Linux SHA-512 attacks (aa-ah): 0 processes active
- Windows LM attacks (ai-ap): 2 processes active (may have completed)
- Passwords discovered: Linux (0/8), LM (0/8)
Process distribution: Hydra: 64, John: 2, Total: 66
Recent activity check:
- Log files updated in last minute: 0

=== Status Check at Sun Sep 14 03:45:10 AM PDT 2025 ===
Active John processes: 2 (Linux: 0, LM: 2)
Attack Status Summary:
- Linux SHA-512 attacks (aa-ah): 0 processes active
- Windows LM attacks (ai-ap): 2 processes active (may have completed)
- Passwords discovered: Linux (0/8), LM (0/8)
Process distribution: Hydra: 64, John: 2, Total: 66
Recent activity check:
- Log files updated in last minute: 0

=== Status Check at Sun Sep 14 03:46:11 AM PDT 2025 ===
Active John processes: 2 (Linux: 0, LM: 2)
Attack Status Summary:
- Linux SHA-512 attacks (aa-ah): 0 processes active
- Windows LM attacks (ai-ap): 2 processes active (may have completed)
- Passwords discovered: Linux (0/8), LM (0/8)
Process distribution: Hydra: 64, John: 2, Total: 66
Recent activity check:
- Log files updated in last minute: 0

=== Status Check at Sun Sep 14 03:47:11 AM PDT 2025 ===
Active John processes: 2 (Linux: 0, LM: 2)
Attack Status Summary:
- Linux SHA-512 attacks (aa-ah): 0 processes active
- Windows LM attacks (ai-ap): 2 processes active (may have completed)
- Passwords discovered: Linux (0/8), LM (0/8)
Process distribution: Hydra: 64, John: 2, Total: 66
Recent activity check:
- Log files updated in last minute: 1

=== Status Check at Sun Sep 14 03:48:11 AM PDT 2025 ===
Active John processes: 2 (Linux: 0, LM: 2)
Attack Status Summary:
- Linux SHA-512 attacks (aa-ah): 0 processes active
- Windows LM attacks (ai-ap): 2 processes active (may have completed)
- Passwords discovered: Linux (0/8), LM (0/8)
Process distribution: Hydra: 64, John: 2, Total: 66
Recent activity check:
- Log files updated in last minute: 0

=== Status Check at Sun Sep 14 03:49:11 AM PDT 2025 ===
Active John processes: 2 (Linux: 0, LM: 2)
Attack Status Summary:
- Linux SHA-512 attacks (aa-ah): 0 processes active
- Windows LM attacks (ai-ap): 2 processes active (may have completed)
- Passwords discovered: Linux (0/8), LM (0/8)
Process distribution: Hydra: 64, John: 2, Total: 66
Recent activity check:
- Log files updated in last minute: 0

=== Status Check at Sun Sep 14 03:50:11 AM PDT 2025 ===
Active John processes: 2 (Linux: 0, LM: 2)
Attack Status Summary:
- Linux SHA-512 attacks (aa-ah): 0 processes active
- Windows LM attacks (ai-ap): 2 processes active (may have completed)
- Passwords discovered: Linux (0/8), LM (0/8)
Process distribution: Hydra: 64, John: 2, Total: 66
Recent activity check:
- Log files updated in last minute: 0

=== Status Check at Sun Sep 14 03:51:11 AM PDT 2025 ===
Active John processes: 2 (Linux: 0, LM: 2)
Attack Status Summary:
- Linux SHA-512 attacks (aa-ah): 0 processes active
- Windows LM attacks (ai-ap): 2 processes active (may have completed)
- Passwords discovered: Linux (0/8), LM (0/8)
Process distribution: Hydra: 64, John: 2, Total: 66
Recent activity check:
- Log files updated in last minute: 0

=== Status Check at Sun Sep 14 03:52:11 AM PDT 2025 ===
Active John processes: 2 (Linux: 0, LM: 2)
Attack Status Summary:
- Linux SHA-512 attacks (aa-ah): 0 processes active
- Windows LM attacks (ai-ap): 2 processes active (may have completed)
- Passwords discovered: Linux (0/8), LM (0/8)
Process distribution: Hydra: 64, John: 2, Total: 66
Recent activity check:
- Log files updated in last minute: 0

=== Status Check at Sun Sep 14 03:53:11 AM PDT 2025 ===
Active John processes: 2 (Linux: 0, LM: 2)
Attack Status Summary:
- Linux SHA-512 attacks (aa-ah): 0 processes active
- Windows LM attacks (ai-ap): 2 processes active (may have completed)
- Passwords discovered: Linux (0/8), LM (0/8)
Process distribution: Hydra: 64, John: 2, Total: 66
Recent activity check:
- Log files updated in last minute: 0

=== Status Check at Sun Sep 14 03:54:12 AM PDT 2025 ===
Active John processes: 2 (Linux: 0, LM: 2)
Attack Status Summary:
- Linux SHA-512 attacks (aa-ah): 0 processes active
- Windows LM attacks (ai-ap): 2 processes active (may have completed)
- Passwords discovered: Linux (0/8), LM (0/8)
Process distribution: Hydra: 64, John: 2, Total: 66
Recent activity check:
- Log files updated in last minute: 0

=== Status Check at Sun Sep 14 03:55:12 AM PDT 2025 ===
Active John processes: 2 (Linux: 0, LM: 2)
Attack Status Summary:
- Linux SHA-512 attacks (aa-ah): 0 processes active
- Windows LM attacks (ai-ap): 2 processes active (may have completed)
- Passwords discovered: Linux (0/8), LM (0/8)
Process distribution: Hydra: 64, John: 2, Total: 66
Recent activity check:
- Log files updated in last minute: 0

=== Status Check at Sun Sep 14 03:56:12 AM PDT 2025 ===
Active John processes: 2 (Linux: 0, LM: 2)
Attack Status Summary:
- Linux SHA-512 attacks (aa-ah): 0 processes active
- Windows LM attacks (ai-ap): 2 processes active (may have completed)
- Passwords discovered: Linux (0/8), LM (0/8)
Process distribution: Hydra: 64, John: 2, Total: 66
Recent activity check:
- Log files updated in last minute: 1

=== Status Check at Sun Sep 14 03:57:12 AM PDT 2025 ===
Active John processes: 2 (Linux: 0, LM: 2)
Attack Status Summary:
- Linux SHA-512 attacks (aa-ah): 0 processes active
- Windows LM attacks (ai-ap): 2 processes active (may have completed)
- Passwords discovered: Linux (0/8), LM (0/8)
Process distribution: Hydra: 64, John: 2, Total: 66
Recent activity check:
- Log files updated in last minute: 1

=== Status Check at Sun Sep 14 03:58:12 AM PDT 2025 ===
Active John processes: 2 (Linux: 0, LM: 2)
Attack Status Summary:
- Linux SHA-512 attacks (aa-ah): 0 processes active
- Windows LM attacks (ai-ap): 2 processes active (may have completed)
- Passwords discovered: Linux (0/8), LM (0/8)
Process distribution: Hydra: 64, John: 2, Total: 66
Recent activity check:
- Log files updated in last minute: 0

=== Status Check at Sun Sep 14 03:59:12 AM PDT 2025 ===
Active John processes: 2 (Linux: 0, LM: 2)
Attack Status Summary:
- Linux SHA-512 attacks (aa-ah): 0 processes active
- Windows LM attacks (ai-ap): 2 processes active (may have completed)
- Passwords discovered: Linux (0/8), LM (0/8)
Process distribution: Hydra: 64, John: 2, Total: 66
Recent activity check:
- Log files updated in last minute: 0

=== Status Check at Sun Sep 14 04:00:13 AM PDT 2025 ===
Active John processes: 2 (Linux: 0, LM: 2)
Attack Status Summary:
- Linux SHA-512 attacks (aa-ah): 0 processes active
- Windows LM attacks (ai-ap): 2 processes active (may have completed)
- Passwords discovered: Linux (0/8), LM (0/8)
Process distribution: Hydra: 64, John: 2, Total: 66
Recent activity check:
- Log files updated in last minute: 0

=== Status Check at Sun Sep 14 04:01:13 AM PDT 2025 ===
Active John processes: 2 (Linux: 0, LM: 2)
Attack Status Summary:
- Linux SHA-512 attacks (aa-ah): 0 processes active
- Windows LM attacks (ai-ap): 2 processes active (may have completed)
- Passwords discovered: Linux (0/8), LM (0/8)
Process distribution: Hydra: 64, John: 2, Total: 66
Recent activity check:
- Log files updated in last minute: 0

=== Status Check at Sun Sep 14 04:02:13 AM PDT 2025 ===
Active John processes: 2 (Linux: 0, LM: 2)
Attack Status Summary:
- Linux SHA-512 attacks (aa-ah): 0 processes active
- Windows LM attacks (ai-ap): 2 processes active (may have completed)
- Passwords discovered: Linux (0/8), LM (0/8)
Process distribution: Hydra: 64, John: 2, Total: 66
Recent activity check:
- Log files updated in last minute: 0

=== Status Check at Sun Sep 14 04:03:13 AM PDT 2025 ===
Active John processes: 2 (Linux: 0, LM: 2)
Attack Status Summary:
- Linux SHA-512 attacks (aa-ah): 0 processes active
- Windows LM attacks (ai-ap): 2 processes active (may have completed)
- Passwords discovered: Linux (0/8), LM (0/8)
Process distribution: Hydra: 64, John: 2, Total: 66
Recent activity check:
- Log files updated in last minute: 0

=== Status Check at Sun Sep 14 04:04:13 AM PDT 2025 ===
Active John processes: 2 (Linux: 0, LM: 2)
Attack Status Summary:
- Linux SHA-512 attacks (aa-ah): 0 processes active
- Windows LM attacks (ai-ap): 2 processes active (may have completed)
- Passwords discovered: Linux (0/8), LM (0/8)
Process distribution: Hydra: 64, John: 2, Total: 66
Recent activity check:
- Log files updated in last minute: 0

=== Status Check at Sun Sep 14 04:05:13 AM PDT 2025 ===
Active John processes: 2 (Linux: 0, LM: 2)
Attack Status Summary:
- Linux SHA-512 attacks (aa-ah): 0 processes active
- Windows LM attacks (ai-ap): 2 processes active (may have completed)
- Passwords discovered: Linux (0/8), LM (0/8)
Process distribution: Hydra: 64, John: 2, Total: 66
Recent activity check:
- Log files updated in last minute: 1

=== Status Check at Sun Sep 14 04:06:13 AM PDT 2025 ===
Active John processes: 2 (Linux: 0, LM: 2)
Attack Status Summary:
- Linux SHA-512 attacks (aa-ah): 0 processes active
- Windows LM attacks (ai-ap): 2 processes active (may have completed)
- Passwords discovered: Linux (0/8), LM (0/8)
Process distribution: Hydra: 62, John: 2, Total: 64
Recent activity check:
- Log files updated in last minute: 0

=== Status Check at Sun Sep 14 04:07:13 AM PDT 2025 ===
Active John processes: 2 (Linux: 0, LM: 2)
Attack Status Summary:
- Linux SHA-512 attacks (aa-ah): 0 processes active
- Windows LM attacks (ai-ap): 2 processes active (may have completed)
- Passwords discovered: Linux (0/8), LM (0/8)
Process distribution: Hydra: 64, John: 2, Total: 66
Recent activity check:
- Log files updated in last minute: 0

=== Status Check at Sun Sep 14 04:08:14 AM PDT 2025 ===
Active John processes: 2 (Linux: 0, LM: 2)
Attack Status Summary:
- Linux SHA-512 attacks (aa-ah): 0 processes active
- Windows LM attacks (ai-ap): 2 processes active (may have completed)
- Passwords discovered: Linux (0/8), LM (0/8)
Process distribution: Hydra: 64, John: 2, Total: 66
Recent activity check:
- Log files updated in last minute: 0

=== Status Check at Sun Sep 14 04:09:14 AM PDT 2025 ===
Active John processes: 2 (Linux: 0, LM: 2)
Attack Status Summary:
- Linux SHA-512 attacks (aa-ah): 0 processes active
- Windows LM attacks (ai-ap): 2 processes active (may have completed)
- Passwords discovered: Linux (0/8), LM (0/8)
Process distribution: Hydra: 63, John: 2, Total: 65
Recent activity check:
- Log files updated in last minute: 0

=== Status Check at Sun Sep 14 04:10:14 AM PDT 2025 ===
Active John processes: 2 (Linux: 0, LM: 2)
Attack Status Summary:
- Linux SHA-512 attacks (aa-ah): 0 processes active
- Windows LM attacks (ai-ap): 2 processes active (may have completed)
- Passwords discovered: Linux (0/8), LM (0/8)
Process distribution: Hydra: 63, John: 2, Total: 65
Recent activity check:
- Log files updated in last minute: 0

=== Status Check at Sun Sep 14 04:11:14 AM PDT 2025 ===
Active John processes: 2 (Linux: 0, LM: 2)
Attack Status Summary:
- Linux SHA-512 attacks (aa-ah): 0 processes active
- Windows LM attacks (ai-ap): 2 processes active (may have completed)
- Passwords discovered: Linux (0/8), LM (0/8)
Process distribution: Hydra: 63, John: 2, Total: 65
Recent activity check:
- Log files updated in last minute: 0

=== Status Check at Sun Sep 14 04:12:14 AM PDT 2025 ===
Active John processes: 2 (Linux: 0, LM: 2)
Attack Status Summary:
- Linux SHA-512 attacks (aa-ah): 0 processes active
- Windows LM attacks (ai-ap): 2 processes active (may have completed)
- Passwords discovered: Linux (0/8), LM (0/8)
Process distribution: Hydra: 64, John: 2, Total: 66
Recent activity check:
- Log files updated in last minute: 0

=== Status Check at Sun Sep 14 04:13:14 AM PDT 2025 ===
Active John processes: 2 (Linux: 0, LM: 2)
Attack Status Summary:
- Linux SHA-512 attacks (aa-ah): 0 processes active
- Windows LM attacks (ai-ap): 2 processes active (may have completed)
- Passwords discovered: Linux (0/8), LM (0/8)
Process distribution: Hydra: 64, John: 2, Total: 66
Recent activity check:
- Log files updated in last minute: 0

=== Status Check at Sun Sep 14 04:14:14 AM PDT 2025 ===
Active John processes: 2 (Linux: 0, LM: 2)
Attack Status Summary:
- Linux SHA-512 attacks (aa-ah): 0 processes active
- Windows LM attacks (ai-ap): 2 processes active (may have completed)
- Passwords discovered: Linux (0/8), LM (0/8)
Process distribution: Hydra: 64, John: 2, Total: 66
Recent activity check:
- Log files updated in last minute: 1

=== Status Check at Sun Sep 14 04:15:15 AM PDT 2025 ===
Active John processes: 2 (Linux: 0, LM: 2)
Attack Status Summary:
- Linux SHA-512 attacks (aa-ah): 0 processes active
- Windows LM attacks (ai-ap): 2 processes active (may have completed)
- Passwords discovered: Linux (0/8), LM (0/8)
Process distribution: Hydra: 64, John: 2, Total: 66
Recent activity check:
- Log files updated in last minute: 0

=== Status Check at Sun Sep 14 04:16:15 AM PDT 2025 ===
Active John processes: 2 (Linux: 0, LM: 2)
Attack Status Summary:
- Linux SHA-512 attacks (aa-ah): 0 processes active
- Windows LM attacks (ai-ap): 2 processes active (may have completed)
- Passwords discovered: Linux (0/8), LM (0/8)
Process distribution: Hydra: 64, John: 2, Total: 66
Recent activity check:
- Log files updated in last minute: 0

=== Status Check at Sun Sep 14 04:17:15 AM PDT 2025 ===
Active John processes: 2 (Linux: 0, LM: 2)
Attack Status Summary:
- Linux SHA-512 attacks (aa-ah): 0 processes active
- Windows LM attacks (ai-ap): 2 processes active (may have completed)
- Passwords discovered: Linux (0/8), LM (0/8)
Process distribution: Hydra: 64, John: 2, Total: 66
Recent activity check:
- Log files updated in last minute: 0

=== Status Check at Sun Sep 14 04:18:15 AM PDT 2025 ===
Active John processes: 2 (Linux: 0, LM: 2)
Attack Status Summary:
- Linux SHA-512 attacks (aa-ah): 0 processes active
- Windows LM attacks (ai-ap): 2 processes active (may have completed)
- Passwords discovered: Linux (0/8), LM (0/8)
Process distribution: Hydra: 64, John: 2, Total: 66
Recent activity check:
- Log files updated in last minute: 0

=== Status Check at Sun Sep 14 04:19:15 AM PDT 2025 ===
Active John processes: 2 (Linux: 0, LM: 2)
Attack Status Summary:
- Linux SHA-512 attacks (aa-ah): 0 processes active
- Windows LM attacks (ai-ap): 2 processes active (may have completed)
- Passwords discovered: Linux (0/8), LM (0/8)
Process distribution: Hydra: 64, John: 2, Total: 66
Recent activity check:
- Log files updated in last minute: 0

=== Status Check at Sun Sep 14 04:20:15 AM PDT 2025 ===
Active John processes: 2 (Linux: 0, LM: 2)
Attack Status Summary:
- Linux SHA-512 attacks (aa-ah): 0 processes active
- Windows LM attacks (ai-ap): 2 processes active (may have completed)
- Passwords discovered: Linux (0/8), LM (0/8)
Process distribution: Hydra: 64, John: 2, Total: 66
Recent activity check:
- Log files updated in last minute: 0

=== Status Check at Sun Sep 14 04:21:15 AM PDT 2025 ===
Active John processes: 2 (Linux: 0, LM: 2)
Attack Status Summary:
- Linux SHA-512 attacks (aa-ah): 0 processes active
- Windows LM attacks (ai-ap): 2 processes active (may have completed)
- Passwords discovered: Linux (0/8), LM (0/8)
Process distribution: Hydra: 64, John: 2, Total: 66
Recent activity check:
- Log files updated in last minute: 0

=== Status Check at Sun Sep 14 04:22:15 AM PDT 2025 ===
Active John processes: 2 (Linux: 0, LM: 2)
Attack Status Summary:
- Linux SHA-512 attacks (aa-ah): 0 processes active
- Windows LM attacks (ai-ap): 2 processes active (may have completed)
- Passwords discovered: Linux (0/8), LM (0/8)
Process distribution: Hydra: 64, John: 2, Total: 66
Recent activity check:
- Log files updated in last minute: 0

=== Status Check at Sun Sep 14 04:23:16 AM PDT 2025 ===
Active John processes: 2 (Linux: 0, LM: 2)
Attack Status Summary:
- Linux SHA-512 attacks (aa-ah): 0 processes active
- Windows LM attacks (ai-ap): 2 processes active (may have completed)
- Passwords discovered: Linux (0/8), LM (0/8)
Process distribution: Hydra: 64, John: 2, Total: 66
Recent activity check:
- Log files updated in last minute: 1

=== Status Check at Sun Sep 14 04:24:16 AM PDT 2025 ===
Active John processes: 2 (Linux: 0, LM: 2)
Attack Status Summary:
- Linux SHA-512 attacks (aa-ah): 0 processes active
- Windows LM attacks (ai-ap): 2 processes active (may have completed)
- Passwords discovered: Linux (0/8), LM (0/8)
Process distribution: Hydra: 64, John: 2, Total: 66
Recent activity check:
- Log files updated in last minute: 0

=== Status Check at Sun Sep 14 04:25:16 AM PDT 2025 ===
Active John processes: 2 (Linux: 0, LM: 2)
Attack Status Summary:
- Linux SHA-512 attacks (aa-ah): 0 processes active
- Windows LM attacks (ai-ap): 2 processes active (may have completed)
- Passwords discovered: Linux (0/8), LM (0/8)
Process distribution: Hydra: 63, John: 2, Total: 65
Recent activity check:
- Log files updated in last minute: 0

=== Status Check at Sun Sep 14 04:26:16 AM PDT 2025 ===
Active John processes: 2 (Linux: 0, LM: 2)
Attack Status Summary:
- Linux SHA-512 attacks (aa-ah): 0 processes active
- Windows LM attacks (ai-ap): 2 processes active (may have completed)
- Passwords discovered: Linux (0/8), LM (0/8)
Process distribution: Hydra: 64, John: 2, Total: 66
Recent activity check:
- Log files updated in last minute: 0

=== Status Check at Sun Sep 14 04:27:16 AM PDT 2025 ===
Active John processes: 2 (Linux: 0, LM: 2)
Attack Status Summary:
- Linux SHA-512 attacks (aa-ah): 0 processes active
- Windows LM attacks (ai-ap): 2 processes active (may have completed)
- Passwords discovered: Linux (0/8), LM (0/8)
Process distribution: Hydra: 64, John: 2, Total: 66
Recent activity check:
- Log files updated in last minute: 0

=== Status Check at Sun Sep 14 04:28:16 AM PDT 2025 ===
Active John processes: 2 (Linux: 0, LM: 2)
Attack Status Summary:
- Linux SHA-512 attacks (aa-ah): 0 processes active
- Windows LM attacks (ai-ap): 2 processes active (may have completed)
- Passwords discovered: Linux (0/8), LM (0/8)
Process distribution: Hydra: 64, John: 2, Total: 66
Recent activity check:
- Log files updated in last minute: 0

=== Status Check at Sun Sep 14 04:29:16 AM PDT 2025 ===
Active John processes: 2 (Linux: 0, LM: 2)
Attack Status Summary:
- Linux SHA-512 attacks (aa-ah): 0 processes active
- Windows LM attacks (ai-ap): 2 processes active (may have completed)
- Passwords discovered: Linux (0/8), LM (0/8)
Process distribution: Hydra: 63, John: 2, Total: 65
Recent activity check:
- Log files updated in last minute: 0

=== Status Check at Sun Sep 14 04:30:16 AM PDT 2025 ===
Active John processes: 2 (Linux: 0, LM: 2)
Attack Status Summary:
- Linux SHA-512 attacks (aa-ah): 0 processes active
- Windows LM attacks (ai-ap): 2 processes active (may have completed)
- Passwords discovered: Linux (0/8), LM (0/8)
Process distribution: Hydra: 64, John: 2, Total: 66
Recent activity check:
- Log files updated in last minute: 0

=== Status Check at Sun Sep 14 04:31:17 AM PDT 2025 ===
Active John processes: 2 (Linux: 0, LM: 2)
Attack Status Summary:
- Linux SHA-512 attacks (aa-ah): 0 processes active
- Windows LM attacks (ai-ap): 2 processes active (may have completed)
- Passwords discovered: Linux (0/8), LM (0/8)
Process distribution: Hydra: 64, John: 2, Total: 66
Recent activity check:
- Log files updated in last minute: 0

=== Status Check at Sun Sep 14 04:32:17 AM PDT 2025 ===
Active John processes: 2 (Linux: 0, LM: 2)
Attack Status Summary:
- Linux SHA-512 attacks (aa-ah): 0 processes active
- Windows LM attacks (ai-ap): 2 processes active (may have completed)
- Passwords discovered: Linux (0/8), LM (0/8)
Process distribution: Hydra: 64, John: 2, Total: 66
Recent activity check:
- Log files updated in last minute: 0

=== Status Check at Sun Sep 14 04:33:17 AM PDT 2025 ===
Active John processes: 2 (Linux: 0, LM: 2)
Attack Status Summary:
- Linux SHA-512 attacks (aa-ah): 0 processes active
- Windows LM attacks (ai-ap): 2 processes active (may have completed)
- Passwords discovered: Linux (0/8), LM (0/8)
Process distribution: Hydra: 64, John: 2, Total: 66
Recent activity check:
- Log files updated in last minute: 1

=== Status Check at Sun Sep 14 04:34:17 AM PDT 2025 ===
Active John processes: 2 (Linux: 0, LM: 2)
Attack Status Summary:
- Linux SHA-512 attacks (aa-ah): 0 processes active
- Windows LM attacks (ai-ap): 2 processes active (may have completed)
- Passwords discovered: Linux (0/8), LM (0/8)
Process distribution: Hydra: 64, John: 2, Total: 66
Recent activity check:
- Log files updated in last minute: 0

=== Status Check at Sun Sep 14 04:35:17 AM PDT 2025 ===
Active John processes: 2 (Linux: 0, LM: 2)
Attack Status Summary:
- Linux SHA-512 attacks (aa-ah): 0 processes active
- Windows LM attacks (ai-ap): 2 processes active (may have completed)
- Passwords discovered: Linux (0/8), LM (0/8)
Process distribution: Hydra: 64, John: 2, Total: 66
Recent activity check:
- Log files updated in last minute: 0

=== Status Check at Sun Sep 14 04:36:17 AM PDT 2025 ===
Active John processes: 2 (Linux: 0, LM: 2)
Attack Status Summary:
- Linux SHA-512 attacks (aa-ah): 0 processes active
- Windows LM attacks (ai-ap): 2 processes active (may have completed)
- Passwords discovered: Linux (0/8), LM (0/8)
Process distribution: Hydra: 64, John: 2, Total: 66
Recent activity check:
- Log files updated in last minute: 0

=== Status Check at Sun Sep 14 04:37:17 AM PDT 2025 ===
Active John processes: 2 (Linux: 0, LM: 2)
Attack Status Summary:
- Linux SHA-512 attacks (aa-ah): 0 processes active
- Windows LM attacks (ai-ap): 2 processes active (may have completed)
- Passwords discovered: Linux (0/8), LM (0/8)
Process distribution: Hydra: 64, John: 2, Total: 66
Recent activity check:
- Log files updated in last minute: 0

=== Status Check at Sun Sep 14 04:38:17 AM PDT 2025 ===
Active John processes: 2 (Linux: 0, LM: 2)
Attack Status Summary:
- Linux SHA-512 attacks (aa-ah): 0 processes active
- Windows LM attacks (ai-ap): 2 processes active (may have completed)
- Passwords discovered: Linux (0/8), LM (0/8)
Process distribution: Hydra: 64, John: 2, Total: 66
Recent activity check:
- Log files updated in last minute: 0

=== Status Check at Sun Sep 14 04:39:18 AM PDT 2025 ===
Active John processes: 2 (Linux: 0, LM: 2)
Attack Status Summary:
- Linux SHA-512 attacks (aa-ah): 0 processes active
- Windows LM attacks (ai-ap): 2 processes active (may have completed)
- Passwords discovered: Linux (0/8), LM (0/8)
Process distribution: Hydra: 64, John: 2, Total: 66
Recent activity check:
- Log files updated in last minute: 0

=== Status Check at Sun Sep 14 04:40:18 AM PDT 2025 ===
Active John processes: 2 (Linux: 0, LM: 2)
Attack Status Summary:
- Linux SHA-512 attacks (aa-ah): 0 processes active
- Windows LM attacks (ai-ap): 2 processes active (may have completed)
- Passwords discovered: Linux (0/8), LM (0/8)
Process distribution: Hydra: 64, John: 2, Total: 66
Recent activity check:
- Log files updated in last minute: 0

=== Status Check at Sun Sep 14 04:41:18 AM PDT 2025 ===
Active John processes: 2 (Linux: 0, LM: 2)
Attack Status Summary:
- Linux SHA-512 attacks (aa-ah): 0 processes active
- Windows LM attacks (ai-ap): 2 processes active (may have completed)
- Passwords discovered: Linux (0/8), LM (0/8)
Process distribution: Hydra: 64, John: 2, Total: 66
Recent activity check:
- Log files updated in last minute: 0

=== Status Check at Sun Sep 14 04:42:18 AM PDT 2025 ===
Active John processes: 2 (Linux: 0, LM: 2)
Attack Status Summary:
- Linux SHA-512 attacks (aa-ah): 0 processes active
- Windows LM attacks (ai-ap): 2 processes active (may have completed)
- Passwords discovered: Linux (0/8), LM (0/8)
Process distribution: Hydra: 64, John: 2, Total: 66
Recent activity check:
- Log files updated in last minute: 1

=== Status Check at Sun Sep 14 04:43:18 AM PDT 2025 ===
Active John processes: 2 (Linux: 0, LM: 2)
Attack Status Summary:
- Linux SHA-512 attacks (aa-ah): 0 processes active
- Windows LM attacks (ai-ap): 2 processes active (may have completed)
- Passwords discovered: Linux (0/8), LM (0/8)
Process distribution: Hydra: 63, John: 2, Total: 65
Recent activity check:
- Log files updated in last minute: 0

=== Status Check at Sun Sep 14 04:44:18 AM PDT 2025 ===
Active John processes: 2 (Linux: 0, LM: 2)
Attack Status Summary:
- Linux SHA-512 attacks (aa-ah): 0 processes active
- Windows LM attacks (ai-ap): 2 processes active (may have completed)
- Passwords discovered: Linux (0/8), LM (0/8)
Process distribution: Hydra: 63, John: 2, Total: 65
Recent activity check:
- Log files updated in last minute: 0

=== Status Check at Sun Sep 14 04:45:18 AM PDT 2025 ===
Active John processes: 2 (Linux: 0, LM: 2)
Attack Status Summary:
- Linux SHA-512 attacks (aa-ah): 0 processes active
- Windows LM attacks (ai-ap): 2 processes active (may have completed)
- Passwords discovered: Linux (0/8), LM (0/8)
Process distribution: Hydra: 63, John: 2, Total: 65
Recent activity check:
- Log files updated in last minute: 0

=== Status Check at Sun Sep 14 04:46:19 AM PDT 2025 ===
Active John processes: 2 (Linux: 0, LM: 2)
Attack Status Summary:
- Linux SHA-512 attacks (aa-ah): 0 processes active
- Windows LM attacks (ai-ap): 2 processes active (may have completed)
- Passwords discovered: Linux (0/8), LM (0/8)
Process distribution: Hydra: 64, John: 2, Total: 66
Recent activity check:
- Log files updated in last minute: 0

=== Status Check at Sun Sep 14 04:47:19 AM PDT 2025 ===
Active John processes: 2 (Linux: 0, LM: 2)
Attack Status Summary:
- Linux SHA-512 attacks (aa-ah): 0 processes active
- Windows LM attacks (ai-ap): 2 processes active (may have completed)
- Passwords discovered: Linux (0/8), LM (0/8)
Process distribution: Hydra: 63, John: 2, Total: 65
Recent activity check:
- Log files updated in last minute: 0

=== Status Check at Sun Sep 14 04:48:19 AM PDT 2025 ===
Active John processes: 2 (Linux: 0, LM: 2)
Attack Status Summary:
- Linux SHA-512 attacks (aa-ah): 0 processes active
- Windows LM attacks (ai-ap): 2 processes active (may have completed)
- Passwords discovered: Linux (0/8), LM (0/8)
Process distribution: Hydra: 64, John: 2, Total: 66
Recent activity check:
- Log files updated in last minute: 0

=== Status Check at Sun Sep 14 04:49:19 AM PDT 2025 ===
Active John processes: 2 (Linux: 0, LM: 2)
Attack Status Summary:
- Linux SHA-512 attacks (aa-ah): 0 processes active
- Windows LM attacks (ai-ap): 2 processes active (may have completed)
- Passwords discovered: Linux (0/8), LM (0/8)
Process distribution: Hydra: 64, John: 2, Total: 66
Recent activity check:
- Log files updated in last minute: 0

=== Status Check at Sun Sep 14 04:50:19 AM PDT 2025 ===
Active John processes: 2 (Linux: 0, LM: 2)
Attack Status Summary:
- Linux SHA-512 attacks (aa-ah): 0 processes active
- Windows LM attacks (ai-ap): 2 processes active (may have completed)
- Passwords discovered: Linux (0/8), LM (0/8)
Process distribution: Hydra: 64, John: 2, Total: 66
Recent activity check:
- Log files updated in last minute: 0

=== Status Check at Sun Sep 14 04:51:19 AM PDT 2025 ===
Active John processes: 2 (Linux: 0, LM: 2)
Attack Status Summary:
- Linux SHA-512 attacks (aa-ah): 0 processes active
- Windows LM attacks (ai-ap): 2 processes active (may have completed)
- Passwords discovered: Linux (0/8), LM (0/8)
Process distribution: Hydra: 64, John: 2, Total: 66
Recent activity check:
- Log files updated in last minute: 1

=== Status Check at Sun Sep 14 04:52:19 AM PDT 2025 ===
Active John processes: 2 (Linux: 0, LM: 2)
Attack Status Summary:
- Linux SHA-512 attacks (aa-ah): 0 processes active
- Windows LM attacks (ai-ap): 2 processes active (may have completed)
- Passwords discovered: Linux (0/8), LM (0/8)
Process distribution: Hydra: 63, John: 2, Total: 65
Recent activity check:
- Log files updated in last minute: 0

=== Status Check at Sun Sep 14 04:53:19 AM PDT 2025 ===
Active John processes: 2 (Linux: 0, LM: 2)
Attack Status Summary:
- Linux SHA-512 attacks (aa-ah): 0 processes active
- Windows LM attacks (ai-ap): 2 processes active (may have completed)
- Passwords discovered: Linux (0/8), LM (0/8)
Process distribution: Hydra: 64, John: 2, Total: 66
Recent activity check:
- Log files updated in last minute: 0

=== Status Check at Sun Sep 14 04:54:20 AM PDT 2025 ===
Active John processes: 2 (Linux: 0, LM: 2)
Attack Status Summary:
- Linux SHA-512 attacks (aa-ah): 0 processes active
- Windows LM attacks (ai-ap): 2 processes active (may have completed)
- Passwords discovered: Linux (0/8), LM (0/8)
Process distribution: Hydra: 64, John: 2, Total: 66
Recent activity check:
- Log files updated in last minute: 0

=== Status Check at Sun Sep 14 04:55:20 AM PDT 2025 ===
Active John processes: 2 (Linux: 0, LM: 2)
Attack Status Summary:
- Linux SHA-512 attacks (aa-ah): 0 processes active
- Windows LM attacks (ai-ap): 2 processes active (may have completed)
- Passwords discovered: Linux (0/8), LM (0/8)
Process distribution: Hydra: 64, John: 2, Total: 66
Recent activity check:
- Log files updated in last minute: 0

=== Status Check at Sun Sep 14 04:56:20 AM PDT 2025 ===
Active John processes: 2 (Linux: 0, LM: 2)
Attack Status Summary:
- Linux SHA-512 attacks (aa-ah): 0 processes active
- Windows LM attacks (ai-ap): 2 processes active (may have completed)
- Passwords discovered: Linux (0/8), LM (0/8)
Process distribution: Hydra: 64, John: 2, Total: 66
Recent activity check:
- Log files updated in last minute: 0

=== Status Check at Sun Sep 14 04:57:20 AM PDT 2025 ===
Active John processes: 2 (Linux: 0, LM: 2)
Attack Status Summary:
- Linux SHA-512 attacks (aa-ah): 0 processes active
- Windows LM attacks (ai-ap): 2 processes active (may have completed)
- Passwords discovered: Linux (0/8), LM (0/8)
Process distribution: Hydra: 64, John: 2, Total: 66
Recent activity check:
- Log files updated in last minute: 0

=== Status Check at Sun Sep 14 04:58:20 AM PDT 2025 ===
Active John processes: 2 (Linux: 0, LM: 2)
Attack Status Summary:
- Linux SHA-512 attacks (aa-ah): 0 processes active
- Windows LM attacks (ai-ap): 2 processes active (may have completed)
- Passwords discovered: Linux (0/8), LM (0/8)
Process distribution: Hydra: 64, John: 2, Total: 66
Recent activity check:
- Log files updated in last minute: 0

=== Status Check at Sun Sep 14 04:59:20 AM PDT 2025 ===
Active John processes: 2 (Linux: 0, LM: 2)
Attack Status Summary:
- Linux SHA-512 attacks (aa-ah): 0 processes active
- Windows LM attacks (ai-ap): 2 processes active (may have completed)
- Passwords discovered: Linux (0/8), LM (0/8)
Process distribution: Hydra: 63, John: 2, Total: 65
Recent activity check:
- Log files updated in last minute: 0

=== Status Check at Sun Sep 14 05:00:20 AM PDT 2025 ===
Active John processes: 2 (Linux: 0, LM: 2)
Attack Status Summary:
- Linux SHA-512 attacks (aa-ah): 0 processes active
- Windows LM attacks (ai-ap): 2 processes active (may have completed)
- Passwords discovered: Linux (0/8), LM (0/8)
Process distribution: Hydra: 64, John: 2, Total: 66
Recent activity check:
- Log files updated in last minute: 1

=== Status Check at Sun Sep 14 05:01:20 AM PDT 2025 ===
Active John processes: 2 (Linux: 0, LM: 2)
Attack Status Summary:
- Linux SHA-512 attacks (aa-ah): 0 processes active
- Windows LM attacks (ai-ap): 2 processes active (may have completed)
- Passwords discovered: Linux (0/8), LM (0/8)
Process distribution: Hydra: 64, John: 2, Total: 66
Recent activity check:
- Log files updated in last minute: 0

=== Status Check at Sun Sep 14 05:02:21 AM PDT 2025 ===
Active John processes: 0 (Linux: 0, LM: 0)
Attack Status Summary:
- Linux SHA-512 attacks (aa-ah): 0 processes active
- Windows LM attacks (ai-ap): 0 processes active (may have completed)
- Passwords discovered: Linux (0/8), LM (0/8)
Process distribution: Hydra: 64, John: 0, Total: 64
Recent activity check:
- Log files updated in last minute: 0

=== Status Check at Sun Sep 14 05:03:21 AM PDT 2025 ===
Active John processes: 0 (Linux: 0, LM: 0)
Attack Status Summary:
- Linux SHA-512 attacks (aa-ah): 0 processes active
- Windows LM attacks (ai-ap): 0 processes active (may have completed)
- Passwords discovered: Linux (0/8), LM (0/8)
Process distribution: Hydra: 62, John: 0, Total: 62
Recent activity check:
- Log files updated in last minute: 0

=== Status Check at Sun Sep 14 05:04:21 AM PDT 2025 ===
Active John processes: 0 (Linux: 0, LM: 0)
Attack Status Summary:
- Linux SHA-512 attacks (aa-ah): 0 processes active
- Windows LM attacks (ai-ap): 0 processes active (may have completed)
- Passwords discovered: Linux (0/8), LM (0/8)
Process distribution: Hydra: 64, John: 0, Total: 64
Recent activity check:
- Log files updated in last minute: 0

=== Status Check at Sun Sep 14 05:05:21 AM PDT 2025 ===
Active John processes: 0 (Linux: 0, LM: 0)
Attack Status Summary:
- Linux SHA-512 attacks (aa-ah): 0 processes active
- Windows LM attacks (ai-ap): 0 processes active (may have completed)
- Passwords discovered: Linux (0/8), LM (0/8)
Process distribution: Hydra: 64, John: 0, Total: 64
Recent activity check:
- Log files updated in last minute: 0

=== Status Check at Sun Sep 14 05:06:21 AM PDT 2025 ===
Active John processes: 0 (Linux: 0, LM: 0)
Attack Status Summary:
- Linux SHA-512 attacks (aa-ah): 0 processes active
- Windows LM attacks (ai-ap): 0 processes active (may have completed)
- Passwords discovered: Linux (0/8), LM (0/8)
Process distribution: Hydra: 64, John: 0, Total: 64
Recent activity check:
- Log files updated in last minute: 0

=== Status Check at Sun Sep 14 05:07:21 AM PDT 2025 ===
Active John processes: 0 (Linux: 0, LM: 0)
Attack Status Summary:
- Linux SHA-512 attacks (aa-ah): 0 processes active
- Windows LM attacks (ai-ap): 0 processes active (may have completed)
- Passwords discovered: Linux (0/8), LM (0/8)
Process distribution: Hydra: 64, John: 0, Total: 64
Recent activity check:
- Log files updated in last minute: 0

=== Status Check at Sun Sep 14 05:08:21 AM PDT 2025 ===
Active John processes: 0 (Linux: 0, LM: 0)
Attack Status Summary:
- Linux SHA-512 attacks (aa-ah): 0 processes active
- Windows LM attacks (ai-ap): 0 processes active (may have completed)
- Passwords discovered: Linux (0/8), LM (0/8)
Process distribution: Hydra: 64, John: 0, Total: 64
Recent activity check:
- Log files updated in last minute: 0

=== Status Check at Sun Sep 14 05:09:21 AM PDT 2025 ===
Active John processes: 0 (Linux: 0, LM: 0)
Attack Status Summary:
- Linux SHA-512 attacks (aa-ah): 0 processes active
- Windows LM attacks (ai-ap): 0 processes active (may have completed)
- Passwords discovered: Linux (0/8), LM (0/8)
Process distribution: Hydra: 63, John: 0, Total: 63
Recent activity check:
- Log files updated in last minute: 0

=== Status Check at Sun Sep 14 05:10:21 AM PDT 2025 ===
Active John processes: 0 (Linux: 0, LM: 0)
Attack Status Summary:
- Linux SHA-512 attacks (aa-ah): 0 processes active
- Windows LM attacks (ai-ap): 0 processes active (may have completed)
- Passwords discovered: Linux (0/8), LM (0/8)
Process distribution: Hydra: 64, John: 0, Total: 64
Recent activity check:
- Log files updated in last minute: 0

=== Status Check at Sun Sep 14 05:11:22 AM PDT 2025 ===
Active John processes: 0 (Linux: 0, LM: 0)
Attack Status Summary:
- Linux SHA-512 attacks (aa-ah): 0 processes active
- Windows LM attacks (ai-ap): 0 processes active (may have completed)
- Passwords discovered: Linux (0/8), LM (0/8)
Process distribution: Hydra: 64, John: 0, Total: 64
Recent activity check:
- Log files updated in last minute: 0

=== Status Check at Sun Sep 14 05:12:22 AM PDT 2025 ===
Active John processes: 0 (Linux: 0, LM: 0)
Attack Status Summary:
- Linux SHA-512 attacks (aa-ah): 0 processes active
- Windows LM attacks (ai-ap): 0 processes active (may have completed)
- Passwords discovered: Linux (0/8), LM (0/8)
Process distribution: Hydra: 64, John: 0, Total: 64
Recent activity check:
- Log files updated in last minute: 0

=== Status Check at Sun Sep 14 05:13:22 AM PDT 2025 ===
Active John processes: 0 (Linux: 0, LM: 0)
Attack Status Summary:
- Linux SHA-512 attacks (aa-ah): 0 processes active
- Windows LM attacks (ai-ap): 0 processes active (may have completed)
- Passwords discovered: Linux (0/8), LM (0/8)
Process distribution: Hydra: 64, John: 0, Total: 64
Recent activity check:
- Log files updated in last minute: 0

=== Status Check at Sun Sep 14 05:14:22 AM PDT 2025 ===
Active John processes: 0 (Linux: 0, LM: 0)
Attack Status Summary:
- Linux SHA-512 attacks (aa-ah): 0 processes active
- Windows LM attacks (ai-ap): 0 processes active (may have completed)
- Passwords discovered: Linux (0/8), LM (0/8)
Process distribution: Hydra: 63, John: 0, Total: 63
Recent activity check:
- Log files updated in last minute: 0

=== Status Check at Sun Sep 14 05:15:22 AM PDT 2025 ===
Active John processes: 0 (Linux: 0, LM: 0)
Attack Status Summary:
- Linux SHA-512 attacks (aa-ah): 0 processes active
- Windows LM attacks (ai-ap): 0 processes active (may have completed)
- Passwords discovered: Linux (0/8), LM (0/8)
Process distribution: Hydra: 64, John: 0, Total: 64
Recent activity check:
- Log files updated in last minute: 0

=== Status Check at Sun Sep 14 05:16:22 AM PDT 2025 ===
Active John processes: 0 (Linux: 0, LM: 0)
Attack Status Summary:
- Linux SHA-512 attacks (aa-ah): 0 processes active
- Windows LM attacks (ai-ap): 0 processes active (may have completed)
- Passwords discovered: Linux (0/8), LM (0/8)
Process distribution: Hydra: 64, John: 0, Total: 64
Recent activity check:
- Log files updated in last minute: 0

=== Status Check at Sun Sep 14 05:17:22 AM PDT 2025 ===
Active John processes: 0 (Linux: 0, LM: 0)
Attack Status Summary:
- Linux SHA-512 attacks (aa-ah): 0 processes active
- Windows LM attacks (ai-ap): 0 processes active (may have completed)
- Passwords discovered: Linux (0/8), LM (0/8)
Process distribution: Hydra: 64, John: 0, Total: 64
Recent activity check:
- Log files updated in last minute: 0

=== Status Check at Sun Sep 14 05:18:22 AM PDT 2025 ===
Active John processes: 0 (Linux: 0, LM: 0)
Attack Status Summary:
- Linux SHA-512 attacks (aa-ah): 0 processes active
- Windows LM attacks (ai-ap): 0 processes active (may have completed)
- Passwords discovered: Linux (0/8), LM (0/8)
Process distribution: Hydra: 64, John: 0, Total: 64
Recent activity check:
- Log files updated in last minute: 0

=== Status Check at Sun Sep 14 05:19:23 AM PDT 2025 ===
Active John processes: 0 (Linux: 0, LM: 0)
Attack Status Summary:
- Linux SHA-512 attacks (aa-ah): 0 processes active
- Windows LM attacks (ai-ap): 0 processes active (may have completed)
- Passwords discovered: Linux (0/8), LM (0/8)
Process distribution: Hydra: 63, John: 0, Total: 63
Recent activity check:
- Log files updated in last minute: 0

=== Status Check at Sun Sep 14 05:20:23 AM PDT 2025 ===
Active John processes: 0 (Linux: 0, LM: 0)
Attack Status Summary:
- Linux SHA-512 attacks (aa-ah): 0 processes active
- Windows LM attacks (ai-ap): 0 processes active (may have completed)
- Passwords discovered: Linux (0/8), LM (0/8)
Process distribution: Hydra: 64, John: 0, Total: 64
Recent activity check:
- Log files updated in last minute: 0

=== Status Check at Sun Sep 14 05:21:23 AM PDT 2025 ===
Active John processes: 0 (Linux: 0, LM: 0)
Attack Status Summary:
- Linux SHA-512 attacks (aa-ah): 0 processes active
- Windows LM attacks (ai-ap): 0 processes active (may have completed)
- Passwords discovered: Linux (0/8), LM (0/8)
Process distribution: Hydra: 63, John: 0, Total: 63
Recent activity check:
- Log files updated in last minute: 0

=== Status Check at Sun Sep 14 05:22:23 AM PDT 2025 ===
Active John processes: 0 (Linux: 0, LM: 0)
Attack Status Summary:
- Linux SHA-512 attacks (aa-ah): 0 processes active
- Windows LM attacks (ai-ap): 0 processes active (may have completed)
- Passwords discovered: Linux (0/8), LM (0/8)
Process distribution: Hydra: 63, John: 0, Total: 63
Recent activity check:
- Log files updated in last minute: 0

=== Status Check at Sun Sep 14 05:23:23 AM PDT 2025 ===
Active John processes: 0 (Linux: 0, LM: 0)
Attack Status Summary:
- Linux SHA-512 attacks (aa-ah): 0 processes active
- Windows LM attacks (ai-ap): 0 processes active (may have completed)
- Passwords discovered: Linux (0/8), LM (0/8)
Process distribution: Hydra: 64, John: 0, Total: 64
Recent activity check:
- Log files updated in last minute: 0

=== Status Check at Sun Sep 14 05:24:23 AM PDT 2025 ===
Active John processes: 0 (Linux: 0, LM: 0)
Attack Status Summary:
- Linux SHA-512 attacks (aa-ah): 0 processes active
- Windows LM attacks (ai-ap): 0 processes active (may have completed)
- Passwords discovered: Linux (0/8), LM (0/8)
Process distribution: Hydra: 63, John: 0, Total: 63
Recent activity check:
- Log files updated in last minute: 0

=== Status Check at Sun Sep 14 05:25:23 AM PDT 2025 ===
Active John processes: 0 (Linux: 0, LM: 0)
Attack Status Summary:
- Linux SHA-512 attacks (aa-ah): 0 processes active
- Windows LM attacks (ai-ap): 0 processes active (may have completed)
- Passwords discovered: Linux (0/8), LM (0/8)
Process distribution: Hydra: 64, John: 0, Total: 64
Recent activity check:
- Log files updated in last minute: 0

=== Status Check at Sun Sep 14 05:26:23 AM PDT 2025 ===
Active John processes: 0 (Linux: 0, LM: 0)
Attack Status Summary:
- Linux SHA-512 attacks (aa-ah): 0 processes active
- Windows LM attacks (ai-ap): 0 processes active (may have completed)
- Passwords discovered: Linux (0/8), LM (0/8)
Process distribution: Hydra: 63, John: 0, Total: 63
Recent activity check:
- Log files updated in last minute: 0

=== Status Check at Sun Sep 14 05:27:24 AM PDT 2025 ===
Active John processes: 0 (Linux: 0, LM: 0)
Attack Status Summary:
- Linux SHA-512 attacks (aa-ah): 0 processes active
- Windows LM attacks (ai-ap): 0 processes active (may have completed)
- Passwords discovered: Linux (0/8), LM (0/8)
Process distribution: Hydra: 64, John: 0, Total: 64
Recent activity check:
- Log files updated in last minute: 0

=== Status Check at Sun Sep 14 05:28:24 AM PDT 2025 ===
Active John processes: 0 (Linux: 0, LM: 0)
Attack Status Summary:
- Linux SHA-512 attacks (aa-ah): 0 processes active
- Windows LM attacks (ai-ap): 0 processes active (may have completed)
- Passwords discovered: Linux (0/8), LM (0/8)
Process distribution: Hydra: 64, John: 0, Total: 64
Recent activity check:
- Log files updated in last minute: 0

=== Status Check at Sun Sep 14 05:29:24 AM PDT 2025 ===
Active John processes: 0 (Linux: 0, LM: 0)
Attack Status Summary:
- Linux SHA-512 attacks (aa-ah): 0 processes active
- Windows LM attacks (ai-ap): 0 processes active (may have completed)
- Passwords discovered: Linux (0/8), LM (0/8)
Process distribution: Hydra: 64, John: 0, Total: 64
Recent activity check:
- Log files updated in last minute: 0

=== Status Check at Sun Sep 14 05:30:24 AM PDT 2025 ===
Active John processes: 0 (Linux: 0, LM: 0)
Attack Status Summary:
- Linux SHA-512 attacks (aa-ah): 0 processes active
- Windows LM attacks (ai-ap): 0 processes active (may have completed)
- Passwords discovered: Linux (0/8), LM (0/8)
Process distribution: Hydra: 64, John: 0, Total: 64
Recent activity check:
- Log files updated in last minute: 0

=== Status Check at Sun Sep 14 05:31:24 AM PDT 2025 ===
Active John processes: 0 (Linux: 0, LM: 0)
Attack Status Summary:
- Linux SHA-512 attacks (aa-ah): 0 processes active
- Windows LM attacks (ai-ap): 0 processes active (may have completed)
- Passwords discovered: Linux (0/8), LM (0/8)
Process distribution: Hydra: 63, John: 0, Total: 63
Recent activity check:
- Log files updated in last minute: 0

=== Status Check at Sun Sep 14 05:32:24 AM PDT 2025 ===
Active John processes: 0 (Linux: 0, LM: 0)
Attack Status Summary:
- Linux SHA-512 attacks (aa-ah): 0 processes active
- Windows LM attacks (ai-ap): 0 processes active (may have completed)
- Passwords discovered: Linux (0/8), LM (0/8)
Process distribution: Hydra: 63, John: 0, Total: 63
Recent activity check:
- Log files updated in last minute: 0

=== Status Check at Sun Sep 14 05:33:24 AM PDT 2025 ===
Active John processes: 0 (Linux: 0, LM: 0)
Attack Status Summary:
- Linux SHA-512 attacks (aa-ah): 0 processes active
- Windows LM attacks (ai-ap): 0 processes active (may have completed)
- Passwords discovered: Linux (0/8), LM (0/8)
Process distribution: Hydra: 63, John: 0, Total: 63
Recent activity check:
- Log files updated in last minute: 0

=== Status Check at Sun Sep 14 05:34:24 AM PDT 2025 ===
Active John processes: 0 (Linux: 0, LM: 0)
Attack Status Summary:
- Linux SHA-512 attacks (aa-ah): 0 processes active
- Windows LM attacks (ai-ap): 0 processes active (may have completed)
- Passwords discovered: Linux (0/8), LM (0/8)
Process distribution: Hydra: 64, John: 0, Total: 64
Recent activity check:
- Log files updated in last minute: 0

=== Status Check at Sun Sep 14 05:35:24 AM PDT 2025 ===
Active John processes: 0 (Linux: 0, LM: 0)
Attack Status Summary:
- Linux SHA-512 attacks (aa-ah): 0 processes active
- Windows LM attacks (ai-ap): 0 processes active (may have completed)
- Passwords discovered: Linux (0/8), LM (0/8)
Process distribution: Hydra: 64, John: 0, Total: 64
Recent activity check:
- Log files updated in last minute: 0

=== Status Check at Sun Sep 14 05:36:25 AM PDT 2025 ===
Active John processes: 0 (Linux: 0, LM: 0)
Attack Status Summary:
- Linux SHA-512 attacks (aa-ah): 0 processes active
- Windows LM attacks (ai-ap): 0 processes active (may have completed)
- Passwords discovered: Linux (0/8), LM (0/8)
Process distribution: Hydra: 64, John: 0, Total: 64
Recent activity check:
- Log files updated in last minute: 0

=== Status Check at Sun Sep 14 05:37:25 AM PDT 2025 ===
Active John processes: 0 (Linux: 0, LM: 0)
Attack Status Summary:
- Linux SHA-512 attacks (aa-ah): 0 processes active
- Windows LM attacks (ai-ap): 0 processes active (may have completed)
- Passwords discovered: Linux (0/8), LM (0/8)
Process distribution: Hydra: 64, John: 0, Total: 64
Recent activity check:
- Log files updated in last minute: 0

=== Status Check at Sun Sep 14 05:38:25 AM PDT 2025 ===
Active John processes: 0 (Linux: 0, LM: 0)
Attack Status Summary:
- Linux SHA-512 attacks (aa-ah): 0 processes active
- Windows LM attacks (ai-ap): 0 processes active (may have completed)
- Passwords discovered: Linux (0/8), LM (0/8)
Process distribution: Hydra: 64, John: 0, Total: 64
Recent activity check:
- Log files updated in last minute: 0

=== Status Check at Sun Sep 14 05:39:25 AM PDT 2025 ===
Active John processes: 0 (Linux: 0, LM: 0)
Attack Status Summary:
- Linux SHA-512 attacks (aa-ah): 0 processes active
- Windows LM attacks (ai-ap): 0 processes active (may have completed)
- Passwords discovered: Linux (0/8), LM (0/8)
Process distribution: Hydra: 64, John: 0, Total: 64
Recent activity check:
- Log files updated in last minute: 0

=== Status Check at Sun Sep 14 05:40:25 AM PDT 2025 ===
Active John processes: 0 (Linux: 0, LM: 0)
Attack Status Summary:
- Linux SHA-512 attacks (aa-ah): 0 processes active
- Windows LM attacks (ai-ap): 0 processes active (may have completed)
- Passwords discovered: Linux (0/8), LM (0/8)
Process distribution: Hydra: 64, John: 0, Total: 64
Recent activity check:
- Log files updated in last minute: 0

=== Status Check at Sun Sep 14 05:41:25 AM PDT 2025 ===
Active John processes: 0 (Linux: 0, LM: 0)
Attack Status Summary:
- Linux SHA-512 attacks (aa-ah): 0 processes active
- Windows LM attacks (ai-ap): 0 processes active (may have completed)
- Passwords discovered: Linux (0/8), LM (0/8)
Process distribution: Hydra: 64, John: 0, Total: 64
Recent activity check:
- Log files updated in last minute: 0

=== Status Check at Sun Sep 14 05:42:25 AM PDT 2025 ===
Active John processes: 0 (Linux: 0, LM: 0)
Attack Status Summary:
- Linux SHA-512 attacks (aa-ah): 0 processes active
- Windows LM attacks (ai-ap): 0 processes active (may have completed)
- Passwords discovered: Linux (0/8), LM (0/8)
Process distribution: Hydra: 64, John: 0, Total: 64
Recent activity check:
- Log files updated in last minute: 0

=== Status Check at Sun Sep 14 05:43:25 AM PDT 2025 ===
Active John processes: 0 (Linux: 0, LM: 0)
Attack Status Summary:
- Linux SHA-512 attacks (aa-ah): 0 processes active
- Windows LM attacks (ai-ap): 0 processes active (may have completed)
- Passwords discovered: Linux (0/8), LM (0/8)
Process distribution: Hydra: 64, John: 0, Total: 64
Recent activity check:
- Log files updated in last minute: 0

=== Status Check at Sun Sep 14 05:44:25 AM PDT 2025 ===
Active John processes: 0 (Linux: 0, LM: 0)
Attack Status Summary:
- Linux SHA-512 attacks (aa-ah): 0 processes active
- Windows LM attacks (ai-ap): 0 processes active (may have completed)
- Passwords discovered: Linux (0/8), LM (0/8)
Process distribution: Hydra: 64, John: 0, Total: 64
Recent activity check:
- Log files updated in last minute: 0

=== Status Check at Sun Sep 14 05:45:26 AM PDT 2025 ===
Active John processes: 0 (Linux: 0, LM: 0)
Attack Status Summary:
- Linux SHA-512 attacks (aa-ah): 0 processes active
- Windows LM attacks (ai-ap): 0 processes active (may have completed)
- Passwords discovered: Linux (0/8), LM (0/8)
Process distribution: Hydra: 63, John: 0, Total: 63
Recent activity check:
- Log files updated in last minute: 0

=== Status Check at Sun Sep 14 05:46:26 AM PDT 2025 ===
Active John processes: 0 (Linux: 0, LM: 0)
Attack Status Summary:
- Linux SHA-512 attacks (aa-ah): 0 processes active
- Windows LM attacks (ai-ap): 0 processes active (may have completed)
- Passwords discovered: Linux (0/8), LM (0/8)
Process distribution: Hydra: 64, John: 0, Total: 64
Recent activity check:
- Log files updated in last minute: 0

=== Status Check at Sun Sep 14 05:47:26 AM PDT 2025 ===
Active John processes: 0 (Linux: 0, LM: 0)
Attack Status Summary:
- Linux SHA-512 attacks (aa-ah): 0 processes active
- Windows LM attacks (ai-ap): 0 processes active (may have completed)
- Passwords discovered: Linux (0/8), LM (0/8)
Process distribution: Hydra: 64, John: 0, Total: 64
Recent activity check:
- Log files updated in last minute: 0

=== Status Check at Sun Sep 14 05:48:26 AM PDT 2025 ===
Active John processes: 0 (Linux: 0, LM: 0)
Attack Status Summary:
- Linux SHA-512 attacks (aa-ah): 0 processes active
- Windows LM attacks (ai-ap): 0 processes active (may have completed)
- Passwords discovered: Linux (0/8), LM (0/8)
Process distribution: Hydra: 64, John: 0, Total: 64
Recent activity check:
- Log files updated in last minute: 0

=== Status Check at Sun Sep 14 05:49:26 AM PDT 2025 ===
Active John processes: 0 (Linux: 0, LM: 0)
Attack Status Summary:
- Linux SHA-512 attacks (aa-ah): 0 processes active
- Windows LM attacks (ai-ap): 0 processes active (may have completed)
- Passwords discovered: Linux (0/8), LM (0/8)
Process distribution: Hydra: 64, John: 0, Total: 64
Recent activity check:
- Log files updated in last minute: 0

=== Status Check at Sun Sep 14 05:50:26 AM PDT 2025 ===
Active John processes: 0 (Linux: 0, LM: 0)
Attack Status Summary:
- Linux SHA-512 attacks (aa-ah): 0 processes active
- Windows LM attacks (ai-ap): 0 processes active (may have completed)
- Passwords discovered: Linux (0/8), LM (0/8)
Process distribution: Hydra: 64, John: 0, Total: 64
Recent activity check:
- Log files updated in last minute: 0

=== Status Check at Sun Sep 14 05:51:26 AM PDT 2025 ===
Active John processes: 0 (Linux: 0, LM: 0)
Attack Status Summary:
- Linux SHA-512 attacks (aa-ah): 0 processes active
- Windows LM attacks (ai-ap): 0 processes active (may have completed)
- Passwords discovered: Linux (0/8), LM (0/8)
Process distribution: Hydra: 64, John: 0, Total: 64
Recent activity check:
- Log files updated in last minute: 0

=== Status Check at Sun Sep 14 05:52:26 AM PDT 2025 ===
Active John processes: 0 (Linux: 0, LM: 0)
Attack Status Summary:
- Linux SHA-512 attacks (aa-ah): 0 processes active
- Windows LM attacks (ai-ap): 0 processes active (may have completed)
- Passwords discovered: Linux (0/8), LM (0/8)
Process distribution: Hydra: 64, John: 0, Total: 64
Recent activity check:
- Log files updated in last minute: 0

=== Status Check at Sun Sep 14 05:53:27 AM PDT 2025 ===
Active John processes: 0 (Linux: 0, LM: 0)
Attack Status Summary:
- Linux SHA-512 attacks (aa-ah): 0 processes active
- Windows LM attacks (ai-ap): 0 processes active (may have completed)
- Passwords discovered: Linux (0/8), LM (0/8)
Process distribution: Hydra: 64, John: 0, Total: 64
Recent activity check:
- Log files updated in last minute: 0

=== Status Check at Sun Sep 14 05:54:27 AM PDT 2025 ===
Active John processes: 0 (Linux: 0, LM: 0)
Attack Status Summary:
- Linux SHA-512 attacks (aa-ah): 0 processes active
- Windows LM attacks (ai-ap): 0 processes active (may have completed)
- Passwords discovered: Linux (0/8), LM (0/8)
Process distribution: Hydra: 63, John: 0, Total: 63
Recent activity check:
- Log files updated in last minute: 0

=== Status Check at Sun Sep 14 05:55:27 AM PDT 2025 ===
Active John processes: 0 (Linux: 0, LM: 0)
Attack Status Summary:
- Linux SHA-512 attacks (aa-ah): 0 processes active
- Windows LM attacks (ai-ap): 0 processes active (may have completed)
- Passwords discovered: Linux (0/8), LM (0/8)
Process distribution: Hydra: 64, John: 0, Total: 64
Recent activity check:
- Log files updated in last minute: 0

=== Status Check at Sun Sep 14 05:56:27 AM PDT 2025 ===
Active John processes: 0 (Linux: 0, LM: 0)
Attack Status Summary:
- Linux SHA-512 attacks (aa-ah): 0 processes active
- Windows LM attacks (ai-ap): 0 processes active (may have completed)
- Passwords discovered: Linux (0/8), LM (0/8)
Process distribution: Hydra: 63, John: 0, Total: 63
Recent activity check:
- Log files updated in last minute: 0

=== Status Check at Sun Sep 14 05:57:27 AM PDT 2025 ===
Active John processes: 0 (Linux: 0, LM: 0)
Attack Status Summary:
- Linux SHA-512 attacks (aa-ah): 0 processes active
- Windows LM attacks (ai-ap): 0 processes active (may have completed)
- Passwords discovered: Linux (0/8), LM (0/8)
Process distribution: Hydra: 64, John: 0, Total: 64
Recent activity check:
- Log files updated in last minute: 0

=== Status Check at Sun Sep 14 05:58:27 AM PDT 2025 ===
Active John processes: 0 (Linux: 0, LM: 0)
Attack Status Summary:
- Linux SHA-512 attacks (aa-ah): 0 processes active
- Windows LM attacks (ai-ap): 0 processes active (may have completed)
- Passwords discovered: Linux (0/8), LM (0/8)
Process distribution: Hydra: 64, John: 0, Total: 64
Recent activity check:
- Log files updated in last minute: 0

=== Status Check at Sun Sep 14 05:59:27 AM PDT 2025 ===
Active John processes: 0 (Linux: 0, LM: 0)
Attack Status Summary:
- Linux SHA-512 attacks (aa-ah): 0 processes active
- Windows LM attacks (ai-ap): 0 processes active (may have completed)
- Passwords discovered: Linux (0/8), LM (0/8)
Process distribution: Hydra: 64, John: 0, Total: 64
Recent activity check:
- Log files updated in last minute: 0

=== Status Check at Sun Sep 14 06:00:27 AM PDT 2025 ===
Active John processes: 0 (Linux: 0, LM: 0)
Attack Status Summary:
- Linux SHA-512 attacks (aa-ah): 0 processes active
- Windows LM attacks (ai-ap): 0 processes active (may have completed)
- Passwords discovered: Linux (0/8), LM (0/8)
Process distribution: Hydra: 64, John: 0, Total: 64
Recent activity check:
- Log files updated in last minute: 0

=== Status Check at Sun Sep 14 06:01:27 AM PDT 2025 ===
Active John processes: 0 (Linux: 0, LM: 0)
Attack Status Summary:
- Linux SHA-512 attacks (aa-ah): 0 processes active
- Windows LM attacks (ai-ap): 0 processes active (may have completed)
- Passwords discovered: Linux (0/8), LM (0/8)
Process distribution: Hydra: 64, John: 0, Total: 64
Recent activity check:
- Log files updated in last minute: 0

=== Status Check at Sun Sep 14 06:02:28 AM PDT 2025 ===
Active John processes: 0 (Linux: 0, LM: 0)
Attack Status Summary:
- Linux SHA-512 attacks (aa-ah): 0 processes active
- Windows LM attacks (ai-ap): 0 processes active (may have completed)
- Passwords discovered: Linux (0/8), LM (0/8)
Process distribution: Hydra: 63, John: 0, Total: 63
Recent activity check:
- Log files updated in last minute: 0

=== Status Check at Sun Sep 14 06:03:28 AM PDT 2025 ===
Active John processes: 0 (Linux: 0, LM: 0)
Attack Status Summary:
- Linux SHA-512 attacks (aa-ah): 0 processes active
- Windows LM attacks (ai-ap): 0 processes active (may have completed)
- Passwords discovered: Linux (0/8), LM (0/8)
Process distribution: Hydra: 64, John: 0, Total: 64
Recent activity check:
- Log files updated in last minute: 0

=== Status Check at Sun Sep 14 06:04:28 AM PDT 2025 ===
Active John processes: 0 (Linux: 0, LM: 0)
Attack Status Summary:
- Linux SHA-512 attacks (aa-ah): 0 processes active
- Windows LM attacks (ai-ap): 0 processes active (may have completed)
- Passwords discovered: Linux (0/8), LM (0/8)
Process distribution: Hydra: 64, John: 0, Total: 64
Recent activity check:
- Log files updated in last minute: 0

=== Status Check at Sun Sep 14 06:05:28 AM PDT 2025 ===
Active John processes: 0 (Linux: 0, LM: 0)
Attack Status Summary:
- Linux SHA-512 attacks (aa-ah): 0 processes active
- Windows LM attacks (ai-ap): 0 processes active (may have completed)
- Passwords discovered: Linux (0/8), LM (0/8)
Process distribution: Hydra: 63, John: 0, Total: 63
Recent activity check:
- Log files updated in last minute: 0

=== Status Check at Sun Sep 14 06:06:28 AM PDT 2025 ===
Active John processes: 0 (Linux: 0, LM: 0)
Attack Status Summary:
- Linux SHA-512 attacks (aa-ah): 0 processes active
- Windows LM attacks (ai-ap): 0 processes active (may have completed)
- Passwords discovered: Linux (0/8), LM (0/8)
Process distribution: Hydra: 63, John: 0, Total: 63
Recent activity check:
- Log files updated in last minute: 0

=== Status Check at Sun Sep 14 06:07:28 AM PDT 2025 ===
Active John processes: 0 (Linux: 0, LM: 0)
Attack Status Summary:
- Linux SHA-512 attacks (aa-ah): 0 processes active
- Windows LM attacks (ai-ap): 0 processes active (may have completed)
- Passwords discovered: Linux (0/8), LM (0/8)
Process distribution: Hydra: 64, John: 0, Total: 64
Recent activity check:
- Log files updated in last minute: 0

=== Status Check at Sun Sep 14 06:08:28 AM PDT 2025 ===
Active John processes: 0 (Linux: 0, LM: 0)
Attack Status Summary:
- Linux SHA-512 attacks (aa-ah): 0 processes active
- Windows LM attacks (ai-ap): 0 processes active (may have completed)
- Passwords discovered: Linux (0/8), LM (0/8)
Process distribution: Hydra: 63, John: 0, Total: 63
Recent activity check:
- Log files updated in last minute: 0

=== Status Check at Sun Sep 14 06:09:28 AM PDT 2025 ===
Active John processes: 0 (Linux: 0, LM: 0)
Attack Status Summary:
- Linux SHA-512 attacks (aa-ah): 0 processes active
- Windows LM attacks (ai-ap): 0 processes active (may have completed)
- Passwords discovered: Linux (0/8), LM (0/8)
Process distribution: Hydra: 64, John: 0, Total: 64
Recent activity check:
- Log files updated in last minute: 0

=== Status Check at Sun Sep 14 06:10:29 AM PDT 2025 ===
Active John processes: 0 (Linux: 0, LM: 0)
Attack Status Summary:
- Linux SHA-512 attacks (aa-ah): 0 processes active
- Windows LM attacks (ai-ap): 0 processes active (may have completed)
- Passwords discovered: Linux (0/8), LM (0/8)
Process distribution: Hydra: 64, John: 0, Total: 64
Recent activity check:
- Log files updated in last minute: 0

=== Status Check at Sun Sep 14 06:11:29 AM PDT 2025 ===
Active John processes: 0 (Linux: 0, LM: 0)
Attack Status Summary:
- Linux SHA-512 attacks (aa-ah): 0 processes active
- Windows LM attacks (ai-ap): 0 processes active (may have completed)
- Passwords discovered: Linux (0/8), LM (0/8)
Process distribution: Hydra: 64, John: 0, Total: 64
Recent activity check:
- Log files updated in last minute: 0

=== Status Check at Sun Sep 14 06:12:29 AM PDT 2025 ===
Active John processes: 0 (Linux: 0, LM: 0)
Attack Status Summary:
- Linux SHA-512 attacks (aa-ah): 0 processes active
- Windows LM attacks (ai-ap): 0 processes active (may have completed)
- Passwords discovered: Linux (0/8), LM (0/8)
Process distribution: Hydra: 64, John: 0, Total: 64
Recent activity check:
- Log files updated in last minute: 0

=== Status Check at Sun Sep 14 06:13:29 AM PDT 2025 ===
Active John processes: 0 (Linux: 0, LM: 0)
Attack Status Summary:
- Linux SHA-512 attacks (aa-ah): 0 processes active
- Windows LM attacks (ai-ap): 0 processes active (may have completed)
- Passwords discovered: Linux (0/8), LM (0/8)
Process distribution: Hydra: 64, John: 0, Total: 64
Recent activity check:
- Log files updated in last minute: 0

=== Status Check at Sun Sep 14 06:14:29 AM PDT 2025 ===
Active John processes: 0 (Linux: 0, LM: 0)
Attack Status Summary:
- Linux SHA-512 attacks (aa-ah): 0 processes active
- Windows LM attacks (ai-ap): 0 processes active (may have completed)
- Passwords discovered: Linux (0/8), LM (0/8)
Process distribution: Hydra: 63, John: 0, Total: 63
Recent activity check:
- Log files updated in last minute: 0

=== Status Check at Sun Sep 14 06:15:29 AM PDT 2025 ===
Active John processes: 0 (Linux: 0, LM: 0)
Attack Status Summary:
- Linux SHA-512 attacks (aa-ah): 0 processes active
- Windows LM attacks (ai-ap): 0 processes active (may have completed)
- Passwords discovered: Linux (0/8), LM (0/8)
Process distribution: Hydra: 64, John: 0, Total: 64
Recent activity check:
- Log files updated in last minute: 0

=== Status Check at Sun Sep 14 06:16:29 AM PDT 2025 ===
Active John processes: 0 (Linux: 0, LM: 0)
Attack Status Summary:
- Linux SHA-512 attacks (aa-ah): 0 processes active
- Windows LM attacks (ai-ap): 0 processes active (may have completed)
- Passwords discovered: Linux (0/8), LM (0/8)
Process distribution: Hydra: 64, John: 0, Total: 64
Recent activity check:
- Log files updated in last minute: 0

=== Status Check at Sun Sep 14 06:17:29 AM PDT 2025 ===
Active John processes: 0 (Linux: 0, LM: 0)
Attack Status Summary:
- Linux SHA-512 attacks (aa-ah): 0 processes active
- Windows LM attacks (ai-ap): 0 processes active (may have completed)
- Passwords discovered: Linux (0/8), LM (0/8)
Process distribution: Hydra: 64, John: 0, Total: 64
Recent activity check:
- Log files updated in last minute: 0

=== Status Check at Sun Sep 14 06:18:29 AM PDT 2025 ===
Active John processes: 0 (Linux: 0, LM: 0)
Attack Status Summary:
- Linux SHA-512 attacks (aa-ah): 0 processes active
- Windows LM attacks (ai-ap): 0 processes active (may have completed)
- Passwords discovered: Linux (0/8), LM (0/8)
Process distribution: Hydra: 64, John: 0, Total: 64
Recent activity check:
- Log files updated in last minute: 0

=== Status Check at Sun Sep 14 06:19:30 AM PDT 2025 ===
Active John processes: 0 (Linux: 0, LM: 0)
Attack Status Summary:
- Linux SHA-512 attacks (aa-ah): 0 processes active
- Windows LM attacks (ai-ap): 0 processes active (may have completed)
- Passwords discovered: Linux (0/8), LM (0/8)
Process distribution: Hydra: 63, John: 0, Total: 63
Recent activity check:
- Log files updated in last minute: 0

=== Status Check at Sun Sep 14 06:20:30 AM PDT 2025 ===
Active John processes: 0 (Linux: 0, LM: 0)
Attack Status Summary:
- Linux SHA-512 attacks (aa-ah): 0 processes active
- Windows LM attacks (ai-ap): 0 processes active (may have completed)
- Passwords discovered: Linux (0/8), LM (0/8)
Process distribution: Hydra: 63, John: 0, Total: 63
Recent activity check:
- Log files updated in last minute: 0

=== Status Check at Sun Sep 14 06:21:30 AM PDT 2025 ===
Active John processes: 0 (Linux: 0, LM: 0)
Attack Status Summary:
- Linux SHA-512 attacks (aa-ah): 0 processes active
- Windows LM attacks (ai-ap): 0 processes active (may have completed)
- Passwords discovered: Linux (0/8), LM (0/8)
Process distribution: Hydra: 64, John: 0, Total: 64
Recent activity check:
- Log files updated in last minute: 0

=== Status Check at Sun Sep 14 06:22:30 AM PDT 2025 ===
Active John processes: 0 (Linux: 0, LM: 0)
Attack Status Summary:
- Linux SHA-512 attacks (aa-ah): 0 processes active
- Windows LM attacks (ai-ap): 0 processes active (may have completed)
- Passwords discovered: Linux (0/8), LM (0/8)
Process distribution: Hydra: 64, John: 0, Total: 64
Recent activity check:
- Log files updated in last minute: 0

=== Status Check at Sun Sep 14 06:23:30 AM PDT 2025 ===
Active John processes: 0 (Linux: 0, LM: 0)
Attack Status Summary:
- Linux SHA-512 attacks (aa-ah): 0 processes active
- Windows LM attacks (ai-ap): 0 processes active (may have completed)
- Passwords discovered: Linux (0/8), LM (0/8)
Process distribution: Hydra: 63, John: 0, Total: 63
Recent activity check:
- Log files updated in last minute: 0

=== Status Check at Sun Sep 14 06:24:30 AM PDT 2025 ===
Active John processes: 0 (Linux: 0, LM: 0)
Attack Status Summary:
- Linux SHA-512 attacks (aa-ah): 0 processes active
- Windows LM attacks (ai-ap): 0 processes active (may have completed)
- Passwords discovered: Linux (0/8), LM (0/8)
Process distribution: Hydra: 63, John: 0, Total: 63
Recent activity check:
- Log files updated in last minute: 0

=== Status Check at Sun Sep 14 06:25:30 AM PDT 2025 ===
Active John processes: 0 (Linux: 0, LM: 0)
Attack Status Summary:
- Linux SHA-512 attacks (aa-ah): 0 processes active
- Windows LM attacks (ai-ap): 0 processes active (may have completed)
- Passwords discovered: Linux (0/8), LM (0/8)
Process distribution: Hydra: 64, John: 0, Total: 64
Recent activity check:
- Log files updated in last minute: 0

=== Status Check at Sun Sep 14 06:26:30 AM PDT 2025 ===
Active John processes: 0 (Linux: 0, LM: 0)
Attack Status Summary:
- Linux SHA-512 attacks (aa-ah): 0 processes active
- Windows LM attacks (ai-ap): 0 processes active (may have completed)
- Passwords discovered: Linux (0/8), LM (0/8)
Process distribution: Hydra: 64, John: 0, Total: 64
Recent activity check:
- Log files updated in last minute: 0

=== Status Check at Sun Sep 14 06:27:30 AM PDT 2025 ===
Active John processes: 0 (Linux: 0, LM: 0)
Attack Status Summary:
- Linux SHA-512 attacks (aa-ah): 0 processes active
- Windows LM attacks (ai-ap): 0 processes active (may have completed)
- Passwords discovered: Linux (0/8), LM (0/8)
Process distribution: Hydra: 64, John: 0, Total: 64
Recent activity check:
- Log files updated in last minute: 0

=== Status Check at Sun Sep 14 06:28:31 AM PDT 2025 ===
Active John processes: 0 (Linux: 0, LM: 0)
Attack Status Summary:
- Linux SHA-512 attacks (aa-ah): 0 processes active
- Windows LM attacks (ai-ap): 0 processes active (may have completed)
- Passwords discovered: Linux (0/8), LM (0/8)
Process distribution: Hydra: 63, John: 0, Total: 63
Recent activity check:
- Log files updated in last minute: 0

=== Status Check at Sun Sep 14 06:29:31 AM PDT 2025 ===
Active John processes: 0 (Linux: 0, LM: 0)
Attack Status Summary:
- Linux SHA-512 attacks (aa-ah): 0 processes active
- Windows LM attacks (ai-ap): 0 processes active (may have completed)
- Passwords discovered: Linux (0/8), LM (0/8)
Process distribution: Hydra: 64, John: 0, Total: 64
Recent activity check:
- Log files updated in last minute: 0

=== Status Check at Sun Sep 14 06:30:31 AM PDT 2025 ===
Active John processes: 0 (Linux: 0, LM: 0)
Attack Status Summary:
- Linux SHA-512 attacks (aa-ah): 0 processes active
- Windows LM attacks (ai-ap): 0 processes active (may have completed)
- Passwords discovered: Linux (0/8), LM (0/8)
Process distribution: Hydra: 64, John: 0, Total: 64
Recent activity check:
- Log files updated in last minute: 0

=== Status Check at Sun Sep 14 06:31:31 AM PDT 2025 ===
Active John processes: 0 (Linux: 0, LM: 0)
Attack Status Summary:
- Linux SHA-512 attacks (aa-ah): 0 processes active
- Windows LM attacks (ai-ap): 0 processes active (may have completed)
- Passwords discovered: Linux (0/8), LM (0/8)
Process distribution: Hydra: 64, John: 0, Total: 64
Recent activity check:
- Log files updated in last minute: 0

=== Status Check at Sun Sep 14 06:32:31 AM PDT 2025 ===
Active John processes: 0 (Linux: 0, LM: 0)
Attack Status Summary:
- Linux SHA-512 attacks (aa-ah): 0 processes active
- Windows LM attacks (ai-ap): 0 processes active (may have completed)
- Passwords discovered: Linux (0/8), LM (0/8)
Process distribution: Hydra: 64, John: 0, Total: 64
Recent activity check:
- Log files updated in last minute: 0

=== Status Check at Sun Sep 14 06:33:31 AM PDT 2025 ===
Active John processes: 0 (Linux: 0, LM: 0)
Attack Status Summary:
- Linux SHA-512 attacks (aa-ah): 0 processes active
- Windows LM attacks (ai-ap): 0 processes active (may have completed)
- Passwords discovered: Linux (0/8), LM (0/8)
Process distribution: Hydra: 64, John: 0, Total: 64
Recent activity check:
- Log files updated in last minute: 0

=== Status Check at Sun Sep 14 06:34:31 AM PDT 2025 ===
Active John processes: 0 (Linux: 0, LM: 0)
Attack Status Summary:
- Linux SHA-512 attacks (aa-ah): 0 processes active
- Windows LM attacks (ai-ap): 0 processes active (may have completed)
- Passwords discovered: Linux (0/8), LM (0/8)
Process distribution: Hydra: 64, John: 0, Total: 64
Recent activity check:
- Log files updated in last minute: 0

=== Status Check at Sun Sep 14 06:35:31 AM PDT 2025 ===
Active John processes: 0 (Linux: 0, LM: 0)
Attack Status Summary:
- Linux SHA-512 attacks (aa-ah): 0 processes active
- Windows LM attacks (ai-ap): 0 processes active (may have completed)
- Passwords discovered: Linux (0/8), LM (0/8)
Process distribution: Hydra: 64, John: 0, Total: 64
Recent activity check:
- Log files updated in last minute: 0

=== Status Check at Sun Sep 14 06:36:32 AM PDT 2025 ===
Active John processes: 0 (Linux: 0, LM: 0)
Attack Status Summary:
- Linux SHA-512 attacks (aa-ah): 0 processes active
- Windows LM attacks (ai-ap): 0 processes active (may have completed)
- Passwords discovered: Linux (0/8), LM (0/8)
Process distribution: Hydra: 64, John: 0, Total: 64
Recent activity check:
- Log files updated in last minute: 0

=== Status Check at Sun Sep 14 06:37:32 AM PDT 2025 ===
Active John processes: 0 (Linux: 0, LM: 0)
Attack Status Summary:
- Linux SHA-512 attacks (aa-ah): 0 processes active
- Windows LM attacks (ai-ap): 0 processes active (may have completed)
- Passwords discovered: Linux (0/8), LM (0/8)
Process distribution: Hydra: 64, John: 0, Total: 64
Recent activity check:
- Log files updated in last minute: 0

=== Status Check at Sun Sep 14 06:38:32 AM PDT 2025 ===
Active John processes: 0 (Linux: 0, LM: 0)
Attack Status Summary:
- Linux SHA-512 attacks (aa-ah): 0 processes active
- Windows LM attacks (ai-ap): 0 processes active (may have completed)
- Passwords discovered: Linux (0/8), LM (0/8)
Process distribution: Hydra: 64, John: 0, Total: 64
Recent activity check:
- Log files updated in last minute: 0

=== Status Check at Sun Sep 14 06:39:32 AM PDT 2025 ===
Active John processes: 0 (Linux: 0, LM: 0)
Attack Status Summary:
- Linux SHA-512 attacks (aa-ah): 0 processes active
- Windows LM attacks (ai-ap): 0 processes active (may have completed)
- Passwords discovered: Linux (0/8), LM (0/8)
Process distribution: Hydra: 64, John: 0, Total: 64
Recent activity check:
- Log files updated in last minute: 0

=== Status Check at Sun Sep 14 06:40:32 AM PDT 2025 ===
Active John processes: 0 (Linux: 0, LM: 0)
Attack Status Summary:
- Linux SHA-512 attacks (aa-ah): 0 processes active
- Windows LM attacks (ai-ap): 0 processes active (may have completed)
- Passwords discovered: Linux (0/8), LM (0/8)
Process distribution: Hydra: 64, John: 0, Total: 64
Recent activity check:
- Log files updated in last minute: 0

=== Status Check at Sun Sep 14 06:41:32 AM PDT 2025 ===
Active John processes: 0 (Linux: 0, LM: 0)
Attack Status Summary:
- Linux SHA-512 attacks (aa-ah): 0 processes active
- Windows LM attacks (ai-ap): 0 processes active (may have completed)
- Passwords discovered: Linux (0/8), LM (0/8)
Process distribution: Hydra: 64, John: 0, Total: 64
Recent activity check:
- Log files updated in last minute: 0

=== Status Check at Sun Sep 14 06:42:32 AM PDT 2025 ===
Active John processes: 0 (Linux: 0, LM: 0)
Attack Status Summary:
- Linux SHA-512 attacks (aa-ah): 0 processes active
- Windows LM attacks (ai-ap): 0 processes active (may have completed)
- Passwords discovered: Linux (0/8), LM (0/8)
Process distribution: Hydra: 64, John: 0, Total: 64
Recent activity check:
- Log files updated in last minute: 0

=== Status Check at Sun Sep 14 06:43:32 AM PDT 2025 ===
Active John processes: 0 (Linux: 0, LM: 0)
Attack Status Summary:
- Linux SHA-512 attacks (aa-ah): 0 processes active
- Windows LM attacks (ai-ap): 0 processes active (may have completed)
- Passwords discovered: Linux (0/8), LM (0/8)
Process distribution: Hydra: 63, John: 0, Total: 63
Recent activity check:
- Log files updated in last minute: 0

=== Status Check at Sun Sep 14 06:44:32 AM PDT 2025 ===
Active John processes: 0 (Linux: 0, LM: 0)
Attack Status Summary:
- Linux SHA-512 attacks (aa-ah): 0 processes active
- Windows LM attacks (ai-ap): 0 processes active (may have completed)
- Passwords discovered: Linux (0/8), LM (0/8)
Process distribution: Hydra: 64, John: 0, Total: 64
Recent activity check:
- Log files updated in last minute: 0

=== Status Check at Sun Sep 14 06:45:33 AM PDT 2025 ===
Active John processes: 0 (Linux: 0, LM: 0)
Attack Status Summary:
- Linux SHA-512 attacks (aa-ah): 0 processes active
- Windows LM attacks (ai-ap): 0 processes active (may have completed)
- Passwords discovered: Linux (0/8), LM (0/8)
Process distribution: Hydra: 64, John: 0, Total: 64
Recent activity check:
- Log files updated in last minute: 0

=== Status Check at Sun Sep 14 06:46:33 AM PDT 2025 ===
Active John processes: 0 (Linux: 0, LM: 0)
Attack Status Summary:
- Linux SHA-512 attacks (aa-ah): 0 processes active
- Windows LM attacks (ai-ap): 0 processes active (may have completed)
- Passwords discovered: Linux (0/8), LM (0/8)
Process distribution: Hydra: 64, John: 0, Total: 64
Recent activity check:
- Log files updated in last minute: 0

=== Status Check at Sun Sep 14 06:47:33 AM PDT 2025 ===
Active John processes: 0 (Linux: 0, LM: 0)
Attack Status Summary:
- Linux SHA-512 attacks (aa-ah): 0 processes active
- Windows LM attacks (ai-ap): 0 processes active (may have completed)
- Passwords discovered: Linux (0/8), LM (0/8)
Process distribution: Hydra: 64, John: 0, Total: 64
Recent activity check:
- Log files updated in last minute: 0

=== Status Check at Sun Sep 14 06:48:33 AM PDT 2025 ===
Active John processes: 0 (Linux: 0, LM: 0)
Attack Status Summary:
- Linux SHA-512 attacks (aa-ah): 0 processes active
- Windows LM attacks (ai-ap): 0 processes active (may have completed)
- Passwords discovered: Linux (0/8), LM (0/8)
Process distribution: Hydra: 64, John: 0, Total: 64
Recent activity check:
- Log files updated in last minute: 0

=== Status Check at Sun Sep 14 06:49:33 AM PDT 2025 ===
Active John processes: 0 (Linux: 0, LM: 0)
Attack Status Summary:
- Linux SHA-512 attacks (aa-ah): 0 processes active
- Windows LM attacks (ai-ap): 0 processes active (may have completed)
- Passwords discovered: Linux (0/8), LM (0/8)
Process distribution: Hydra: 63, John: 0, Total: 63
Recent activity check:
- Log files updated in last minute: 0

=== Status Check at Sun Sep 14 06:50:33 AM PDT 2025 ===
Active John processes: 0 (Linux: 0, LM: 0)
Attack Status Summary:
- Linux SHA-512 attacks (aa-ah): 0 processes active
- Windows LM attacks (ai-ap): 0 processes active (may have completed)
- Passwords discovered: Linux (0/8), LM (0/8)
Process distribution: Hydra: 64, John: 0, Total: 64
Recent activity check:
- Log files updated in last minute: 0

=== Status Check at Sun Sep 14 06:51:33 AM PDT 2025 ===
Active John processes: 0 (Linux: 0, LM: 0)
Attack Status Summary:
- Linux SHA-512 attacks (aa-ah): 0 processes active
- Windows LM attacks (ai-ap): 0 processes active (may have completed)
- Passwords discovered: Linux (0/8), LM (0/8)
Process distribution: Hydra: 64, John: 0, Total: 64
Recent activity check:
- Log files updated in last minute: 0

=== Status Check at Sun Sep 14 06:52:33 AM PDT 2025 ===
Active John processes: 0 (Linux: 0, LM: 0)
Attack Status Summary:
- Linux SHA-512 attacks (aa-ah): 0 processes active
- Windows LM attacks (ai-ap): 0 processes active (may have completed)
- Passwords discovered: Linux (0/8), LM (0/8)
Process distribution: Hydra: 64, John: 0, Total: 64
Recent activity check:
- Log files updated in last minute: 0

=== Status Check at Sun Sep 14 06:53:34 AM PDT 2025 ===
Active John processes: 0 (Linux: 0, LM: 0)
Attack Status Summary:
- Linux SHA-512 attacks (aa-ah): 0 processes active
- Windows LM attacks (ai-ap): 0 processes active (may have completed)
- Passwords discovered: Linux (0/8), LM (0/8)
Process distribution: Hydra: 64, John: 0, Total: 64
Recent activity check:
- Log files updated in last minute: 0

=== Status Check at Sun Sep 14 06:54:34 AM PDT 2025 ===
Active John processes: 0 (Linux: 0, LM: 0)
Attack Status Summary:
- Linux SHA-512 attacks (aa-ah): 0 processes active
- Windows LM attacks (ai-ap): 0 processes active (may have completed)
- Passwords discovered: Linux (0/8), LM (0/8)
Process distribution: Hydra: 64, John: 0, Total: 64
Recent activity check:
- Log files updated in last minute: 0

=== Status Check at Sun Sep 14 06:55:34 AM PDT 2025 ===
Active John processes: 0 (Linux: 0, LM: 0)
Attack Status Summary:
- Linux SHA-512 attacks (aa-ah): 0 processes active
- Windows LM attacks (ai-ap): 0 processes active (may have completed)
- Passwords discovered: Linux (0/8), LM (0/8)
Process distribution: Hydra: 63, John: 0, Total: 63
Recent activity check:
- Log files updated in last minute: 0

=== Status Check at Sun Sep 14 06:56:34 AM PDT 2025 ===
Active John processes: 0 (Linux: 0, LM: 0)
Attack Status Summary:
- Linux SHA-512 attacks (aa-ah): 0 processes active
- Windows LM attacks (ai-ap): 0 processes active (may have completed)
- Passwords discovered: Linux (0/8), LM (0/8)
Process distribution: Hydra: 64, John: 0, Total: 64
Recent activity check:
- Log files updated in last minute: 0

=== Status Check at Sun Sep 14 06:57:34 AM PDT 2025 ===
Active John processes: 0 (Linux: 0, LM: 0)
Attack Status Summary:
- Linux SHA-512 attacks (aa-ah): 0 processes active
- Windows LM attacks (ai-ap): 0 processes active (may have completed)
- Passwords discovered: Linux (0/8), LM (0/8)
Process distribution: Hydra: 64, John: 0, Total: 64
Recent activity check:
- Log files updated in last minute: 0

=== Status Check at Sun Sep 14 06:58:34 AM PDT 2025 ===
Active John processes: 0 (Linux: 0, LM: 0)
Attack Status Summary:
- Linux SHA-512 attacks (aa-ah): 0 processes active
- Windows LM attacks (ai-ap): 0 processes active (may have completed)
- Passwords discovered: Linux (0/8), LM (0/8)
Process distribution: Hydra: 64, John: 0, Total: 64
Recent activity check:
- Log files updated in last minute: 0

=== Status Check at Sun Sep 14 06:59:34 AM PDT 2025 ===
Active John processes: 0 (Linux: 0, LM: 0)
Attack Status Summary:
- Linux SHA-512 attacks (aa-ah): 0 processes active
- Windows LM attacks (ai-ap): 0 processes active (may have completed)
- Passwords discovered: Linux (0/8), LM (0/8)
Process distribution: Hydra: 64, John: 0, Total: 64
Recent activity check:
- Log files updated in last minute: 0

=== Status Check at Sun Sep 14 07:00:34 AM PDT 2025 ===
Active John processes: 0 (Linux: 0, LM: 0)
Attack Status Summary:
- Linux SHA-512 attacks (aa-ah): 0 processes active
- Windows LM attacks (ai-ap): 0 processes active (may have completed)
- Passwords discovered: Linux (0/8), LM (0/8)
Process distribution: Hydra: 64, John: 0, Total: 64
Recent activity check:
- Log files updated in last minute: 0

=== Status Check at Sun Sep 14 07:01:34 AM PDT 2025 ===
Active John processes: 0 (Linux: 0, LM: 0)
Attack Status Summary:
- Linux SHA-512 attacks (aa-ah): 0 processes active
- Windows LM attacks (ai-ap): 0 processes active (may have completed)
- Passwords discovered: Linux (0/8), LM (0/8)
Process distribution: Hydra: 64, John: 0, Total: 64
Recent activity check:
- Log files updated in last minute: 0

=== Status Check at Sun Sep 14 07:02:35 AM PDT 2025 ===
Active John processes: 0 (Linux: 0, LM: 0)
Attack Status Summary:
- Linux SHA-512 attacks (aa-ah): 0 processes active
- Windows LM attacks (ai-ap): 0 processes active (may have completed)
- Passwords discovered: Linux (0/8), LM (0/8)
Process distribution: Hydra: 64, John: 0, Total: 64
Recent activity check:
- Log files updated in last minute: 0

=== Status Check at Sun Sep 14 07:03:35 AM PDT 2025 ===
Active John processes: 0 (Linux: 0, LM: 0)
Attack Status Summary:
- Linux SHA-512 attacks (aa-ah): 0 processes active
- Windows LM attacks (ai-ap): 0 processes active (may have completed)
- Passwords discovered: Linux (0/8), LM (0/8)
Process distribution: Hydra: 64, John: 0, Total: 64
Recent activity check:
- Log files updated in last minute: 0

=== Status Check at Sun Sep 14 07:04:35 AM PDT 2025 ===
Active John processes: 0 (Linux: 0, LM: 0)
Attack Status Summary:
- Linux SHA-512 attacks (aa-ah): 0 processes active
- Windows LM attacks (ai-ap): 0 processes active (may have completed)
- Passwords discovered: Linux (0/8), LM (0/8)
Process distribution: Hydra: 64, John: 0, Total: 64
Recent activity check:
- Log files updated in last minute: 0

=== Status Check at Sun Sep 14 07:05:35 AM PDT 2025 ===
Active John processes: 0 (Linux: 0, LM: 0)
Attack Status Summary:
- Linux SHA-512 attacks (aa-ah): 0 processes active
- Windows LM attacks (ai-ap): 0 processes active (may have completed)
- Passwords discovered: Linux (0/8), LM (0/8)
Process distribution: Hydra: 64, John: 0, Total: 64
Recent activity check:
- Log files updated in last minute: 0

=== Status Check at Sun Sep 14 07:06:35 AM PDT 2025 ===
Active John processes: 0 (Linux: 0, LM: 0)
Attack Status Summary:
- Linux SHA-512 attacks (aa-ah): 0 processes active
- Windows LM attacks (ai-ap): 0 processes active (may have completed)
- Passwords discovered: Linux (0/8), LM (0/8)
Process distribution: Hydra: 64, John: 0, Total: 64
Recent activity check:
- Log files updated in last minute: 0

=== Status Check at Sun Sep 14 07:07:35 AM PDT 2025 ===
Active John processes: 0 (Linux: 0, LM: 0)
Attack Status Summary:
- Linux SHA-512 attacks (aa-ah): 0 processes active
- Windows LM attacks (ai-ap): 0 processes active (may have completed)
- Passwords discovered: Linux (0/8), LM (0/8)
Process distribution: Hydra: 63, John: 0, Total: 63
Recent activity check:
- Log files updated in last minute: 0

=== Status Check at Sun Sep 14 07:08:35 AM PDT 2025 ===
Active John processes: 0 (Linux: 0, LM: 0)
Attack Status Summary:
- Linux SHA-512 attacks (aa-ah): 0 processes active
- Windows LM attacks (ai-ap): 0 processes active (may have completed)
- Passwords discovered: Linux (0/8), LM (0/8)
Process distribution: Hydra: 64, John: 0, Total: 64
Recent activity check:
- Log files updated in last minute: 0

=== Status Check at Sun Sep 14 07:09:35 AM PDT 2025 ===
Active John processes: 0 (Linux: 0, LM: 0)
Attack Status Summary:
- Linux SHA-512 attacks (aa-ah): 0 processes active
- Windows LM attacks (ai-ap): 0 processes active (may have completed)
- Passwords discovered: Linux (0/8), LM (0/8)
Process distribution: Hydra: 64, John: 0, Total: 64
Recent activity check:
- Log files updated in last minute: 0

=== Status Check at Sun Sep 14 07:10:36 AM PDT 2025 ===
Active John processes: 0 (Linux: 0, LM: 0)
Attack Status Summary:
- Linux SHA-512 attacks (aa-ah): 0 processes active
- Windows LM attacks (ai-ap): 0 processes active (may have completed)
- Passwords discovered: Linux (0/8), LM (0/8)
Process distribution: Hydra: 64, John: 0, Total: 64
Recent activity check:
- Log files updated in last minute: 0

=== Status Check at Sun Sep 14 07:11:36 AM PDT 2025 ===
Active John processes: 0 (Linux: 0, LM: 0)
Attack Status Summary:
- Linux SHA-512 attacks (aa-ah): 0 processes active
- Windows LM attacks (ai-ap): 0 processes active (may have completed)
- Passwords discovered: Linux (0/8), LM (0/8)
Process distribution: Hydra: 64, John: 0, Total: 64
Recent activity check:
- Log files updated in last minute: 0

=== Status Check at Sun Sep 14 07:12:36 AM PDT 2025 ===
Active John processes: 0 (Linux: 0, LM: 0)
Attack Status Summary:
- Linux SHA-512 attacks (aa-ah): 0 processes active
- Windows LM attacks (ai-ap): 0 processes active (may have completed)
- Passwords discovered: Linux (0/8), LM (0/8)
Process distribution: Hydra: 64, John: 0, Total: 64
Recent activity check:
- Log files updated in last minute: 0

=== Status Check at Sun Sep 14 07:13:36 AM PDT 2025 ===
Active John processes: 0 (Linux: 0, LM: 0)
Attack Status Summary:
- Linux SHA-512 attacks (aa-ah): 0 processes active
- Windows LM attacks (ai-ap): 0 processes active (may have completed)
- Passwords discovered: Linux (0/8), LM (0/8)
Process distribution: Hydra: 64, John: 0, Total: 64
Recent activity check:
- Log files updated in last minute: 0

=== Status Check at Sun Sep 14 07:14:36 AM PDT 2025 ===
Active John processes: 0 (Linux: 0, LM: 0)
Attack Status Summary:
- Linux SHA-512 attacks (aa-ah): 0 processes active
- Windows LM attacks (ai-ap): 0 processes active (may have completed)
- Passwords discovered: Linux (0/8), LM (0/8)
Process distribution: Hydra: 63, John: 0, Total: 63
Recent activity check:
- Log files updated in last minute: 0

=== Status Check at Sun Sep 14 07:15:36 AM PDT 2025 ===
Active John processes: 0 (Linux: 0, LM: 0)
Attack Status Summary:
- Linux SHA-512 attacks (aa-ah): 0 processes active
- Windows LM attacks (ai-ap): 0 processes active (may have completed)
- Passwords discovered: Linux (0/8), LM (0/8)
Process distribution: Hydra: 64, John: 0, Total: 64
Recent activity check:
- Log files updated in last minute: 0

=== Status Check at Sun Sep 14 07:16:36 AM PDT 2025 ===
Active John processes: 0 (Linux: 0, LM: 0)
Attack Status Summary:
- Linux SHA-512 attacks (aa-ah): 0 processes active
- Windows LM attacks (ai-ap): 0 processes active (may have completed)
- Passwords discovered: Linux (0/8), LM (0/8)
Process distribution: Hydra: 64, John: 0, Total: 64
Recent activity check:
- Log files updated in last minute: 0

=== Status Check at Sun Sep 14 07:17:36 AM PDT 2025 ===
Active John processes: 0 (Linux: 0, LM: 0)
Attack Status Summary:
- Linux SHA-512 attacks (aa-ah): 0 processes active
- Windows LM attacks (ai-ap): 0 processes active (may have completed)
- Passwords discovered: Linux (0/8), LM (0/8)
Process distribution: Hydra: 63, John: 0, Total: 63
Recent activity check:
- Log files updated in last minute: 0

=== Status Check at Sun Sep 14 07:18:36 AM PDT 2025 ===
Active John processes: 0 (Linux: 0, LM: 0)
Attack Status Summary:
- Linux SHA-512 attacks (aa-ah): 0 processes active
- Windows LM attacks (ai-ap): 0 processes active (may have completed)
- Passwords discovered: Linux (0/8), LM (0/8)
Process distribution: Hydra: 64, John: 0, Total: 64
Recent activity check:
- Log files updated in last minute: 0

=== Status Check at Sun Sep 14 07:19:37 AM PDT 2025 ===
Active John processes: 0 (Linux: 0, LM: 0)
Attack Status Summary:
- Linux SHA-512 attacks (aa-ah): 0 processes active
- Windows LM attacks (ai-ap): 0 processes active (may have completed)
- Passwords discovered: Linux (0/8), LM (0/8)
Process distribution: Hydra: 64, John: 0, Total: 64
Recent activity check:
- Log files updated in last minute: 0

=== Status Check at Sun Sep 14 07:20:37 AM PDT 2025 ===
Active John processes: 0 (Linux: 0, LM: 0)
Attack Status Summary:
- Linux SHA-512 attacks (aa-ah): 0 processes active
- Windows LM attacks (ai-ap): 0 processes active (may have completed)
- Passwords discovered: Linux (0/8), LM (0/8)
Process distribution: Hydra: 64, John: 0, Total: 64
Recent activity check:
- Log files updated in last minute: 0

=== Status Check at Sun Sep 14 07:21:37 AM PDT 2025 ===
Active John processes: 0 (Linux: 0, LM: 0)
Attack Status Summary:
- Linux SHA-512 attacks (aa-ah): 0 processes active
- Windows LM attacks (ai-ap): 0 processes active (may have completed)
- Passwords discovered: Linux (0/8), LM (0/8)
Process distribution: Hydra: 63, John: 0, Total: 63
Recent activity check:
- Log files updated in last minute: 0

=== Status Check at Sun Sep 14 07:22:37 AM PDT 2025 ===
Active John processes: 0 (Linux: 0, LM: 0)
Attack Status Summary:
- Linux SHA-512 attacks (aa-ah): 0 processes active
- Windows LM attacks (ai-ap): 0 processes active (may have completed)
- Passwords discovered: Linux (0/8), LM (0/8)
Process distribution: Hydra: 64, John: 0, Total: 64
Recent activity check:
- Log files updated in last minute: 0

=== Status Check at Sun Sep 14 07:23:37 AM PDT 2025 ===
Active John processes: 0 (Linux: 0, LM: 0)
Attack Status Summary:
- Linux SHA-512 attacks (aa-ah): 0 processes active
- Windows LM attacks (ai-ap): 0 processes active (may have completed)
- Passwords discovered: Linux (0/8), LM (0/8)
Process distribution: Hydra: 64, John: 0, Total: 64
Recent activity check:
- Log files updated in last minute: 0

=== Status Check at Sun Sep 14 07:24:37 AM PDT 2025 ===
Active John processes: 0 (Linux: 0, LM: 0)
Attack Status Summary:
- Linux SHA-512 attacks (aa-ah): 0 processes active
- Windows LM attacks (ai-ap): 0 processes active (may have completed)
- Passwords discovered: Linux (0/8), LM (0/8)
Process distribution: Hydra: 64, John: 0, Total: 64
Recent activity check:
- Log files updated in last minute: 0

=== Status Check at Sun Sep 14 07:25:37 AM PDT 2025 ===
Active John processes: 0 (Linux: 0, LM: 0)
Attack Status Summary:
- Linux SHA-512 attacks (aa-ah): 0 processes active
- Windows LM attacks (ai-ap): 0 processes active (may have completed)
- Passwords discovered: Linux (0/8), LM (0/8)
Process distribution: Hydra: 64, John: 0, Total: 64
Recent activity check:
- Log files updated in last minute: 0

=== Status Check at Sun Sep 14 07:26:37 AM PDT 2025 ===
Active John processes: 0 (Linux: 0, LM: 0)
Attack Status Summary:
- Linux SHA-512 attacks (aa-ah): 0 processes active
- Windows LM attacks (ai-ap): 0 processes active (may have completed)
- Passwords discovered: Linux (0/8), LM (0/8)
Process distribution: Hydra: 64, John: 0, Total: 64
Recent activity check:
- Log files updated in last minute: 0

=== Status Check at Sun Sep 14 07:27:38 AM PDT 2025 ===
Active John processes: 0 (Linux: 0, LM: 0)
Attack Status Summary:
- Linux SHA-512 attacks (aa-ah): 0 processes active
- Windows LM attacks (ai-ap): 0 processes active (may have completed)
- Passwords discovered: Linux (0/8), LM (0/8)
Process distribution: Hydra: 64, John: 0, Total: 64
Recent activity check:
- Log files updated in last minute: 0

=== Status Check at Sun Sep 14 07:28:38 AM PDT 2025 ===
Active John processes: 0 (Linux: 0, LM: 0)
Attack Status Summary:
- Linux SHA-512 attacks (aa-ah): 0 processes active
- Windows LM attacks (ai-ap): 0 processes active (may have completed)
- Passwords discovered: Linux (0/8), LM (0/8)
Process distribution: Hydra: 64, John: 0, Total: 64
Recent activity check:
- Log files updated in last minute: 0

=== Status Check at Sun Sep 14 07:29:38 AM PDT 2025 ===
Active John processes: 0 (Linux: 0, LM: 0)
Attack Status Summary:
- Linux SHA-512 attacks (aa-ah): 0 processes active
- Windows LM attacks (ai-ap): 0 processes active (may have completed)
- Passwords discovered: Linux (0/8), LM (0/8)
Process distribution: Hydra: 64, John: 0, Total: 64
Recent activity check:
- Log files updated in last minute: 0

=== Status Check at Sun Sep 14 07:30:38 AM PDT 2025 ===
Active John processes: 0 (Linux: 0, LM: 0)
Attack Status Summary:
- Linux SHA-512 attacks (aa-ah): 0 processes active
- Windows LM attacks (ai-ap): 0 processes active (may have completed)
- Passwords discovered: Linux (0/8), LM (0/8)
Process distribution: Hydra: 64, John: 0, Total: 64
Recent activity check:
- Log files updated in last minute: 0

=== Status Check at Sun Sep 14 07:31:38 AM PDT 2025 ===
Active John processes: 0 (Linux: 0, LM: 0)
Attack Status Summary:
- Linux SHA-512 attacks (aa-ah): 0 processes active
- Windows LM attacks (ai-ap): 0 processes active (may have completed)
- Passwords discovered: Linux (0/8), LM (0/8)
Process distribution: Hydra: 64, John: 0, Total: 64
Recent activity check:
- Log files updated in last minute: 0

=== Status Check at Sun Sep 14 07:32:38 AM PDT 2025 ===
Active John processes: 0 (Linux: 0, LM: 0)
Attack Status Summary:
- Linux SHA-512 attacks (aa-ah): 0 processes active
- Windows LM attacks (ai-ap): 0 processes active (may have completed)
- Passwords discovered: Linux (0/8), LM (0/8)
Process distribution: Hydra: 64, John: 0, Total: 64
Recent activity check:
- Log files updated in last minute: 0

=== Status Check at Sun Sep 14 07:33:38 AM PDT 2025 ===
Active John processes: 0 (Linux: 0, LM: 0)
Attack Status Summary:
- Linux SHA-512 attacks (aa-ah): 0 processes active
- Windows LM attacks (ai-ap): 0 processes active (may have completed)
- Passwords discovered: Linux (0/8), LM (0/8)
Process distribution: Hydra: 64, John: 0, Total: 64
Recent activity check:
- Log files updated in last minute: 0

=== Status Check at Sun Sep 14 07:34:38 AM PDT 2025 ===
Active John processes: 0 (Linux: 0, LM: 0)
Attack Status Summary:
- Linux SHA-512 attacks (aa-ah): 0 processes active
- Windows LM attacks (ai-ap): 0 processes active (may have completed)
- Passwords discovered: Linux (0/8), LM (0/8)
Process distribution: Hydra: 64, John: 0, Total: 64
Recent activity check:
- Log files updated in last minute: 0

=== Status Check at Sun Sep 14 07:35:38 AM PDT 2025 ===
Active John processes: 0 (Linux: 0, LM: 0)
Attack Status Summary:
- Linux SHA-512 attacks (aa-ah): 0 processes active
- Windows LM attacks (ai-ap): 0 processes active (may have completed)
- Passwords discovered: Linux (0/8), LM (0/8)
Process distribution: Hydra: 63, John: 0, Total: 63
Recent activity check:
- Log files updated in last minute: 0

=== Status Check at Sun Sep 14 07:36:39 AM PDT 2025 ===
Active John processes: 0 (Linux: 0, LM: 0)
Attack Status Summary:
- Linux SHA-512 attacks (aa-ah): 0 processes active
- Windows LM attacks (ai-ap): 0 processes active (may have completed)
- Passwords discovered: Linux (0/8), LM (0/8)
Process distribution: Hydra: 63, John: 0, Total: 63
Recent activity check:
- Log files updated in last minute: 0

=== Status Check at Sun Sep 14 07:37:39 AM PDT 2025 ===
Active John processes: 0 (Linux: 0, LM: 0)
Attack Status Summary:
- Linux SHA-512 attacks (aa-ah): 0 processes active
- Windows LM attacks (ai-ap): 0 processes active (may have completed)
- Passwords discovered: Linux (0/8), LM (0/8)
Process distribution: Hydra: 64, John: 0, Total: 64
Recent activity check:
- Log files updated in last minute: 0

=== Status Check at Sun Sep 14 07:38:39 AM PDT 2025 ===
Active John processes: 0 (Linux: 0, LM: 0)
Attack Status Summary:
- Linux SHA-512 attacks (aa-ah): 0 processes active
- Windows LM attacks (ai-ap): 0 processes active (may have completed)
- Passwords discovered: Linux (0/8), LM (0/8)
Process distribution: Hydra: 64, John: 0, Total: 64
Recent activity check:
- Log files updated in last minute: 0

=== Status Check at Sun Sep 14 07:39:39 AM PDT 2025 ===
Active John processes: 0 (Linux: 0, LM: 0)
Attack Status Summary:
- Linux SHA-512 attacks (aa-ah): 0 processes active
- Windows LM attacks (ai-ap): 0 processes active (may have completed)
- Passwords discovered: Linux (0/8), LM (0/8)
Process distribution: Hydra: 64, John: 0, Total: 64
Recent activity check:
- Log files updated in last minute: 0

=== Status Check at Sun Sep 14 07:40:39 AM PDT 2025 ===
Active John processes: 0 (Linux: 0, LM: 0)
Attack Status Summary:
- Linux SHA-512 attacks (aa-ah): 0 processes active
- Windows LM attacks (ai-ap): 0 processes active (may have completed)
- Passwords discovered: Linux (0/8), LM (0/8)
Process distribution: Hydra: 64, John: 0, Total: 64
Recent activity check:
- Log files updated in last minute: 0

=== Status Check at Sun Sep 14 07:41:39 AM PDT 2025 ===
Active John processes: 0 (Linux: 0, LM: 0)
Attack Status Summary:
- Linux SHA-512 attacks (aa-ah): 0 processes active
- Windows LM attacks (ai-ap): 0 processes active (may have completed)
- Passwords discovered: Linux (0/8), LM (0/8)
Process distribution: Hydra: 63, John: 0, Total: 63
Recent activity check:
- Log files updated in last minute: 0

=== Status Check at Sun Sep 14 07:42:39 AM PDT 2025 ===
Active John processes: 0 (Linux: 0, LM: 0)
Attack Status Summary:
- Linux SHA-512 attacks (aa-ah): 0 processes active
- Windows LM attacks (ai-ap): 0 processes active (may have completed)
- Passwords discovered: Linux (0/8), LM (0/8)
Process distribution: Hydra: 64, John: 0, Total: 64
Recent activity check:
- Log files updated in last minute: 0

=== Status Check at Sun Sep 14 07:43:39 AM PDT 2025 ===
Active John processes: 0 (Linux: 0, LM: 0)
Attack Status Summary:
- Linux SHA-512 attacks (aa-ah): 0 processes active
- Windows LM attacks (ai-ap): 0 processes active (may have completed)
- Passwords discovered: Linux (0/8), LM (0/8)
Process distribution: Hydra: 64, John: 0, Total: 64
Recent activity check:
- Log files updated in last minute: 0

=== Status Check at Sun Sep 14 07:44:40 AM PDT 2025 ===
Active John processes: 0 (Linux: 0, LM: 0)
Attack Status Summary:
- Linux SHA-512 attacks (aa-ah): 0 processes active
- Windows LM attacks (ai-ap): 0 processes active (may have completed)
- Passwords discovered: Linux (0/8), LM (0/8)
Process distribution: Hydra: 64, John: 0, Total: 64
Recent activity check:
- Log files updated in last minute: 0

=== Status Check at Sun Sep 14 07:45:40 AM PDT 2025 ===
Active John processes: 0 (Linux: 0, LM: 0)
Attack Status Summary:
- Linux SHA-512 attacks (aa-ah): 0 processes active
- Windows LM attacks (ai-ap): 0 processes active (may have completed)
- Passwords discovered: Linux (0/8), LM (0/8)
Process distribution: Hydra: 64, John: 0, Total: 64
Recent activity check:
- Log files updated in last minute: 0

=== Status Check at Sun Sep 14 07:46:40 AM PDT 2025 ===
Active John processes: 0 (Linux: 0, LM: 0)
Attack Status Summary:
- Linux SHA-512 attacks (aa-ah): 0 processes active
- Windows LM attacks (ai-ap): 0 processes active (may have completed)
- Passwords discovered: Linux (0/8), LM (0/8)
Process distribution: Hydra: 64, John: 0, Total: 64
Recent activity check:
- Log files updated in last minute: 0

=== Status Check at Sun Sep 14 07:47:40 AM PDT 2025 ===
Active John processes: 0 (Linux: 0, LM: 0)
Attack Status Summary:
- Linux SHA-512 attacks (aa-ah): 0 processes active
- Windows LM attacks (ai-ap): 0 processes active (may have completed)
- Passwords discovered: Linux (0/8), LM (0/8)
Process distribution: Hydra: 64, John: 0, Total: 64
Recent activity check:
- Log files updated in last minute: 0

=== Status Check at Sun Sep 14 07:48:40 AM PDT 2025 ===
Active John processes: 0 (Linux: 0, LM: 0)
Attack Status Summary:
- Linux SHA-512 attacks (aa-ah): 0 processes active
- Windows LM attacks (ai-ap): 0 processes active (may have completed)
- Passwords discovered: Linux (0/8), LM (0/8)
Process distribution: Hydra: 64, John: 0, Total: 64
Recent activity check:
- Log files updated in last minute: 0

=== Status Check at Sun Sep 14 07:49:40 AM PDT 2025 ===
Active John processes: 0 (Linux: 0, LM: 0)
Attack Status Summary:
- Linux SHA-512 attacks (aa-ah): 0 processes active
- Windows LM attacks (ai-ap): 0 processes active (may have completed)
- Passwords discovered: Linux (0/8), LM (0/8)
Process distribution: Hydra: 64, John: 0, Total: 64
Recent activity check:
- Log files updated in last minute: 0

=== Status Check at Sun Sep 14 07:50:40 AM PDT 2025 ===
Active John processes: 0 (Linux: 0, LM: 0)
Attack Status Summary:
- Linux SHA-512 attacks (aa-ah): 0 processes active
- Windows LM attacks (ai-ap): 0 processes active (may have completed)
- Passwords discovered: Linux (0/8), LM (0/8)
Process distribution: Hydra: 64, John: 0, Total: 64
Recent activity check:
- Log files updated in last minute: 0

=== Status Check at Sun Sep 14 07:51:40 AM PDT 2025 ===
Active John processes: 0 (Linux: 0, LM: 0)
Attack Status Summary:
- Linux SHA-512 attacks (aa-ah): 0 processes active
- Windows LM attacks (ai-ap): 0 processes active (may have completed)
- Passwords discovered: Linux (0/8), LM (0/8)
Process distribution: Hydra: 64, John: 0, Total: 64
Recent activity check:
- Log files updated in last minute: 0

=== Status Check at Sun Sep 14 07:52:40 AM PDT 2025 ===
Active John processes: 0 (Linux: 0, LM: 0)
Attack Status Summary:
- Linux SHA-512 attacks (aa-ah): 0 processes active
- Windows LM attacks (ai-ap): 0 processes active (may have completed)
- Passwords discovered: Linux (0/8), LM (0/8)
Process distribution: Hydra: 64, John: 0, Total: 64
Recent activity check:
- Log files updated in last minute: 0

=== Status Check at Sun Sep 14 07:53:41 AM PDT 2025 ===
Active John processes: 0 (Linux: 0, LM: 0)
Attack Status Summary:
- Linux SHA-512 attacks (aa-ah): 0 processes active
- Windows LM attacks (ai-ap): 0 processes active (may have completed)
- Passwords discovered: Linux (0/8), LM (0/8)
Process distribution: Hydra: 64, John: 0, Total: 64
Recent activity check:
- Log files updated in last minute: 0

=== Status Check at Sun Sep 14 07:54:41 AM PDT 2025 ===
Active John processes: 0 (Linux: 0, LM: 0)
Attack Status Summary:
- Linux SHA-512 attacks (aa-ah): 0 processes active
- Windows LM attacks (ai-ap): 0 processes active (may have completed)
- Passwords discovered: Linux (0/8), LM (0/8)
Process distribution: Hydra: 64, John: 0, Total: 64
Recent activity check:
- Log files updated in last minute: 0

=== Status Check at Sun Sep 14 07:55:41 AM PDT 2025 ===
Active John processes: 0 (Linux: 0, LM: 0)
Attack Status Summary:
- Linux SHA-512 attacks (aa-ah): 0 processes active
- Windows LM attacks (ai-ap): 0 processes active (may have completed)
- Passwords discovered: Linux (0/8), LM (0/8)
Process distribution: Hydra: 64, John: 0, Total: 64
Recent activity check:
- Log files updated in last minute: 0

=== Status Check at Sun Sep 14 07:56:41 AM PDT 2025 ===
Active John processes: 0 (Linux: 0, LM: 0)
Attack Status Summary:
- Linux SHA-512 attacks (aa-ah): 0 processes active
- Windows LM attacks (ai-ap): 0 processes active (may have completed)
- Passwords discovered: Linux (0/8), LM (0/8)
Process distribution: Hydra: 64, John: 0, Total: 64
Recent activity check:
- Log files updated in last minute: 0

=== Status Check at Sun Sep 14 07:57:41 AM PDT 2025 ===
Active John processes: 0 (Linux: 0, LM: 0)
Attack Status Summary:
- Linux SHA-512 attacks (aa-ah): 0 processes active
- Windows LM attacks (ai-ap): 0 processes active (may have completed)
- Passwords discovered: Linux (0/8), LM (0/8)
Process distribution: Hydra: 64, John: 0, Total: 64
Recent activity check:
- Log files updated in last minute: 0

=== Status Check at Sun Sep 14 07:58:41 AM PDT 2025 ===
Active John processes: 0 (Linux: 0, LM: 0)
Attack Status Summary:
- Linux SHA-512 attacks (aa-ah): 0 processes active
- Windows LM attacks (ai-ap): 0 processes active (may have completed)
- Passwords discovered: Linux (0/8), LM (0/8)
Process distribution: Hydra: 64, John: 0, Total: 64
Recent activity check:
- Log files updated in last minute: 0

=== Status Check at Sun Sep 14 07:59:41 AM PDT 2025 ===
Active John processes: 0 (Linux: 0, LM: 0)
Attack Status Summary:
- Linux SHA-512 attacks (aa-ah): 0 processes active
- Windows LM attacks (ai-ap): 0 processes active (may have completed)
- Passwords discovered: Linux (0/8), LM (0/8)
Process distribution: Hydra: 64, John: 0, Total: 64
Recent activity check:
- Log files updated in last minute: 0

=== Status Check at Sun Sep 14 08:00:41 AM PDT 2025 ===
Active John processes: 0 (Linux: 0, LM: 0)
Attack Status Summary:
- Linux SHA-512 attacks (aa-ah): 0 processes active
- Windows LM attacks (ai-ap): 0 processes active (may have completed)
- Passwords discovered: Linux (0/8), LM (0/8)
Process distribution: Hydra: 64, John: 0, Total: 64
Recent activity check:
- Log files updated in last minute: 0

=== Status Check at Sun Sep 14 08:01:42 AM PDT 2025 ===
Active John processes: 0 (Linux: 0, LM: 0)
Attack Status Summary:
- Linux SHA-512 attacks (aa-ah): 0 processes active
- Windows LM attacks (ai-ap): 0 processes active (may have completed)
- Passwords discovered: Linux (0/8), LM (0/8)
Process distribution: Hydra: 64, John: 0, Total: 64
Recent activity check:
- Log files updated in last minute: 0

=== Status Check at Sun Sep 14 08:02:42 AM PDT 2025 ===
Active John processes: 0 (Linux: 0, LM: 0)
Attack Status Summary:
- Linux SHA-512 attacks (aa-ah): 0 processes active
- Windows LM attacks (ai-ap): 0 processes active (may have completed)
- Passwords discovered: Linux (0/8), LM (0/8)
Process distribution: Hydra: 64, John: 0, Total: 64
Recent activity check:
- Log files updated in last minute: 0

=== Status Check at Sun Sep 14 08:03:42 AM PDT 2025 ===
Active John processes: 0 (Linux: 0, LM: 0)
Attack Status Summary:
- Linux SHA-512 attacks (aa-ah): 0 processes active
- Windows LM attacks (ai-ap): 0 processes active (may have completed)
- Passwords discovered: Linux (0/8), LM (0/8)
Process distribution: Hydra: 64, John: 0, Total: 64
Recent activity check:
- Log files updated in last minute: 0

=== Status Check at Sun Sep 14 08:04:42 AM PDT 2025 ===
Active John processes: 0 (Linux: 0, LM: 0)
Attack Status Summary:
- Linux SHA-512 attacks (aa-ah): 0 processes active
- Windows LM attacks (ai-ap): 0 processes active (may have completed)
- Passwords discovered: Linux (0/8), LM (0/8)
Process distribution: Hydra: 64, John: 0, Total: 64
Recent activity check:
- Log files updated in last minute: 0

=== Status Check at Sun Sep 14 08:05:42 AM PDT 2025 ===
Active John processes: 0 (Linux: 0, LM: 0)
Attack Status Summary:
- Linux SHA-512 attacks (aa-ah): 0 processes active
- Windows LM attacks (ai-ap): 0 processes active (may have completed)
- Passwords discovered: Linux (0/8), LM (0/8)
Process distribution: Hydra: 64, John: 0, Total: 64
Recent activity check:
- Log files updated in last minute: 0

=== Status Check at Sun Sep 14 08:06:42 AM PDT 2025 ===
Active John processes: 0 (Linux: 0, LM: 0)
Attack Status Summary:
- Linux SHA-512 attacks (aa-ah): 0 processes active
- Windows LM attacks (ai-ap): 0 processes active (may have completed)
- Passwords discovered: Linux (0/8), LM (0/8)
Process distribution: Hydra: 63, John: 0, Total: 63
Recent activity check:
- Log files updated in last minute: 0

=== Status Check at Sun Sep 14 08:07:42 AM PDT 2025 ===
Active John processes: 0 (Linux: 0, LM: 0)
Attack Status Summary:
- Linux SHA-512 attacks (aa-ah): 0 processes active
- Windows LM attacks (ai-ap): 0 processes active (may have completed)
- Passwords discovered: Linux (0/8), LM (0/8)
Process distribution: Hydra: 63, John: 0, Total: 63
Recent activity check:
- Log files updated in last minute: 0

=== Status Check at Sun Sep 14 08:08:42 AM PDT 2025 ===
Active John processes: 0 (Linux: 0, LM: 0)
Attack Status Summary:
- Linux SHA-512 attacks (aa-ah): 0 processes active
- Windows LM attacks (ai-ap): 0 processes active (may have completed)
- Passwords discovered: Linux (0/8), LM (0/8)
Process distribution: Hydra: 63, John: 0, Total: 63
Recent activity check:
- Log files updated in last minute: 0

=== Status Check at Sun Sep 14 08:09:43 AM PDT 2025 ===
Active John processes: 0 (Linux: 0, LM: 0)
Attack Status Summary:
- Linux SHA-512 attacks (aa-ah): 0 processes active
- Windows LM attacks (ai-ap): 0 processes active (may have completed)
- Passwords discovered: Linux (0/8), LM (0/8)
Process distribution: Hydra: 64, John: 0, Total: 64
Recent activity check:
- Log files updated in last minute: 0

=== Status Check at Sun Sep 14 08:10:43 AM PDT 2025 ===
Active John processes: 0 (Linux: 0, LM: 0)
Attack Status Summary:
- Linux SHA-512 attacks (aa-ah): 0 processes active
- Windows LM attacks (ai-ap): 0 processes active (may have completed)
- Passwords discovered: Linux (0/8), LM (0/8)
Process distribution: Hydra: 63, John: 0, Total: 63
Recent activity check:
- Log files updated in last minute: 0

=== Status Check at Sun Sep 14 08:11:43 AM PDT 2025 ===
Active John processes: 0 (Linux: 0, LM: 0)
Attack Status Summary:
- Linux SHA-512 attacks (aa-ah): 0 processes active
- Windows LM attacks (ai-ap): 0 processes active (may have completed)
- Passwords discovered: Linux (0/8), LM (0/8)
Process distribution: Hydra: 64, John: 0, Total: 64
Recent activity check:
- Log files updated in last minute: 0

=== Status Check at Sun Sep 14 08:12:43 AM PDT 2025 ===
Active John processes: 0 (Linux: 0, LM: 0)
Attack Status Summary:
- Linux SHA-512 attacks (aa-ah): 0 processes active
- Windows LM attacks (ai-ap): 0 processes active (may have completed)
- Passwords discovered: Linux (0/8), LM (0/8)
Process distribution: Hydra: 64, John: 0, Total: 64
Recent activity check:
- Log files updated in last minute: 0

=== Status Check at Sun Sep 14 08:13:43 AM PDT 2025 ===
Active John processes: 0 (Linux: 0, LM: 0)
Attack Status Summary:
- Linux SHA-512 attacks (aa-ah): 0 processes active
- Windows LM attacks (ai-ap): 0 processes active (may have completed)
- Passwords discovered: Linux (0/8), LM (0/8)
Process distribution: Hydra: 64, John: 0, Total: 64
Recent activity check:
- Log files updated in last minute: 0

=== Status Check at Sun Sep 14 08:14:43 AM PDT 2025 ===
Active John processes: 0 (Linux: 0, LM: 0)
Attack Status Summary:
- Linux SHA-512 attacks (aa-ah): 0 processes active
- Windows LM attacks (ai-ap): 0 processes active (may have completed)
- Passwords discovered: Linux (0/8), LM (0/8)
Process distribution: Hydra: 64, John: 0, Total: 64
Recent activity check:
- Log files updated in last minute: 0

=== Status Check at Sun Sep 14 08:15:43 AM PDT 2025 ===
Active John processes: 0 (Linux: 0, LM: 0)
Attack Status Summary:
- Linux SHA-512 attacks (aa-ah): 0 processes active
- Windows LM attacks (ai-ap): 0 processes active (may have completed)
- Passwords discovered: Linux (0/8), LM (0/8)
Process distribution: Hydra: 64, John: 0, Total: 64
Recent activity check:
- Log files updated in last minute: 0

=== Status Check at Sun Sep 14 08:16:43 AM PDT 2025 ===
Active John processes: 0 (Linux: 0, LM: 0)
Attack Status Summary:
- Linux SHA-512 attacks (aa-ah): 0 processes active
- Windows LM attacks (ai-ap): 0 processes active (may have completed)
- Passwords discovered: Linux (0/8), LM (0/8)
Process distribution: Hydra: 63, John: 0, Total: 63
Recent activity check:
- Log files updated in last minute: 0

=== Status Check at Sun Sep 14 08:17:44 AM PDT 2025 ===
Active John processes: 0 (Linux: 0, LM: 0)
Attack Status Summary:
- Linux SHA-512 attacks (aa-ah): 0 processes active
- Windows LM attacks (ai-ap): 0 processes active (may have completed)
- Passwords discovered: Linux (0/8), LM (0/8)
Process distribution: Hydra: 63, John: 0, Total: 63
Recent activity check:
- Log files updated in last minute: 0

=== Status Check at Sun Sep 14 08:18:44 AM PDT 2025 ===
Active John processes: 0 (Linux: 0, LM: 0)
Attack Status Summary:
- Linux SHA-512 attacks (aa-ah): 0 processes active
- Windows LM attacks (ai-ap): 0 processes active (may have completed)
- Passwords discovered: Linux (0/8), LM (0/8)
Process distribution: Hydra: 63, John: 0, Total: 63
Recent activity check:
- Log files updated in last minute: 0

=== Status Check at Sun Sep 14 08:19:44 AM PDT 2025 ===
Active John processes: 0 (Linux: 0, LM: 0)
Attack Status Summary:
- Linux SHA-512 attacks (aa-ah): 0 processes active
- Windows LM attacks (ai-ap): 0 processes active (may have completed)
- Passwords discovered: Linux (0/8), LM (0/8)
Process distribution: Hydra: 64, John: 0, Total: 64
Recent activity check:
- Log files updated in last minute: 0

=== Status Check at Sun Sep 14 08:20:44 AM PDT 2025 ===
Active John processes: 0 (Linux: 0, LM: 0)
Attack Status Summary:
- Linux SHA-512 attacks (aa-ah): 0 processes active
- Windows LM attacks (ai-ap): 0 processes active (may have completed)
- Passwords discovered: Linux (0/8), LM (0/8)
Process distribution: Hydra: 64, John: 0, Total: 64
Recent activity check:
- Log files updated in last minute: 0

=== Status Check at Sun Sep 14 08:21:44 AM PDT 2025 ===
Active John processes: 0 (Linux: 0, LM: 0)
Attack Status Summary:
- Linux SHA-512 attacks (aa-ah): 0 processes active
- Windows LM attacks (ai-ap): 0 processes active (may have completed)
- Passwords discovered: Linux (0/8), LM (0/8)
Process distribution: Hydra: 64, John: 0, Total: 64
Recent activity check:
- Log files updated in last minute: 0

=== Status Check at Sun Sep 14 08:22:44 AM PDT 2025 ===
Active John processes: 0 (Linux: 0, LM: 0)
Attack Status Summary:
- Linux SHA-512 attacks (aa-ah): 0 processes active
- Windows LM attacks (ai-ap): 0 processes active (may have completed)
- Passwords discovered: Linux (0/8), LM (0/8)
Process distribution: Hydra: 64, John: 0, Total: 64
Recent activity check:
- Log files updated in last minute: 0

=== Status Check at Sun Sep 14 08:23:44 AM PDT 2025 ===
Active John processes: 0 (Linux: 0, LM: 0)
Attack Status Summary:
- Linux SHA-512 attacks (aa-ah): 0 processes active
- Windows LM attacks (ai-ap): 0 processes active (may have completed)
- Passwords discovered: Linux (0/8), LM (0/8)
Process distribution: Hydra: 64, John: 0, Total: 64
Recent activity check:
- Log files updated in last minute: 0

=== Status Check at Sun Sep 14 08:24:44 AM PDT 2025 ===
Active John processes: 0 (Linux: 0, LM: 0)
Attack Status Summary:
- Linux SHA-512 attacks (aa-ah): 0 processes active
- Windows LM attacks (ai-ap): 0 processes active (may have completed)
- Passwords discovered: Linux (0/8), LM (0/8)
Process distribution: Hydra: 64, John: 0, Total: 64
Recent activity check:
- Log files updated in last minute: 0

=== Status Check at Sun Sep 14 08:25:44 AM PDT 2025 ===
Active John processes: 0 (Linux: 0, LM: 0)
Attack Status Summary:
- Linux SHA-512 attacks (aa-ah): 0 processes active
- Windows LM attacks (ai-ap): 0 processes active (may have completed)
- Passwords discovered: Linux (0/8), LM (0/8)
Process distribution: Hydra: 64, John: 0, Total: 64
Recent activity check:
- Log files updated in last minute: 0

=== Status Check at Sun Sep 14 08:26:45 AM PDT 2025 ===
Active John processes: 0 (Linux: 0, LM: 0)
Attack Status Summary:
- Linux SHA-512 attacks (aa-ah): 0 processes active
- Windows LM attacks (ai-ap): 0 processes active (may have completed)
- Passwords discovered: Linux (0/8), LM (0/8)
Process distribution: Hydra: 64, John: 0, Total: 64
Recent activity check:
- Log files updated in last minute: 0

=== Status Check at Sun Sep 14 08:27:45 AM PDT 2025 ===
Active John processes: 0 (Linux: 0, LM: 0)
Attack Status Summary:
- Linux SHA-512 attacks (aa-ah): 0 processes active
- Windows LM attacks (ai-ap): 0 processes active (may have completed)
- Passwords discovered: Linux (0/8), LM (0/8)
Process distribution: Hydra: 64, John: 0, Total: 64
Recent activity check:
- Log files updated in last minute: 0

=== Status Check at Sun Sep 14 08:28:45 AM PDT 2025 ===
Active John processes: 0 (Linux: 0, LM: 0)
Attack Status Summary:
- Linux SHA-512 attacks (aa-ah): 0 processes active
- Windows LM attacks (ai-ap): 0 processes active (may have completed)
- Passwords discovered: Linux (0/8), LM (0/8)
Process distribution: Hydra: 64, John: 0, Total: 64
Recent activity check:
- Log files updated in last minute: 0

=== Status Check at Sun Sep 14 08:29:45 AM PDT 2025 ===
Active John processes: 0 (Linux: 0, LM: 0)
Attack Status Summary:
- Linux SHA-512 attacks (aa-ah): 0 processes active
- Windows LM attacks (ai-ap): 0 processes active (may have completed)
- Passwords discovered: Linux (0/8), LM (0/8)
Process distribution: Hydra: 63, John: 0, Total: 63
Recent activity check:
- Log files updated in last minute: 0

=== Status Check at Sun Sep 14 08:30:45 AM PDT 2025 ===
Active John processes: 0 (Linux: 0, LM: 0)
Attack Status Summary:
- Linux SHA-512 attacks (aa-ah): 0 processes active
- Windows LM attacks (ai-ap): 0 processes active (may have completed)
- Passwords discovered: Linux (0/8), LM (0/8)
Process distribution: Hydra: 64, John: 0, Total: 64
Recent activity check:
- Log files updated in last minute: 0

=== Status Check at Sun Sep 14 08:31:45 AM PDT 2025 ===
Active John processes: 0 (Linux: 0, LM: 0)
Attack Status Summary:
- Linux SHA-512 attacks (aa-ah): 0 processes active
- Windows LM attacks (ai-ap): 0 processes active (may have completed)
- Passwords discovered: Linux (0/8), LM (0/8)
Process distribution: Hydra: 64, John: 0, Total: 64
Recent activity check:
- Log files updated in last minute: 0

=== Status Check at Sun Sep 14 08:32:45 AM PDT 2025 ===
Active John processes: 0 (Linux: 0, LM: 0)
Attack Status Summary:
- Linux SHA-512 attacks (aa-ah): 0 processes active
- Windows LM attacks (ai-ap): 0 processes active (may have completed)
- Passwords discovered: Linux (0/8), LM (0/8)
Process distribution: Hydra: 64, John: 0, Total: 64
Recent activity check:
- Log files updated in last minute: 0

=== Status Check at Sun Sep 14 08:33:45 AM PDT 2025 ===
Active John processes: 0 (Linux: 0, LM: 0)
Attack Status Summary:
- Linux SHA-512 attacks (aa-ah): 0 processes active
- Windows LM attacks (ai-ap): 0 processes active (may have completed)
- Passwords discovered: Linux (0/8), LM (0/8)
Process distribution: Hydra: 63, John: 0, Total: 63
Recent activity check:
- Log files updated in last minute: 0

=== Status Check at Sun Sep 14 08:34:46 AM PDT 2025 ===
Active John processes: 0 (Linux: 0, LM: 0)
Attack Status Summary:
- Linux SHA-512 attacks (aa-ah): 0 processes active
- Windows LM attacks (ai-ap): 0 processes active (may have completed)
- Passwords discovered: Linux (0/8), LM (0/8)
Process distribution: Hydra: 64, John: 0, Total: 64
Recent activity check:
- Log files updated in last minute: 0

=== Status Check at Sun Sep 14 08:35:46 AM PDT 2025 ===
Active John processes: 0 (Linux: 0, LM: 0)
Attack Status Summary:
- Linux SHA-512 attacks (aa-ah): 0 processes active
- Windows LM attacks (ai-ap): 0 processes active (may have completed)
- Passwords discovered: Linux (0/8), LM (0/8)
Process distribution: Hydra: 63, John: 0, Total: 63
Recent activity check:
- Log files updated in last minute: 0

=== Status Check at Sun Sep 14 08:36:46 AM PDT 2025 ===
Active John processes: 0 (Linux: 0, LM: 0)
Attack Status Summary:
- Linux SHA-512 attacks (aa-ah): 0 processes active
- Windows LM attacks (ai-ap): 0 processes active (may have completed)
- Passwords discovered: Linux (0/8), LM (0/8)
Process distribution: Hydra: 64, John: 0, Total: 64
Recent activity check:
- Log files updated in last minute: 0

=== Status Check at Sun Sep 14 08:37:46 AM PDT 2025 ===
Active John processes: 0 (Linux: 0, LM: 0)
Attack Status Summary:
- Linux SHA-512 attacks (aa-ah): 0 processes active
- Windows LM attacks (ai-ap): 0 processes active (may have completed)
- Passwords discovered: Linux (0/8), LM (0/8)
Process distribution: Hydra: 64, John: 0, Total: 64
Recent activity check:
- Log files updated in last minute: 0

=== Status Check at Sun Sep 14 08:38:46 AM PDT 2025 ===
Active John processes: 0 (Linux: 0, LM: 0)
Attack Status Summary:
- Linux SHA-512 attacks (aa-ah): 0 processes active
- Windows LM attacks (ai-ap): 0 processes active (may have completed)
- Passwords discovered: Linux (0/8), LM (0/8)
Process distribution: Hydra: 63, John: 0, Total: 63
Recent activity check:
- Log files updated in last minute: 0

=== Status Check at Sun Sep 14 08:39:46 AM PDT 2025 ===
Active John processes: 0 (Linux: 0, LM: 0)
Attack Status Summary:
- Linux SHA-512 attacks (aa-ah): 0 processes active
- Windows LM attacks (ai-ap): 0 processes active (may have completed)
- Passwords discovered: Linux (0/8), LM (0/8)
Process distribution: Hydra: 63, John: 0, Total: 63
Recent activity check:
- Log files updated in last minute: 0

=== Status Check at Sun Sep 14 08:40:46 AM PDT 2025 ===
Active John processes: 0 (Linux: 0, LM: 0)
Attack Status Summary:
- Linux SHA-512 attacks (aa-ah): 0 processes active
- Windows LM attacks (ai-ap): 0 processes active (may have completed)
- Passwords discovered: Linux (0/8), LM (0/8)
Process distribution: Hydra: 64, John: 0, Total: 64
Recent activity check:
- Log files updated in last minute: 0

=== Status Check at Sun Sep 14 08:41:46 AM PDT 2025 ===
Active John processes: 0 (Linux: 0, LM: 0)
Attack Status Summary:
- Linux SHA-512 attacks (aa-ah): 0 processes active
- Windows LM attacks (ai-ap): 0 processes active (may have completed)
- Passwords discovered: Linux (0/8), LM (0/8)
Process distribution: Hydra: 64, John: 0, Total: 64
Recent activity check:
- Log files updated in last minute: 0

=== Status Check at Sun Sep 14 08:42:47 AM PDT 2025 ===
Active John processes: 0 (Linux: 0, LM: 0)
Attack Status Summary:
- Linux SHA-512 attacks (aa-ah): 0 processes active
- Windows LM attacks (ai-ap): 0 processes active (may have completed)
- Passwords discovered: Linux (0/8), LM (0/8)
Process distribution: Hydra: 64, John: 0, Total: 64
Recent activity check:
- Log files updated in last minute: 0

=== Status Check at Sun Sep 14 08:43:47 AM PDT 2025 ===
Active John processes: 0 (Linux: 0, LM: 0)
Attack Status Summary:
- Linux SHA-512 attacks (aa-ah): 0 processes active
- Windows LM attacks (ai-ap): 0 processes active (may have completed)
- Passwords discovered: Linux (0/8), LM (0/8)
Process distribution: Hydra: 64, John: 0, Total: 64
Recent activity check:
- Log files updated in last minute: 0

=== Status Check at Sun Sep 14 08:44:47 AM PDT 2025 ===
Active John processes: 0 (Linux: 0, LM: 0)
Attack Status Summary:
- Linux SHA-512 attacks (aa-ah): 0 processes active
- Windows LM attacks (ai-ap): 0 processes active (may have completed)
- Passwords discovered: Linux (0/8), LM (0/8)
Process distribution: Hydra: 64, John: 0, Total: 64
Recent activity check:
- Log files updated in last minute: 0

=== Status Check at Sun Sep 14 08:45:47 AM PDT 2025 ===
Active John processes: 0 (Linux: 0, LM: 0)
Attack Status Summary:
- Linux SHA-512 attacks (aa-ah): 0 processes active
- Windows LM attacks (ai-ap): 0 processes active (may have completed)
- Passwords discovered: Linux (0/8), LM (0/8)
Process distribution: Hydra: 64, John: 0, Total: 64
Recent activity check:
- Log files updated in last minute: 0

=== Status Check at Sun Sep 14 08:46:47 AM PDT 2025 ===
Active John processes: 0 (Linux: 0, LM: 0)
Attack Status Summary:
- Linux SHA-512 attacks (aa-ah): 0 processes active
- Windows LM attacks (ai-ap): 0 processes active (may have completed)
- Passwords discovered: Linux (0/8), LM (0/8)
Process distribution: Hydra: 64, John: 0, Total: 64
Recent activity check:
- Log files updated in last minute: 0

=== Status Check at Sun Sep 14 08:47:47 AM PDT 2025 ===
Active John processes: 0 (Linux: 0, LM: 0)
Attack Status Summary:
- Linux SHA-512 attacks (aa-ah): 0 processes active
- Windows LM attacks (ai-ap): 0 processes active (may have completed)
- Passwords discovered: Linux (0/8), LM (0/8)
Process distribution: Hydra: 64, John: 0, Total: 64
Recent activity check:
- Log files updated in last minute: 0

=== Status Check at Sun Sep 14 08:48:47 AM PDT 2025 ===
Active John processes: 0 (Linux: 0, LM: 0)
Attack Status Summary:
- Linux SHA-512 attacks (aa-ah): 0 processes active
- Windows LM attacks (ai-ap): 0 processes active (may have completed)
- Passwords discovered: Linux (0/8), LM (0/8)
Process distribution: Hydra: 64, John: 0, Total: 64
Recent activity check:
- Log files updated in last minute: 0

=== Status Check at Sun Sep 14 08:49:47 AM PDT 2025 ===
Active John processes: 0 (Linux: 0, LM: 0)
Attack Status Summary:
- Linux SHA-512 attacks (aa-ah): 0 processes active
- Windows LM attacks (ai-ap): 0 processes active (may have completed)
- Passwords discovered: Linux (0/8), LM (0/8)
Process distribution: Hydra: 63, John: 0, Total: 63
Recent activity check:
- Log files updated in last minute: 0

=== Status Check at Sun Sep 14 08:50:47 AM PDT 2025 ===
Active John processes: 0 (Linux: 0, LM: 0)
Attack Status Summary:
- Linux SHA-512 attacks (aa-ah): 0 processes active
- Windows LM attacks (ai-ap): 0 processes active (may have completed)
- Passwords discovered: Linux (0/8), LM (0/8)
Process distribution: Hydra: 64, John: 0, Total: 64
Recent activity check:
- Log files updated in last minute: 0

=== Status Check at Sun Sep 14 08:51:48 AM PDT 2025 ===
Active John processes: 0 (Linux: 0, LM: 0)
Attack Status Summary:
- Linux SHA-512 attacks (aa-ah): 0 processes active
- Windows LM attacks (ai-ap): 0 processes active (may have completed)
- Passwords discovered: Linux (0/8), LM (0/8)
Process distribution: Hydra: 64, John: 0, Total: 64
Recent activity check:
- Log files updated in last minute: 0

=== Status Check at Sun Sep 14 08:52:48 AM PDT 2025 ===
Active John processes: 0 (Linux: 0, LM: 0)
Attack Status Summary:
- Linux SHA-512 attacks (aa-ah): 0 processes active
- Windows LM attacks (ai-ap): 0 processes active (may have completed)
- Passwords discovered: Linux (0/8), LM (0/8)
Process distribution: Hydra: 64, John: 0, Total: 64
Recent activity check:
- Log files updated in last minute: 0

=== Status Check at Sun Sep 14 08:53:48 AM PDT 2025 ===
Active John processes: 0 (Linux: 0, LM: 0)
Attack Status Summary:
- Linux SHA-512 attacks (aa-ah): 0 processes active
- Windows LM attacks (ai-ap): 0 processes active (may have completed)
- Passwords discovered: Linux (0/8), LM (0/8)
Process distribution: Hydra: 64, John: 0, Total: 64
Recent activity check:
- Log files updated in last minute: 0

=== Status Check at Sun Sep 14 08:54:48 AM PDT 2025 ===
Active John processes: 0 (Linux: 0, LM: 0)
Attack Status Summary:
- Linux SHA-512 attacks (aa-ah): 0 processes active
- Windows LM attacks (ai-ap): 0 processes active (may have completed)
- Passwords discovered: Linux (0/8), LM (0/8)
Process distribution: Hydra: 63, John: 0, Total: 63
Recent activity check:
- Log files updated in last minute: 0

=== Status Check at Sun Sep 14 08:55:48 AM PDT 2025 ===
Active John processes: 0 (Linux: 0, LM: 0)
Attack Status Summary:
- Linux SHA-512 attacks (aa-ah): 0 processes active
- Windows LM attacks (ai-ap): 0 processes active (may have completed)
- Passwords discovered: Linux (0/8), LM (0/8)
Process distribution: Hydra: 64, John: 0, Total: 64
Recent activity check:
- Log files updated in last minute: 0

=== Status Check at Sun Sep 14 08:56:48 AM PDT 2025 ===
Active John processes: 0 (Linux: 0, LM: 0)
Attack Status Summary:
- Linux SHA-512 attacks (aa-ah): 0 processes active
- Windows LM attacks (ai-ap): 0 processes active (may have completed)
- Passwords discovered: Linux (0/8), LM (0/8)
Process distribution: Hydra: 63, John: 0, Total: 63
Recent activity check:
- Log files updated in last minute: 0

=== Status Check at Sun Sep 14 08:57:48 AM PDT 2025 ===
Active John processes: 0 (Linux: 0, LM: 0)
Attack Status Summary:
- Linux SHA-512 attacks (aa-ah): 0 processes active
- Windows LM attacks (ai-ap): 0 processes active (may have completed)
- Passwords discovered: Linux (0/8), LM (0/8)
Process distribution: Hydra: 64, John: 0, Total: 64
Recent activity check:
- Log files updated in last minute: 0

=== Status Check at Sun Sep 14 08:58:48 AM PDT 2025 ===
Active John processes: 0 (Linux: 0, LM: 0)
Attack Status Summary:
- Linux SHA-512 attacks (aa-ah): 0 processes active
- Windows LM attacks (ai-ap): 0 processes active (may have completed)
- Passwords discovered: Linux (0/8), LM (0/8)
Process distribution: Hydra: 63, John: 0, Total: 63
Recent activity check:
- Log files updated in last minute: 0

=== Status Check at Sun Sep 14 08:59:49 AM PDT 2025 ===
Active John processes: 0 (Linux: 0, LM: 0)
Attack Status Summary:
- Linux SHA-512 attacks (aa-ah): 0 processes active
- Windows LM attacks (ai-ap): 0 processes active (may have completed)
- Passwords discovered: Linux (0/8), LM (0/8)
Process distribution: Hydra: 64, John: 0, Total: 64
Recent activity check:
- Log files updated in last minute: 0

=== Status Check at Sun Sep 14 09:00:49 AM PDT 2025 ===
Active John processes: 0 (Linux: 0, LM: 0)
Attack Status Summary:
- Linux SHA-512 attacks (aa-ah): 0 processes active
- Windows LM attacks (ai-ap): 0 processes active (may have completed)
- Passwords discovered: Linux (0/8), LM (0/8)
Process distribution: Hydra: 63, John: 0, Total: 63
Recent activity check:
- Log files updated in last minute: 0

=== Status Check at Sun Sep 14 09:01:49 AM PDT 2025 ===
Active John processes: 0 (Linux: 0, LM: 0)
Attack Status Summary:
- Linux SHA-512 attacks (aa-ah): 0 processes active
- Windows LM attacks (ai-ap): 0 processes active (may have completed)
- Passwords discovered: Linux (0/8), LM (0/8)
Process distribution: Hydra: 63, John: 0, Total: 63
Recent activity check:
- Log files updated in last minute: 0

=== Status Check at Sun Sep 14 09:02:49 AM PDT 2025 ===
Active John processes: 0 (Linux: 0, LM: 0)
Attack Status Summary:
- Linux SHA-512 attacks (aa-ah): 0 processes active
- Windows LM attacks (ai-ap): 0 processes active (may have completed)
- Passwords discovered: Linux (0/8), LM (0/8)
Process distribution: Hydra: 64, John: 0, Total: 64
Recent activity check:
- Log files updated in last minute: 0

=== Status Check at Sun Sep 14 09:03:49 AM PDT 2025 ===
Active John processes: 0 (Linux: 0, LM: 0)
Attack Status Summary:
- Linux SHA-512 attacks (aa-ah): 0 processes active
- Windows LM attacks (ai-ap): 0 processes active (may have completed)
- Passwords discovered: Linux (0/8), LM (0/8)
Process distribution: Hydra: 63, John: 0, Total: 63
Recent activity check:
- Log files updated in last minute: 0

=== Status Check at Sun Sep 14 09:04:49 AM PDT 2025 ===
Active John processes: 0 (Linux: 0, LM: 0)
Attack Status Summary:
- Linux SHA-512 attacks (aa-ah): 0 processes active
- Windows LM attacks (ai-ap): 0 processes active (may have completed)
- Passwords discovered: Linux (0/8), LM (0/8)
Process distribution: Hydra: 63, John: 0, Total: 63
Recent activity check:
- Log files updated in last minute: 0

=== Status Check at Sun Sep 14 09:05:49 AM PDT 2025 ===
Active John processes: 0 (Linux: 0, LM: 0)
Attack Status Summary:
- Linux SHA-512 attacks (aa-ah): 0 processes active
- Windows LM attacks (ai-ap): 0 processes active (may have completed)
- Passwords discovered: Linux (0/8), LM (0/8)
Process distribution: Hydra: 64, John: 0, Total: 64
Recent activity check:
- Log files updated in last minute: 0

=== Status Check at Sun Sep 14 09:06:49 AM PDT 2025 ===
Active John processes: 0 (Linux: 0, LM: 0)
Attack Status Summary:
- Linux SHA-512 attacks (aa-ah): 0 processes active
- Windows LM attacks (ai-ap): 0 processes active (may have completed)
- Passwords discovered: Linux (0/8), LM (0/8)
Process distribution: Hydra: 64, John: 0, Total: 64
Recent activity check:
- Log files updated in last minute: 0

=== Status Check at Sun Sep 14 09:07:50 AM PDT 2025 ===
Active John processes: 0 (Linux: 0, LM: 0)
Attack Status Summary:
- Linux SHA-512 attacks (aa-ah): 0 processes active
- Windows LM attacks (ai-ap): 0 processes active (may have completed)
- Passwords discovered: Linux (0/8), LM (0/8)
Process distribution: Hydra: 64, John: 0, Total: 64
Recent activity check:
- Log files updated in last minute: 0

=== Status Check at Sun Sep 14 09:08:50 AM PDT 2025 ===
Active John processes: 0 (Linux: 0, LM: 0)
Attack Status Summary:
- Linux SHA-512 attacks (aa-ah): 0 processes active
- Windows LM attacks (ai-ap): 0 processes active (may have completed)
- Passwords discovered: Linux (0/8), LM (0/8)
Process distribution: Hydra: 64, John: 0, Total: 64
Recent activity check:
- Log files updated in last minute: 0

=== Status Check at Sun Sep 14 09:09:50 AM PDT 2025 ===
Active John processes: 0 (Linux: 0, LM: 0)
Attack Status Summary:
- Linux SHA-512 attacks (aa-ah): 0 processes active
- Windows LM attacks (ai-ap): 0 processes active (may have completed)
- Passwords discovered: Linux (0/8), LM (0/8)
Process distribution: Hydra: 63, John: 0, Total: 63
Recent activity check:
- Log files updated in last minute: 0

=== Status Check at Sun Sep 14 09:10:50 AM PDT 2025 ===
Active John processes: 0 (Linux: 0, LM: 0)
Attack Status Summary:
- Linux SHA-512 attacks (aa-ah): 0 processes active
- Windows LM attacks (ai-ap): 0 processes active (may have completed)
- Passwords discovered: Linux (0/8), LM (0/8)
Process distribution: Hydra: 64, John: 0, Total: 64
Recent activity check:
- Log files updated in last minute: 0

=== Status Check at Sun Sep 14 09:11:50 AM PDT 2025 ===
Active John processes: 0 (Linux: 0, LM: 0)
Attack Status Summary:
- Linux SHA-512 attacks (aa-ah): 0 processes active
- Windows LM attacks (ai-ap): 0 processes active (may have completed)
- Passwords discovered: Linux (0/8), LM (0/8)
Process distribution: Hydra: 64, John: 0, Total: 64
Recent activity check:
- Log files updated in last minute: 0

=== Status Check at Sun Sep 14 09:12:50 AM PDT 2025 ===
Active John processes: 0 (Linux: 0, LM: 0)
Attack Status Summary:
- Linux SHA-512 attacks (aa-ah): 0 processes active
- Windows LM attacks (ai-ap): 0 processes active (may have completed)
- Passwords discovered: Linux (0/8), LM (0/8)
Process distribution: Hydra: 64, John: 0, Total: 64
Recent activity check:
- Log files updated in last minute: 0

=== Status Check at Sun Sep 14 09:13:50 AM PDT 2025 ===
Active John processes: 0 (Linux: 0, LM: 0)
Attack Status Summary:
- Linux SHA-512 attacks (aa-ah): 0 processes active
- Windows LM attacks (ai-ap): 0 processes active (may have completed)
- Passwords discovered: Linux (0/8), LM (0/8)
Process distribution: Hydra: 64, John: 0, Total: 64
Recent activity check:
- Log files updated in last minute: 0

=== Status Check at Sun Sep 14 09:14:50 AM PDT 2025 ===
Active John processes: 0 (Linux: 0, LM: 0)
Attack Status Summary:
- Linux SHA-512 attacks (aa-ah): 0 processes active
- Windows LM attacks (ai-ap): 0 processes active (may have completed)
- Passwords discovered: Linux (0/8), LM (0/8)
Process distribution: Hydra: 64, John: 0, Total: 64
Recent activity check:
- Log files updated in last minute: 0

=== Status Check at Sun Sep 14 09:15:50 AM PDT 2025 ===
Active John processes: 0 (Linux: 0, LM: 0)
Attack Status Summary:
- Linux SHA-512 attacks (aa-ah): 0 processes active
- Windows LM attacks (ai-ap): 0 processes active (may have completed)
- Passwords discovered: Linux (0/8), LM (0/8)
Process distribution: Hydra: 64, John: 0, Total: 64
Recent activity check:
- Log files updated in last minute: 0

=== Status Check at Sun Sep 14 09:16:51 AM PDT 2025 ===
Active John processes: 0 (Linux: 0, LM: 0)
Attack Status Summary:
- Linux SHA-512 attacks (aa-ah): 0 processes active
- Windows LM attacks (ai-ap): 0 processes active (may have completed)
- Passwords discovered: Linux (0/8), LM (0/8)
Process distribution: Hydra: 63, John: 0, Total: 63
Recent activity check:
- Log files updated in last minute: 0

=== Status Check at Sun Sep 14 09:17:51 AM PDT 2025 ===
Active John processes: 0 (Linux: 0, LM: 0)
Attack Status Summary:
- Linux SHA-512 attacks (aa-ah): 0 processes active
- Windows LM attacks (ai-ap): 0 processes active (may have completed)
- Passwords discovered: Linux (0/8), LM (0/8)
Process distribution: Hydra: 63, John: 0, Total: 63
Recent activity check:
- Log files updated in last minute: 0

=== Status Check at Sun Sep 14 09:18:51 AM PDT 2025 ===
Active John processes: 0 (Linux: 0, LM: 0)
Attack Status Summary:
- Linux SHA-512 attacks (aa-ah): 0 processes active
- Windows LM attacks (ai-ap): 0 processes active (may have completed)
- Passwords discovered: Linux (0/8), LM (0/8)
Process distribution: Hydra: 64, John: 0, Total: 64
Recent activity check:
- Log files updated in last minute: 0

=== Status Check at Sun Sep 14 09:19:51 AM PDT 2025 ===
Active John processes: 0 (Linux: 0, LM: 0)
Attack Status Summary:
- Linux SHA-512 attacks (aa-ah): 0 processes active
- Windows LM attacks (ai-ap): 0 processes active (may have completed)
- Passwords discovered: Linux (0/8), LM (0/8)
Process distribution: Hydra: 63, John: 0, Total: 63
Recent activity check:
- Log files updated in last minute: 0

=== Status Check at Sun Sep 14 09:20:51 AM PDT 2025 ===
Active John processes: 0 (Linux: 0, LM: 0)
Attack Status Summary:
- Linux SHA-512 attacks (aa-ah): 0 processes active
- Windows LM attacks (ai-ap): 0 processes active (may have completed)
- Passwords discovered: Linux (0/8), LM (0/8)
Process distribution: Hydra: 64, John: 0, Total: 64
Recent activity check:
- Log files updated in last minute: 0

=== Status Check at Sun Sep 14 09:21:51 AM PDT 2025 ===
Active John processes: 0 (Linux: 0, LM: 0)
Attack Status Summary:
- Linux SHA-512 attacks (aa-ah): 0 processes active
- Windows LM attacks (ai-ap): 0 processes active (may have completed)
- Passwords discovered: Linux (0/8), LM (0/8)
Process distribution: Hydra: 63, John: 0, Total: 63
Recent activity check:
- Log files updated in last minute: 0

=== Status Check at Sun Sep 14 09:22:51 AM PDT 2025 ===
Active John processes: 0 (Linux: 0, LM: 0)
Attack Status Summary:
- Linux SHA-512 attacks (aa-ah): 0 processes active
- Windows LM attacks (ai-ap): 0 processes active (may have completed)
- Passwords discovered: Linux (0/8), LM (0/8)
Process distribution: Hydra: 64, John: 0, Total: 64
Recent activity check:
- Log files updated in last minute: 0

=== Status Check at Sun Sep 14 09:23:51 AM PDT 2025 ===
Active John processes: 0 (Linux: 0, LM: 0)
Attack Status Summary:
- Linux SHA-512 attacks (aa-ah): 0 processes active
- Windows LM attacks (ai-ap): 0 processes active (may have completed)
- Passwords discovered: Linux (0/8), LM (0/8)
Process distribution: Hydra: 64, John: 0, Total: 64
Recent activity check:
- Log files updated in last minute: 0

=== Status Check at Sun Sep 14 09:24:52 AM PDT 2025 ===
Active John processes: 0 (Linux: 0, LM: 0)
Attack Status Summary:
- Linux SHA-512 attacks (aa-ah): 0 processes active
- Windows LM attacks (ai-ap): 0 processes active (may have completed)
- Passwords discovered: Linux (0/8), LM (0/8)
Process distribution: Hydra: 64, John: 0, Total: 64
Recent activity check:
- Log files updated in last minute: 0

=== Status Check at Sun Sep 14 09:25:52 AM PDT 2025 ===
Active John processes: 0 (Linux: 0, LM: 0)
Attack Status Summary:
- Linux SHA-512 attacks (aa-ah): 0 processes active
- Windows LM attacks (ai-ap): 0 processes active (may have completed)
- Passwords discovered: Linux (0/8), LM (0/8)
Process distribution: Hydra: 64, John: 0, Total: 64
Recent activity check:
- Log files updated in last minute: 0

=== Status Check at Sun Sep 14 09:26:52 AM PDT 2025 ===
Active John processes: 0 (Linux: 0, LM: 0)
Attack Status Summary:
- Linux SHA-512 attacks (aa-ah): 0 processes active
- Windows LM attacks (ai-ap): 0 processes active (may have completed)
- Passwords discovered: Linux (0/8), LM (0/8)
Process distribution: Hydra: 64, John: 0, Total: 64
Recent activity check:
- Log files updated in last minute: 0

=== Status Check at Sun Sep 14 09:27:52 AM PDT 2025 ===
Active John processes: 0 (Linux: 0, LM: 0)
Attack Status Summary:
- Linux SHA-512 attacks (aa-ah): 0 processes active
- Windows LM attacks (ai-ap): 0 processes active (may have completed)
- Passwords discovered: Linux (0/8), LM (0/8)
Process distribution: Hydra: 64, John: 0, Total: 64
Recent activity check:
- Log files updated in last minute: 0

=== Status Check at Sun Sep 14 09:28:52 AM PDT 2025 ===
Active John processes: 0 (Linux: 0, LM: 0)
Attack Status Summary:
- Linux SHA-512 attacks (aa-ah): 0 processes active
- Windows LM attacks (ai-ap): 0 processes active (may have completed)
- Passwords discovered: Linux (0/8), LM (0/8)
Process distribution: Hydra: 63, John: 0, Total: 63
Recent activity check:
- Log files updated in last minute: 0

=== Status Check at Sun Sep 14 09:29:52 AM PDT 2025 ===
Active John processes: 0 (Linux: 0, LM: 0)
Attack Status Summary:
- Linux SHA-512 attacks (aa-ah): 0 processes active
- Windows LM attacks (ai-ap): 0 processes active (may have completed)
- Passwords discovered: Linux (0/8), LM (0/8)
Process distribution: Hydra: 63, John: 0, Total: 63
Recent activity check:
- Log files updated in last minute: 0

=== Status Check at Sun Sep 14 09:30:52 AM PDT 2025 ===
Active John processes: 0 (Linux: 0, LM: 0)
Attack Status Summary:
- Linux SHA-512 attacks (aa-ah): 0 processes active
- Windows LM attacks (ai-ap): 0 processes active (may have completed)
- Passwords discovered: Linux (0/8), LM (0/8)
Process distribution: Hydra: 64, John: 0, Total: 64
Recent activity check:
- Log files updated in last minute: 0

=== Status Check at Sun Sep 14 09:31:52 AM PDT 2025 ===
Active John processes: 0 (Linux: 0, LM: 0)
Attack Status Summary:
- Linux SHA-512 attacks (aa-ah): 0 processes active
- Windows LM attacks (ai-ap): 0 processes active (may have completed)
- Passwords discovered: Linux (0/8), LM (0/8)
Process distribution: Hydra: 62, John: 0, Total: 62
Recent activity check:
- Log files updated in last minute: 0

=== Status Check at Sun Sep 14 09:32:53 AM PDT 2025 ===
Active John processes: 0 (Linux: 0, LM: 0)
Attack Status Summary:
- Linux SHA-512 attacks (aa-ah): 0 processes active
- Windows LM attacks (ai-ap): 0 processes active (may have completed)
- Passwords discovered: Linux (0/8), LM (0/8)
Process distribution: Hydra: 62, John: 0, Total: 62
Recent activity check:
- Log files updated in last minute: 0

=== Status Check at Sun Sep 14 09:33:53 AM PDT 2025 ===
Active John processes: 0 (Linux: 0, LM: 0)
Attack Status Summary:
- Linux SHA-512 attacks (aa-ah): 0 processes active
- Windows LM attacks (ai-ap): 0 processes active (may have completed)
- Passwords discovered: Linux (0/8), LM (0/8)
Process distribution: Hydra: 62, John: 0, Total: 62
Recent activity check:
- Log files updated in last minute: 0

=== Status Check at Sun Sep 14 09:34:53 AM PDT 2025 ===
Active John processes: 0 (Linux: 0, LM: 0)
Attack Status Summary:
- Linux SHA-512 attacks (aa-ah): 0 processes active
- Windows LM attacks (ai-ap): 0 processes active (may have completed)
- Passwords discovered: Linux (0/8), LM (0/8)
Process distribution: Hydra: 62, John: 0, Total: 62
Recent activity check:
- Log files updated in last minute: 0

=== Status Check at Sun Sep 14 09:35:53 AM PDT 2025 ===
Active John processes: 0 (Linux: 0, LM: 0)
Attack Status Summary:
- Linux SHA-512 attacks (aa-ah): 0 processes active
- Windows LM attacks (ai-ap): 0 processes active (may have completed)
- Passwords discovered: Linux (0/8), LM (0/8)
Process distribution: Hydra: 62, John: 0, Total: 62
Recent activity check:
- Log files updated in last minute: 0

=== Status Check at Sun Sep 14 09:36:53 AM PDT 2025 ===
Active John processes: 0 (Linux: 0, LM: 0)
Attack Status Summary:
- Linux SHA-512 attacks (aa-ah): 0 processes active
- Windows LM attacks (ai-ap): 0 processes active (may have completed)
- Passwords discovered: Linux (0/8), LM (0/8)
Process distribution: Hydra: 62, John: 0, Total: 62
Recent activity check:
- Log files updated in last minute: 0

=== Status Check at Sun Sep 14 09:37:53 AM PDT 2025 ===
Active John processes: 0 (Linux: 0, LM: 0)
Attack Status Summary:
- Linux SHA-512 attacks (aa-ah): 0 processes active
- Windows LM attacks (ai-ap): 0 processes active (may have completed)
- Passwords discovered: Linux (0/8), LM (0/8)
Process distribution: Hydra: 62, John: 0, Total: 62
Recent activity check:
- Log files updated in last minute: 0

=== Status Check at Sun Sep 14 09:38:53 AM PDT 2025 ===
Active John processes: 0 (Linux: 0, LM: 0)
Attack Status Summary:
- Linux SHA-512 attacks (aa-ah): 0 processes active
- Windows LM attacks (ai-ap): 0 processes active (may have completed)
- Passwords discovered: Linux (0/8), LM (0/8)
Process distribution: Hydra: 62, John: 0, Total: 62
Recent activity check:
- Log files updated in last minute: 0

=== Status Check at Sun Sep 14 09:39:53 AM PDT 2025 ===
Active John processes: 0 (Linux: 0, LM: 0)
Attack Status Summary:
- Linux SHA-512 attacks (aa-ah): 0 processes active
- Windows LM attacks (ai-ap): 0 processes active (may have completed)
- Passwords discovered: Linux (0/8), LM (0/8)
Process distribution: Hydra: 62, John: 0, Total: 62
Recent activity check:
- Log files updated in last minute: 0

=== Status Check at Sun Sep 14 09:40:54 AM PDT 2025 ===
Active John processes: 0 (Linux: 0, LM: 0)
Attack Status Summary:
- Linux SHA-512 attacks (aa-ah): 0 processes active
- Windows LM attacks (ai-ap): 0 processes active (may have completed)
- Passwords discovered: Linux (0/8), LM (0/8)
Process distribution: Hydra: 61, John: 0, Total: 61
Recent activity check:
- Log files updated in last minute: 0

=== Status Check at Sun Sep 14 09:41:54 AM PDT 2025 ===
Active John processes: 0 (Linux: 0, LM: 0)
Attack Status Summary:
- Linux SHA-512 attacks (aa-ah): 0 processes active
- Windows LM attacks (ai-ap): 0 processes active (may have completed)
- Passwords discovered: Linux (0/8), LM (0/8)
Process distribution: Hydra: 62, John: 0, Total: 62
Recent activity check:
- Log files updated in last minute: 0

=== Status Check at Sun Sep 14 09:42:54 AM PDT 2025 ===
Active John processes: 0 (Linux: 0, LM: 0)
Attack Status Summary:
- Linux SHA-512 attacks (aa-ah): 0 processes active
- Windows LM attacks (ai-ap): 0 processes active (may have completed)
- Passwords discovered: Linux (0/8), LM (0/8)
Process distribution: Hydra: 61, John: 0, Total: 61
Recent activity check:
- Log files updated in last minute: 0

=== Status Check at Sun Sep 14 09:43:54 AM PDT 2025 ===
Active John processes: 0 (Linux: 0, LM: 0)
Attack Status Summary:
- Linux SHA-512 attacks (aa-ah): 0 processes active
- Windows LM attacks (ai-ap): 0 processes active (may have completed)
- Passwords discovered: Linux (0/8), LM (0/8)
Process distribution: Hydra: 61, John: 0, Total: 61
Recent activity check:
- Log files updated in last minute: 0

=== Status Check at Sun Sep 14 09:44:54 AM PDT 2025 ===
Active John processes: 0 (Linux: 0, LM: 0)
Attack Status Summary:
- Linux SHA-512 attacks (aa-ah): 0 processes active
- Windows LM attacks (ai-ap): 0 processes active (may have completed)
- Passwords discovered: Linux (0/8), LM (0/8)
Process distribution: Hydra: 62, John: 0, Total: 62
Recent activity check:
- Log files updated in last minute: 0

=== Status Check at Sun Sep 14 09:45:54 AM PDT 2025 ===
Active John processes: 0 (Linux: 0, LM: 0)
Attack Status Summary:
- Linux SHA-512 attacks (aa-ah): 0 processes active
- Windows LM attacks (ai-ap): 0 processes active (may have completed)
- Passwords discovered: Linux (0/8), LM (0/8)
Process distribution: Hydra: 62, John: 0, Total: 62
Recent activity check:
- Log files updated in last minute: 0

=== Status Check at Sun Sep 14 09:46:55 AM PDT 2025 ===
Active John processes: 0 (Linux: 0, LM: 0)
Attack Status Summary:
- Linux SHA-512 attacks (aa-ah): 0 processes active
- Windows LM attacks (ai-ap): 0 processes active (may have completed)
- Passwords discovered: Linux (0/8), LM (0/8)
Process distribution: Hydra: 62, John: 0, Total: 62
Recent activity check:
- Log files updated in last minute: 0

=== Status Check at Sun Sep 14 09:47:55 AM PDT 2025 ===
Active John processes: 0 (Linux: 0, LM: 0)
Attack Status Summary:
- Linux SHA-512 attacks (aa-ah): 0 processes active
- Windows LM attacks (ai-ap): 0 processes active (may have completed)
- Passwords discovered: Linux (0/8), LM (0/8)
Process distribution: Hydra: 62, John: 0, Total: 62
Recent activity check:
- Log files updated in last minute: 0

=== Status Check at Sun Sep 14 09:48:55 AM PDT 2025 ===
Active John processes: 0 (Linux: 0, LM: 0)
Attack Status Summary:
- Linux SHA-512 attacks (aa-ah): 0 processes active
- Windows LM attacks (ai-ap): 0 processes active (may have completed)
- Passwords discovered: Linux (0/8), LM (0/8)
Process distribution: Hydra: 62, John: 0, Total: 62
Recent activity check:
- Log files updated in last minute: 0

=== Status Check at Sun Sep 14 09:49:55 AM PDT 2025 ===
Active John processes: 0 (Linux: 0, LM: 0)
Attack Status Summary:
- Linux SHA-512 attacks (aa-ah): 0 processes active
- Windows LM attacks (ai-ap): 0 processes active (may have completed)
- Passwords discovered: Linux (0/8), LM (0/8)
Process distribution: Hydra: 62, John: 0, Total: 62
Recent activity check:
- Log files updated in last minute: 0

=== Status Check at Sun Sep 14 09:50:55 AM PDT 2025 ===
Active John processes: 0 (Linux: 0, LM: 0)
Attack Status Summary:
- Linux SHA-512 attacks (aa-ah): 0 processes active
- Windows LM attacks (ai-ap): 0 processes active (may have completed)
- Passwords discovered: Linux (0/8), LM (0/8)
Process distribution: Hydra: 62, John: 0, Total: 62
Recent activity check:
- Log files updated in last minute: 0

=== Status Check at Sun Sep 14 09:51:55 AM PDT 2025 ===
Active John processes: 0 (Linux: 0, LM: 0)
Attack Status Summary:
- Linux SHA-512 attacks (aa-ah): 0 processes active
- Windows LM attacks (ai-ap): 0 processes active (may have completed)
- Passwords discovered: Linux (0/8), LM (0/8)
Process distribution: Hydra: 62, John: 0, Total: 62
Recent activity check:
- Log files updated in last minute: 0

=== Status Check at Sun Sep 14 09:52:55 AM PDT 2025 ===
Active John processes: 0 (Linux: 0, LM: 0)
Attack Status Summary:
- Linux SHA-512 attacks (aa-ah): 0 processes active
- Windows LM attacks (ai-ap): 0 processes active (may have completed)
- Passwords discovered: Linux (0/8), LM (0/8)
Process distribution: Hydra: 62, John: 0, Total: 62
Recent activity check:
- Log files updated in last minute: 0

=== Status Check at Sun Sep 14 09:53:55 AM PDT 2025 ===
Active John processes: 0 (Linux: 0, LM: 0)
Attack Status Summary:
- Linux SHA-512 attacks (aa-ah): 0 processes active
- Windows LM attacks (ai-ap): 0 processes active (may have completed)
- Passwords discovered: Linux (0/8), LM (0/8)
Process distribution: Hydra: 62, John: 0, Total: 62
Recent activity check:
- Log files updated in last minute: 0

=== Status Check at Sun Sep 14 09:54:56 AM PDT 2025 ===
Active John processes: 0 (Linux: 0, LM: 0)
Attack Status Summary:
- Linux SHA-512 attacks (aa-ah): 0 processes active
- Windows LM attacks (ai-ap): 0 processes active (may have completed)
- Passwords discovered: Linux (0/8), LM (0/8)
Process distribution: Hydra: 62, John: 0, Total: 62
Recent activity check:
- Log files updated in last minute: 0

=== Status Check at Sun Sep 14 09:55:56 AM PDT 2025 ===
Active John processes: 0 (Linux: 0, LM: 0)
Attack Status Summary:
- Linux SHA-512 attacks (aa-ah): 0 processes active
- Windows LM attacks (ai-ap): 0 processes active (may have completed)
- Passwords discovered: Linux (0/8), LM (0/8)
Process distribution: Hydra: 62, John: 0, Total: 62
Recent activity check:
- Log files updated in last minute: 0

=== Status Check at Sun Sep 14 09:56:56 AM PDT 2025 ===
Active John processes: 0 (Linux: 0, LM: 0)
Attack Status Summary:
- Linux SHA-512 attacks (aa-ah): 0 processes active
- Windows LM attacks (ai-ap): 0 processes active (may have completed)
- Passwords discovered: Linux (0/8), LM (0/8)
Process distribution: Hydra: 61, John: 0, Total: 61
Recent activity check:
- Log files updated in last minute: 0

=== Status Check at Sun Sep 14 09:57:56 AM PDT 2025 ===
Active John processes: 0 (Linux: 0, LM: 0)
Attack Status Summary:
- Linux SHA-512 attacks (aa-ah): 0 processes active
- Windows LM attacks (ai-ap): 0 processes active (may have completed)
- Passwords discovered: Linux (0/8), LM (0/8)
Process distribution: Hydra: 62, John: 0, Total: 62
Recent activity check:
- Log files updated in last minute: 0

=== Status Check at Sun Sep 14 09:58:56 AM PDT 2025 ===
Active John processes: 0 (Linux: 0, LM: 0)
Attack Status Summary:
- Linux SHA-512 attacks (aa-ah): 0 processes active
- Windows LM attacks (ai-ap): 0 processes active (may have completed)
- Passwords discovered: Linux (0/8), LM (0/8)
Process distribution: Hydra: 62, John: 0, Total: 62
Recent activity check:
- Log files updated in last minute: 0

=== Status Check at Sun Sep 14 09:59:56 AM PDT 2025 ===
Active John processes: 0 (Linux: 0, LM: 0)
Attack Status Summary:
- Linux SHA-512 attacks (aa-ah): 0 processes active
- Windows LM attacks (ai-ap): 0 processes active (may have completed)
- Passwords discovered: Linux (0/8), LM (0/8)
Process distribution: Hydra: 62, John: 0, Total: 62
Recent activity check:
- Log files updated in last minute: 0

=== Status Check at Sun Sep 14 10:00:56 AM PDT 2025 ===
Active John processes: 0 (Linux: 0, LM: 0)
Attack Status Summary:
- Linux SHA-512 attacks (aa-ah): 0 processes active
- Windows LM attacks (ai-ap): 0 processes active (may have completed)
- Passwords discovered: Linux (0/8), LM (0/8)
Process distribution: Hydra: 62, John: 0, Total: 62
Recent activity check:
- Log files updated in last minute: 0

=== Status Check at Sun Sep 14 10:01:57 AM PDT 2025 ===
Active John processes: 0 (Linux: 0, LM: 0)
Attack Status Summary:
- Linux SHA-512 attacks (aa-ah): 0 processes active
- Windows LM attacks (ai-ap): 0 processes active (may have completed)
- Passwords discovered: Linux (0/8), LM (0/8)
Process distribution: Hydra: 61, John: 0, Total: 61
Recent activity check:
- Log files updated in last minute: 0

=== Status Check at Sun Sep 14 10:02:57 AM PDT 2025 ===
Active John processes: 0 (Linux: 0, LM: 0)
Attack Status Summary:
- Linux SHA-512 attacks (aa-ah): 0 processes active
- Windows LM attacks (ai-ap): 0 processes active (may have completed)
- Passwords discovered: Linux (0/8), LM (0/8)
Process distribution: Hydra: 62, John: 0, Total: 62
Recent activity check:
- Log files updated in last minute: 0

=== Status Check at Sun Sep 14 10:03:57 AM PDT 2025 ===
Active John processes: 0 (Linux: 0, LM: 0)
Attack Status Summary:
- Linux SHA-512 attacks (aa-ah): 0 processes active
- Windows LM attacks (ai-ap): 0 processes active (may have completed)
- Passwords discovered: Linux (0/8), LM (0/8)
Process distribution: Hydra: 62, John: 0, Total: 62
Recent activity check:
- Log files updated in last minute: 0

=== Status Check at Sun Sep 14 10:04:57 AM PDT 2025 ===
Active John processes: 0 (Linux: 0, LM: 0)
Attack Status Summary:
- Linux SHA-512 attacks (aa-ah): 0 processes active
- Windows LM attacks (ai-ap): 0 processes active (may have completed)
- Passwords discovered: Linux (0/8), LM (0/8)
Process distribution: Hydra: 62, John: 0, Total: 62
Recent activity check:
- Log files updated in last minute: 0

=== Status Check at Sun Sep 14 10:05:57 AM PDT 2025 ===
Active John processes: 0 (Linux: 0, LM: 0)
Attack Status Summary:
- Linux SHA-512 attacks (aa-ah): 0 processes active
- Windows LM attacks (ai-ap): 0 processes active (may have completed)
- Passwords discovered: Linux (0/8), LM (0/8)
Process distribution: Hydra: 62, John: 0, Total: 62
Recent activity check:
- Log files updated in last minute: 0

=== Status Check at Sun Sep 14 10:06:57 AM PDT 2025 ===
Active John processes: 0 (Linux: 0, LM: 0)
Attack Status Summary:
- Linux SHA-512 attacks (aa-ah): 0 processes active
- Windows LM attacks (ai-ap): 0 processes active (may have completed)
- Passwords discovered: Linux (0/8), LM (0/8)
Process distribution: Hydra: 62, John: 0, Total: 62
Recent activity check:
- Log files updated in last minute: 0

=== Status Check at Sun Sep 14 10:07:57 AM PDT 2025 ===
Active John processes: 0 (Linux: 0, LM: 0)
Attack Status Summary:
- Linux SHA-512 attacks (aa-ah): 0 processes active
- Windows LM attacks (ai-ap): 0 processes active (may have completed)
- Passwords discovered: Linux (0/8), LM (0/8)
Process distribution: Hydra: 62, John: 0, Total: 62
Recent activity check:
- Log files updated in last minute: 0

=== Status Check at Sun Sep 14 10:08:58 AM PDT 2025 ===
Active John processes: 0 (Linux: 0, LM: 0)
Attack Status Summary:
- Linux SHA-512 attacks (aa-ah): 0 processes active
- Windows LM attacks (ai-ap): 0 processes active (may have completed)
- Passwords discovered: Linux (0/8), LM (0/8)
Process distribution: Hydra: 62, John: 0, Total: 62
Recent activity check:
- Log files updated in last minute: 0

=== Status Check at Sun Sep 14 10:09:58 AM PDT 2025 ===
Active John processes: 0 (Linux: 0, LM: 0)
Attack Status Summary:
- Linux SHA-512 attacks (aa-ah): 0 processes active
- Windows LM attacks (ai-ap): 0 processes active (may have completed)
- Passwords discovered: Linux (0/8), LM (0/8)
Process distribution: Hydra: 62, John: 0, Total: 62
Recent activity check:
- Log files updated in last minute: 0

=== Status Check at Sun Sep 14 10:10:58 AM PDT 2025 ===
Active John processes: 0 (Linux: 0, LM: 0)
Attack Status Summary:
- Linux SHA-512 attacks (aa-ah): 0 processes active
- Windows LM attacks (ai-ap): 0 processes active (may have completed)
- Passwords discovered: Linux (0/8), LM (0/8)
Process distribution: Hydra: 62, John: 0, Total: 62
Recent activity check:
- Log files updated in last minute: 0

=== Status Check at Sun Sep 14 10:11:58 AM PDT 2025 ===
Active John processes: 0 (Linux: 0, LM: 0)
Attack Status Summary:
- Linux SHA-512 attacks (aa-ah): 0 processes active
- Windows LM attacks (ai-ap): 0 processes active (may have completed)
- Passwords discovered: Linux (0/8), LM (0/8)
Process distribution: Hydra: 62, John: 0, Total: 62
Recent activity check:
- Log files updated in last minute: 0

=== Status Check at Sun Sep 14 10:12:58 AM PDT 2025 ===
Active John processes: 0 (Linux: 0, LM: 0)
Attack Status Summary:
- Linux SHA-512 attacks (aa-ah): 0 processes active
- Windows LM attacks (ai-ap): 0 processes active (may have completed)
- Passwords discovered: Linux (0/8), LM (0/8)
Process distribution: Hydra: 62, John: 0, Total: 62
Recent activity check:
- Log files updated in last minute: 0

=== Status Check at Sun Sep 14 10:13:58 AM PDT 2025 ===
Active John processes: 0 (Linux: 0, LM: 0)
Attack Status Summary:
- Linux SHA-512 attacks (aa-ah): 0 processes active
- Windows LM attacks (ai-ap): 0 processes active (may have completed)
- Passwords discovered: Linux (0/8), LM (0/8)
Process distribution: Hydra: 62, John: 0, Total: 62
Recent activity check:
- Log files updated in last minute: 0

=== Status Check at Sun Sep 14 10:14:58 AM PDT 2025 ===
Active John processes: 0 (Linux: 0, LM: 0)
Attack Status Summary:
- Linux SHA-512 attacks (aa-ah): 0 processes active
- Windows LM attacks (ai-ap): 0 processes active (may have completed)
- Passwords discovered: Linux (0/8), LM (0/8)
Process distribution: Hydra: 61, John: 0, Total: 61
Recent activity check:
- Log files updated in last minute: 0

=== Status Check at Sun Sep 14 10:15:59 AM PDT 2025 ===
Active John processes: 0 (Linux: 0, LM: 0)
Attack Status Summary:
- Linux SHA-512 attacks (aa-ah): 0 processes active
- Windows LM attacks (ai-ap): 0 processes active (may have completed)
- Passwords discovered: Linux (0/8), LM (0/8)
Process distribution: Hydra: 62, John: 0, Total: 62
Recent activity check:
- Log files updated in last minute: 0

=== Status Check at Sun Sep 14 10:16:59 AM PDT 2025 ===
Active John processes: 0 (Linux: 0, LM: 0)
Attack Status Summary:
- Linux SHA-512 attacks (aa-ah): 0 processes active
- Windows LM attacks (ai-ap): 0 processes active (may have completed)
- Passwords discovered: Linux (0/8), LM (0/8)
Process distribution: Hydra: 62, John: 0, Total: 62
Recent activity check:
- Log files updated in last minute: 0

=== Status Check at Sun Sep 14 10:17:59 AM PDT 2025 ===
Active John processes: 0 (Linux: 0, LM: 0)
Attack Status Summary:
- Linux SHA-512 attacks (aa-ah): 0 processes active
- Windows LM attacks (ai-ap): 0 processes active (may have completed)
- Passwords discovered: Linux (0/8), LM (0/8)
Process distribution: Hydra: 62, John: 0, Total: 62
Recent activity check:
- Log files updated in last minute: 0

=== Status Check at Sun Sep 14 10:18:59 AM PDT 2025 ===
Active John processes: 0 (Linux: 0, LM: 0)
Attack Status Summary:
- Linux SHA-512 attacks (aa-ah): 0 processes active
- Windows LM attacks (ai-ap): 0 processes active (may have completed)
- Passwords discovered: Linux (0/8), LM (0/8)
Process distribution: Hydra: 62, John: 0, Total: 62
Recent activity check:
- Log files updated in last minute: 0

=== Status Check at Sun Sep 14 10:19:59 AM PDT 2025 ===
Active John processes: 0 (Linux: 0, LM: 0)
Attack Status Summary:
- Linux SHA-512 attacks (aa-ah): 0 processes active
- Windows LM attacks (ai-ap): 0 processes active (may have completed)
- Passwords discovered: Linux (0/8), LM (0/8)
Process distribution: Hydra: 62, John: 0, Total: 62
Recent activity check:
- Log files updated in last minute: 0

=== Status Check at Sun Sep 14 10:20:59 AM PDT 2025 ===
Active John processes: 0 (Linux: 0, LM: 0)
Attack Status Summary:
- Linux SHA-512 attacks (aa-ah): 0 processes active
- Windows LM attacks (ai-ap): 0 processes active (may have completed)
- Passwords discovered: Linux (0/8), LM (0/8)
Process distribution: Hydra: 62, John: 0, Total: 62
Recent activity check:
- Log files updated in last minute: 0

=== Status Check at Sun Sep 14 10:21:59 AM PDT 2025 ===
Active John processes: 0 (Linux: 0, LM: 0)
Attack Status Summary:
- Linux SHA-512 attacks (aa-ah): 0 processes active
- Windows LM attacks (ai-ap): 0 processes active (may have completed)
- Passwords discovered: Linux (0/8), LM (0/8)
Process distribution: Hydra: 62, John: 0, Total: 62
Recent activity check:
- Log files updated in last minute: 0

=== Status Check at Sun Sep 14 10:23:00 AM PDT 2025 ===
Active John processes: 0 (Linux: 0, LM: 0)
Attack Status Summary:
- Linux SHA-512 attacks (aa-ah): 0 processes active
- Windows LM attacks (ai-ap): 0 processes active (may have completed)
- Passwords discovered: Linux (0/8), LM (0/8)
Process distribution: Hydra: 62, John: 0, Total: 62
Recent activity check:
- Log files updated in last minute: 0

=== Status Check at Sun Sep 14 10:24:00 AM PDT 2025 ===
Active John processes: 0 (Linux: 0, LM: 0)
Attack Status Summary:
- Linux SHA-512 attacks (aa-ah): 0 processes active
- Windows LM attacks (ai-ap): 0 processes active (may have completed)
- Passwords discovered: Linux (0/8), LM (0/8)
Process distribution: Hydra: 62, John: 0, Total: 62
Recent activity check:
- Log files updated in last minute: 0

=== Status Check at Sun Sep 14 10:25:00 AM PDT 2025 ===
Active John processes: 0 (Linux: 0, LM: 0)
Attack Status Summary:
- Linux SHA-512 attacks (aa-ah): 0 processes active
- Windows LM attacks (ai-ap): 0 processes active (may have completed)
- Passwords discovered: Linux (0/8), LM (0/8)
Process distribution: Hydra: 62, John: 0, Total: 62
Recent activity check:
- Log files updated in last minute: 0

=== Status Check at Sun Sep 14 10:26:00 AM PDT 2025 ===
Active John processes: 0 (Linux: 0, LM: 0)
Attack Status Summary:
- Linux SHA-512 attacks (aa-ah): 0 processes active
- Windows LM attacks (ai-ap): 0 processes active (may have completed)
- Passwords discovered: Linux (0/8), LM (0/8)
Process distribution: Hydra: 62, John: 0, Total: 62
Recent activity check:
- Log files updated in last minute: 0

=== Status Check at Sun Sep 14 10:27:00 AM PDT 2025 ===
Active John processes: 0 (Linux: 0, LM: 0)
Attack Status Summary:
- Linux SHA-512 attacks (aa-ah): 0 processes active
- Windows LM attacks (ai-ap): 0 processes active (may have completed)
- Passwords discovered: Linux (0/8), LM (0/8)
Process distribution: Hydra: 62, John: 0, Total: 62
Recent activity check:
- Log files updated in last minute: 0

=== Status Check at Sun Sep 14 10:28:00 AM PDT 2025 ===
Active John processes: 0 (Linux: 0, LM: 0)
Attack Status Summary:
- Linux SHA-512 attacks (aa-ah): 0 processes active
- Windows LM attacks (ai-ap): 0 processes active (may have completed)
- Passwords discovered: Linux (0/8), LM (0/8)
Process distribution: Hydra: 62, John: 0, Total: 62
Recent activity check:
- Log files updated in last minute: 0

=== Status Check at Sun Sep 14 10:29:00 AM PDT 2025 ===
Active John processes: 0 (Linux: 0, LM: 0)
Attack Status Summary:
- Linux SHA-512 attacks (aa-ah): 0 processes active
- Windows LM attacks (ai-ap): 0 processes active (may have completed)
- Passwords discovered: Linux (0/8), LM (0/8)
Process distribution: Hydra: 62, John: 0, Total: 62
Recent activity check:
- Log files updated in last minute: 0

=== Status Check at Sun Sep 14 10:30:01 AM PDT 2025 ===
Active John processes: 0 (Linux: 0, LM: 0)
Attack Status Summary:
- Linux SHA-512 attacks (aa-ah): 0 processes active
- Windows LM attacks (ai-ap): 0 processes active (may have completed)
- Passwords discovered: Linux (0/8), LM (0/8)
Process distribution: Hydra: 61, John: 0, Total: 61
Recent activity check:
- Log files updated in last minute: 0

=== Status Check at Sun Sep 14 10:31:01 AM PDT 2025 ===
Active John processes: 0 (Linux: 0, LM: 0)
Attack Status Summary:
- Linux SHA-512 attacks (aa-ah): 0 processes active
- Windows LM attacks (ai-ap): 0 processes active (may have completed)
- Passwords discovered: Linux (0/8), LM (0/8)
Process distribution: Hydra: 61, John: 0, Total: 61
Recent activity check:
- Log files updated in last minute: 0

=== Status Check at Sun Sep 14 10:32:01 AM PDT 2025 ===
Active John processes: 0 (Linux: 0, LM: 0)
Attack Status Summary:
- Linux SHA-512 attacks (aa-ah): 0 processes active
- Windows LM attacks (ai-ap): 0 processes active (may have completed)
- Passwords discovered: Linux (0/8), LM (0/8)
Process distribution: Hydra: 62, John: 0, Total: 62
Recent activity check:
- Log files updated in last minute: 0

=== Status Check at Sun Sep 14 10:33:01 AM PDT 2025 ===
Active John processes: 0 (Linux: 0, LM: 0)
Attack Status Summary:
- Linux SHA-512 attacks (aa-ah): 0 processes active
- Windows LM attacks (ai-ap): 0 processes active (may have completed)
- Passwords discovered: Linux (0/8), LM (0/8)
Process distribution: Hydra: 61, John: 0, Total: 61
Recent activity check:
- Log files updated in last minute: 0

=== Status Check at Sun Sep 14 10:34:01 AM PDT 2025 ===
Active John processes: 0 (Linux: 0, LM: 0)
Attack Status Summary:
- Linux SHA-512 attacks (aa-ah): 0 processes active
- Windows LM attacks (ai-ap): 0 processes active (may have completed)
- Passwords discovered: Linux (0/8), LM (0/8)
Process distribution: Hydra: 62, John: 0, Total: 62
Recent activity check:
- Log files updated in last minute: 0

=== Status Check at Sun Sep 14 10:35:01 AM PDT 2025 ===
Active John processes: 0 (Linux: 0, LM: 0)
Attack Status Summary:
- Linux SHA-512 attacks (aa-ah): 0 processes active
- Windows LM attacks (ai-ap): 0 processes active (may have completed)
- Passwords discovered: Linux (0/8), LM (0/8)
Process distribution: Hydra: 62, John: 0, Total: 62
Recent activity check:
- Log files updated in last minute: 0

=== Status Check at Sun Sep 14 10:36:01 AM PDT 2025 ===
Active John processes: 0 (Linux: 0, LM: 0)
Attack Status Summary:
- Linux SHA-512 attacks (aa-ah): 0 processes active
- Windows LM attacks (ai-ap): 0 processes active (may have completed)
- Passwords discovered: Linux (0/8), LM (0/8)
Process distribution: Hydra: 62, John: 0, Total: 62
Recent activity check:
- Log files updated in last minute: 0

=== Status Check at Sun Sep 14 10:37:02 AM PDT 2025 ===
Active John processes: 0 (Linux: 0, LM: 0)
Attack Status Summary:
- Linux SHA-512 attacks (aa-ah): 0 processes active
- Windows LM attacks (ai-ap): 0 processes active (may have completed)
- Passwords discovered: Linux (0/8), LM (0/8)
Process distribution: Hydra: 62, John: 0, Total: 62
Recent activity check:
- Log files updated in last minute: 0

=== Status Check at Sun Sep 14 10:38:02 AM PDT 2025 ===
Active John processes: 0 (Linux: 0, LM: 0)
Attack Status Summary:
- Linux SHA-512 attacks (aa-ah): 0 processes active
- Windows LM attacks (ai-ap): 0 processes active (may have completed)
- Passwords discovered: Linux (0/8), LM (0/8)
Process distribution: Hydra: 62, John: 0, Total: 62
Recent activity check:
- Log files updated in last minute: 0

=== Status Check at Sun Sep 14 10:39:02 AM PDT 2025 ===
Active John processes: 0 (Linux: 0, LM: 0)
Attack Status Summary:
- Linux SHA-512 attacks (aa-ah): 0 processes active
- Windows LM attacks (ai-ap): 0 processes active (may have completed)
- Passwords discovered: Linux (0/8), LM (0/8)
Process distribution: Hydra: 62, John: 0, Total: 62
Recent activity check:
- Log files updated in last minute: 0

=== Status Check at Sun Sep 14 10:40:02 AM PDT 2025 ===
Active John processes: 0 (Linux: 0, LM: 0)
Attack Status Summary:
- Linux SHA-512 attacks (aa-ah): 0 processes active
- Windows LM attacks (ai-ap): 0 processes active (may have completed)
- Passwords discovered: Linux (0/8), LM (0/8)
Process distribution: Hydra: 61, John: 0, Total: 61
Recent activity check:
- Log files updated in last minute: 0

=== Status Check at Sun Sep 14 10:41:02 AM PDT 2025 ===
Active John processes: 0 (Linux: 0, LM: 0)
Attack Status Summary:
- Linux SHA-512 attacks (aa-ah): 0 processes active
- Windows LM attacks (ai-ap): 0 processes active (may have completed)
- Passwords discovered: Linux (0/8), LM (0/8)
Process distribution: Hydra: 62, John: 0, Total: 62
Recent activity check:
- Log files updated in last minute: 0

=== Status Check at Sun Sep 14 10:42:02 AM PDT 2025 ===
Active John processes: 0 (Linux: 0, LM: 0)
Attack Status Summary:
- Linux SHA-512 attacks (aa-ah): 0 processes active
- Windows LM attacks (ai-ap): 0 processes active (may have completed)
- Passwords discovered: Linux (0/8), LM (0/8)
Process distribution: Hydra: 62, John: 0, Total: 62
Recent activity check:
- Log files updated in last minute: 0

=== Status Check at Sun Sep 14 10:43:02 AM PDT 2025 ===
Active John processes: 0 (Linux: 0, LM: 0)
Attack Status Summary:
- Linux SHA-512 attacks (aa-ah): 0 processes active
- Windows LM attacks (ai-ap): 0 processes active (may have completed)
- Passwords discovered: Linux (0/8), LM (0/8)
Process distribution: Hydra: 62, John: 0, Total: 62
Recent activity check:
- Log files updated in last minute: 0

=== Status Check at Sun Sep 14 10:44:02 AM PDT 2025 ===
Active John processes: 0 (Linux: 0, LM: 0)
Attack Status Summary:
- Linux SHA-512 attacks (aa-ah): 0 processes active
- Windows LM attacks (ai-ap): 0 processes active (may have completed)
- Passwords discovered: Linux (0/8), LM (0/8)
Process distribution: Hydra: 62, John: 0, Total: 62
Recent activity check:
- Log files updated in last minute: 0

=== Status Check at Sun Sep 14 10:45:03 AM PDT 2025 ===
Active John processes: 0 (Linux: 0, LM: 0)
Attack Status Summary:
- Linux SHA-512 attacks (aa-ah): 0 processes active
- Windows LM attacks (ai-ap): 0 processes active (may have completed)
- Passwords discovered: Linux (0/8), LM (0/8)
Process distribution: Hydra: 62, John: 0, Total: 62
Recent activity check:
- Log files updated in last minute: 0

=== Status Check at Sun Sep 14 10:46:03 AM PDT 2025 ===
Active John processes: 0 (Linux: 0, LM: 0)
Attack Status Summary:
- Linux SHA-512 attacks (aa-ah): 0 processes active
- Windows LM attacks (ai-ap): 0 processes active (may have completed)
- Passwords discovered: Linux (0/8), LM (0/8)
Process distribution: Hydra: 62, John: 0, Total: 62
Recent activity check:
- Log files updated in last minute: 0

=== Status Check at Sun Sep 14 10:47:03 AM PDT 2025 ===
Active John processes: 0 (Linux: 0, LM: 0)
Attack Status Summary:
- Linux SHA-512 attacks (aa-ah): 0 processes active
- Windows LM attacks (ai-ap): 0 processes active (may have completed)
- Passwords discovered: Linux (0/8), LM (0/8)
Process distribution: Hydra: 62, John: 0, Total: 62
Recent activity check:
- Log files updated in last minute: 0

=== Status Check at Sun Sep 14 10:48:03 AM PDT 2025 ===
Active John processes: 0 (Linux: 0, LM: 0)
Attack Status Summary:
- Linux SHA-512 attacks (aa-ah): 0 processes active
- Windows LM attacks (ai-ap): 0 processes active (may have completed)
- Passwords discovered: Linux (0/8), LM (0/8)
Process distribution: Hydra: 61, John: 0, Total: 61
Recent activity check:
- Log files updated in last minute: 0

=== Status Check at Sun Sep 14 10:49:03 AM PDT 2025 ===
Active John processes: 0 (Linux: 0, LM: 0)
Attack Status Summary:
- Linux SHA-512 attacks (aa-ah): 0 processes active
- Windows LM attacks (ai-ap): 0 processes active (may have completed)
- Passwords discovered: Linux (0/8), LM (0/8)
Process distribution: Hydra: 61, John: 0, Total: 61
Recent activity check:
- Log files updated in last minute: 0

=== Status Check at Sun Sep 14 10:50:03 AM PDT 2025 ===
Active John processes: 0 (Linux: 0, LM: 0)
Attack Status Summary:
- Linux SHA-512 attacks (aa-ah): 0 processes active
- Windows LM attacks (ai-ap): 0 processes active (may have completed)
- Passwords discovered: Linux (0/8), LM (0/8)
Process distribution: Hydra: 62, John: 0, Total: 62
Recent activity check:
- Log files updated in last minute: 0

=== Status Check at Sun Sep 14 10:51:03 AM PDT 2025 ===
Active John processes: 0 (Linux: 0, LM: 0)
Attack Status Summary:
- Linux SHA-512 attacks (aa-ah): 0 processes active
- Windows LM attacks (ai-ap): 0 processes active (may have completed)
- Passwords discovered: Linux (0/8), LM (0/8)
Process distribution: Hydra: 62, John: 0, Total: 62
Recent activity check:
- Log files updated in last minute: 0

=== Status Check at Sun Sep 14 10:52:04 AM PDT 2025 ===
Active John processes: 0 (Linux: 0, LM: 0)
Attack Status Summary:
- Linux SHA-512 attacks (aa-ah): 0 processes active
- Windows LM attacks (ai-ap): 0 processes active (may have completed)
- Passwords discovered: Linux (0/8), LM (0/8)
Process distribution: Hydra: 62, John: 0, Total: 62
Recent activity check:
- Log files updated in last minute: 0

=== Status Check at Sun Sep 14 10:53:04 AM PDT 2025 ===
Active John processes: 0 (Linux: 0, LM: 0)
Attack Status Summary:
- Linux SHA-512 attacks (aa-ah): 0 processes active
- Windows LM attacks (ai-ap): 0 processes active (may have completed)
- Passwords discovered: Linux (0/8), LM (0/8)
Process distribution: Hydra: 59, John: 0, Total: 59
Recent activity check:
- Log files updated in last minute: 0

=== Status Check at Sun Sep 14 10:54:04 AM PDT 2025 ===
Active John processes: 0 (Linux: 0, LM: 0)
Attack Status Summary:
- Linux SHA-512 attacks (aa-ah): 0 processes active
- Windows LM attacks (ai-ap): 0 processes active (may have completed)
- Passwords discovered: Linux (0/8), LM (0/8)
Process distribution: Hydra: 58, John: 0, Total: 58
Recent activity check:
- Log files updated in last minute: 0

=== Status Check at Sun Sep 14 10:55:04 AM PDT 2025 ===
Active John processes: 0 (Linux: 0, LM: 0)
Attack Status Summary:
- Linux SHA-512 attacks (aa-ah): 0 processes active
- Windows LM attacks (ai-ap): 0 processes active (may have completed)
- Passwords discovered: Linux (0/8), LM (0/8)
Process distribution: Hydra: 24, John: 0, Total: 24
Recent activity check:
- Log files updated in last minute: 0

=== Status Check at Sun Sep 14 10:56:04 AM PDT 2025 ===
Active John processes: 0 (Linux: 0, LM: 0)
Attack Status Summary:
- Linux SHA-512 attacks (aa-ah): 0 processes active
- Windows LM attacks (ai-ap): 0 processes active (may have completed)
- Passwords discovered: Linux (0/8), LM (0/8)
Process distribution: Hydra: 21, John: 0, Total: 21
Recent activity check:
- Log files updated in last minute: 0

=== Status Check at Sun Sep 14 10:57:04 AM PDT 2025 ===
Active John processes: 0 (Linux: 0, LM: 0)
Attack Status Summary:
- Linux SHA-512 attacks (aa-ah): 0 processes active
- Windows LM attacks (ai-ap): 0 processes active (may have completed)
- Passwords discovered: Linux (0/8), LM (0/8)
Process distribution: Hydra: 21, John: 0, Total: 21
Recent activity check:
- Log files updated in last minute: 0

=== Status Check at Sun Sep 14 10:58:04 AM PDT 2025 ===
Active John processes: 0 (Linux: 0, LM: 0)
Attack Status Summary:
- Linux SHA-512 attacks (aa-ah): 0 processes active
- Windows LM attacks (ai-ap): 0 processes active (may have completed)
- Passwords discovered: Linux (0/8), LM (0/8)
Process distribution: Hydra: 22, John: 0, Total: 22
Recent activity check:
- Log files updated in last minute: 0

=== Status Check at Sun Sep 14 10:59:04 AM PDT 2025 ===
Active John processes: 0 (Linux: 0, LM: 0)
Attack Status Summary:
- Linux SHA-512 attacks (aa-ah): 0 processes active
- Windows LM attacks (ai-ap): 0 processes active (may have completed)
- Passwords discovered: Linux (0/8), LM (0/8)
Process distribution: Hydra: 20, John: 0, Total: 20
Recent activity check:
- Log files updated in last minute: 0

=== Status Check at Sun Sep 14 11:00:05 AM PDT 2025 ===
Active John processes: 0 (Linux: 0, LM: 0)
Attack Status Summary:
- Linux SHA-512 attacks (aa-ah): 0 processes active
- Windows LM attacks (ai-ap): 0 processes active (may have completed)
- Passwords discovered: Linux (0/8), LM (0/8)
Process distribution: Hydra: 20, John: 0, Total: 20
Recent activity check:
- Log files updated in last minute: 0

=== Status Check at Sun Sep 14 11:01:05 AM PDT 2025 ===
Active John processes: 0 (Linux: 0, LM: 0)
Attack Status Summary:
- Linux SHA-512 attacks (aa-ah): 0 processes active
- Windows LM attacks (ai-ap): 0 processes active (may have completed)
- Passwords discovered: Linux (0/8), LM (0/8)
Process distribution: Hydra: 19, John: 0, Total: 19
Recent activity check:
- Log files updated in last minute: 0

=== Status Check at Sun Sep 14 11:02:05 AM PDT 2025 ===
Active John processes: 0 (Linux: 0, LM: 0)
Attack Status Summary:
- Linux SHA-512 attacks (aa-ah): 0 processes active
- Windows LM attacks (ai-ap): 0 processes active (may have completed)
- Passwords discovered: Linux (0/8), LM (0/8)
Process distribution: Hydra: 20, John: 0, Total: 20
Recent activity check:
- Log files updated in last minute: 0

=== Status Check at Sun Sep 14 11:03:05 AM PDT 2025 ===
Active John processes: 0 (Linux: 0, LM: 0)
Attack Status Summary:
- Linux SHA-512 attacks (aa-ah): 0 processes active
- Windows LM attacks (ai-ap): 0 processes active (may have completed)
- Passwords discovered: Linux (0/8), LM (0/8)
Process distribution: Hydra: 19, John: 0, Total: 19
Recent activity check:
- Log files updated in last minute: 0

=== Status Check at Sun Sep 14 11:04:05 AM PDT 2025 ===
Active John processes: 0 (Linux: 0, LM: 0)
Attack Status Summary:
- Linux SHA-512 attacks (aa-ah): 0 processes active
- Windows LM attacks (ai-ap): 0 processes active (may have completed)
- Passwords discovered: Linux (0/8), LM (0/8)
Process distribution: Hydra: 20, John: 0, Total: 20
Recent activity check:
- Log files updated in last minute: 0

=== Status Check at Sun Sep 14 11:05:05 AM PDT 2025 ===
Active John processes: 0 (Linux: 0, LM: 0)
Attack Status Summary:
- Linux SHA-512 attacks (aa-ah): 0 processes active
- Windows LM attacks (ai-ap): 0 processes active (may have completed)
- Passwords discovered: Linux (0/8), LM (0/8)
Process distribution: Hydra: 20, John: 0, Total: 20
Recent activity check:
- Log files updated in last minute: 0

=== Status Check at Sun Sep 14 11:06:05 AM PDT 2025 ===
Active John processes: 0 (Linux: 0, LM: 0)
Attack Status Summary:
- Linux SHA-512 attacks (aa-ah): 0 processes active
- Windows LM attacks (ai-ap): 0 processes active (may have completed)
- Passwords discovered: Linux (0/8), LM (0/8)
Process distribution: Hydra: 16, John: 0, Total: 16
Recent activity check:
- Log files updated in last minute: 0

=== Status Check at Sun Sep 14 11:07:06 AM PDT 2025 ===
Active John processes: 0 (Linux: 0, LM: 0)
Attack Status Summary:
- Linux SHA-512 attacks (aa-ah): 0 processes active
- Windows LM attacks (ai-ap): 0 processes active (may have completed)
- Passwords discovered: Linux (0/8), LM (0/8)
Process distribution: Hydra: 16, John: 0, Total: 16
Recent activity check:
- Log files updated in last minute: 0

=== Status Check at Sun Sep 14 11:08:06 AM PDT 2025 ===
Active John processes: 0 (Linux: 0, LM: 0)
Attack Status Summary:
- Linux SHA-512 attacks (aa-ah): 0 processes active
- Windows LM attacks (ai-ap): 0 processes active (may have completed)
- Passwords discovered: Linux (0/8), LM (0/8)
Process distribution: Hydra: 14, John: 0, Total: 14
Recent activity check:
- Log files updated in last minute: 0

=== Status Check at Sun Sep 14 11:09:06 AM PDT 2025 ===
Active John processes: 0 (Linux: 0, LM: 0)
Attack Status Summary:
- Linux SHA-512 attacks (aa-ah): 0 processes active
- Windows LM attacks (ai-ap): 0 processes active (may have completed)
- Passwords discovered: Linux (0/8), LM (0/8)
Process distribution: Hydra: 14, John: 0, Total: 14
Recent activity check:
- Log files updated in last minute: 0

=== Status Check at Sun Sep 14 11:10:06 AM PDT 2025 ===
Active John processes: 0 (Linux: 0, LM: 0)
Attack Status Summary:
- Linux SHA-512 attacks (aa-ah): 0 processes active
- Windows LM attacks (ai-ap): 0 processes active (may have completed)
- Passwords discovered: Linux (0/8), LM (0/8)
Process distribution: Hydra: 10, John: 0, Total: 10
Recent activity check:
- Log files updated in last minute: 0

=== Status Check at Sun Sep 14 11:11:06 AM PDT 2025 ===
Active John processes: 0 (Linux: 0, LM: 0)
Attack Status Summary:
- Linux SHA-512 attacks (aa-ah): 0 processes active
- Windows LM attacks (ai-ap): 0 processes active (may have completed)
- Passwords discovered: Linux (0/8), LM (0/8)
Process distribution: Hydra: 10, John: 0, Total: 10
Recent activity check:
- Log files updated in last minute: 0

=== Status Check at Sun Sep 14 11:12:06 AM PDT 2025 ===
Active John processes: 0 (Linux: 0, LM: 0)
Attack Status Summary:
- Linux SHA-512 attacks (aa-ah): 0 processes active
- Windows LM attacks (ai-ap): 0 processes active (may have completed)
- Passwords discovered: Linux (0/8), LM (0/8)
Process distribution: Hydra: 10, John: 0, Total: 10
Recent activity check:
- Log files updated in last minute: 0

=== Status Check at Sun Sep 14 11:13:06 AM PDT 2025 ===
Active John processes: 0 (Linux: 0, LM: 0)
Attack Status Summary:
- Linux SHA-512 attacks (aa-ah): 0 processes active
- Windows LM attacks (ai-ap): 0 processes active (may have completed)
- Passwords discovered: Linux (0/8), LM (0/8)
Process distribution: Hydra: 10, John: 0, Total: 10
Recent activity check:
- Log files updated in last minute: 0

=== Status Check at Sun Sep 14 11:14:07 AM PDT 2025 ===
Active John processes: 0 (Linux: 0, LM: 0)
Attack Status Summary:
- Linux SHA-512 attacks (aa-ah): 0 processes active
- Windows LM attacks (ai-ap): 0 processes active (may have completed)
- Passwords discovered: Linux (0/8), LM (0/8)
Process distribution: Hydra: 8, John: 0, Total: 8
Recent activity check:
- Log files updated in last minute: 0

=== Status Check at Sun Sep 14 11:15:07 AM PDT 2025 ===
Active John processes: 0 (Linux: 0, LM: 0)
Attack Status Summary:
- Linux SHA-512 attacks (aa-ah): 0 processes active
- Windows LM attacks (ai-ap): 0 processes active (may have completed)
- Passwords discovered: Linux (0/8), LM (0/8)
Process distribution: Hydra: 6, John: 0, Total: 6
Recent activity check:
- Log files updated in last minute: 0

=== Status Check at Sun Sep 14 11:16:07 AM PDT 2025 ===
Active John processes: 0 (Linux: 0, LM: 0)
Attack Status Summary:
- Linux SHA-512 attacks (aa-ah): 0 processes active
- Windows LM attacks (ai-ap): 0 processes active (may have completed)
- Passwords discovered: Linux (0/8), LM (0/8)
Process distribution: Hydra: 6, John: 0, Total: 6
Recent activity check:
- Log files updated in last minute: 0

=== Status Check at Sun Sep 14 11:17:07 AM PDT 2025 ===
Active John processes: 0 (Linux: 0, LM: 0)
Attack Status Summary:
- Linux SHA-512 attacks (aa-ah): 0 processes active
- Windows LM attacks (ai-ap): 0 processes active (may have completed)
- Passwords discovered: Linux (0/8), LM (0/8)
Process distribution: Hydra: 6, John: 0, Total: 6
Recent activity check:
- Log files updated in last minute: 0

=== Status Check at Sun Sep 14 11:18:07 AM PDT 2025 ===
Active John processes: 0 (Linux: 0, LM: 0)
Attack Status Summary:
- Linux SHA-512 attacks (aa-ah): 0 processes active
- Windows LM attacks (ai-ap): 0 processes active (may have completed)
- Passwords discovered: Linux (0/8), LM (0/8)
Process distribution: Hydra: 6, John: 0, Total: 6
Recent activity check:
- Log files updated in last minute: 0

=== Status Check at Sun Sep 14 11:19:07 AM PDT 2025 ===
Active John processes: 0 (Linux: 0, LM: 0)
Attack Status Summary:
- Linux SHA-512 attacks (aa-ah): 0 processes active
- Windows LM attacks (ai-ap): 0 processes active (may have completed)
- Passwords discovered: Linux (0/8), LM (0/8)
Process distribution: Hydra: 6, John: 0, Total: 6
Recent activity check:
- Log files updated in last minute: 0

=== Status Check at Mon Sep 15 11:55:35 AM PDT 2025 ===
Active John processes: 0 (Linux: 0, LM: 0)
Attack Status Summary:
- Linux SHA-512 attacks (aa-ah): 0 processes active
- Windows LM attacks (ai-ap): 0 processes active (may have completed)
- Passwords discovered: Linux (0/8), LM (0/8)
Process distribution: Hydra: 6, John: 0, Total: 6
Recent activity check:
- Log files updated in last minute: 0

=== Status Check at Mon Sep 15 11:56:36 AM PDT 2025 ===
Active John processes: 0 (Linux: 0, LM: 0)
Attack Status Summary:
- Linux SHA-512 attacks (aa-ah): 0 processes active
- Windows LM attacks (ai-ap): 0 processes active (may have completed)
- Passwords discovered: Linux (0/8), LM (0/8)
Process distribution: Hydra: 6, John: 0, Total: 6
Recent activity check:
- Log files updated in last minute: 0

=== Status Check at Mon Sep 15 11:57:36 AM PDT 2025 ===
Active John processes: 0 (Linux: 0, LM: 0)
Attack Status Summary:
- Linux SHA-512 attacks (aa-ah): 0 processes active
- Windows LM attacks (ai-ap): 0 processes active (may have completed)
- Passwords discovered: Linux (0/8), LM (0/8)
Process distribution: Hydra: 6, John: 0, Total: 6
Recent activity check:
- Log files updated in last minute: 0

=== Status Check at Mon Sep 15 11:58:36 AM PDT 2025 ===
Active John processes: 0 (Linux: 0, LM: 0)
Attack Status Summary:
- Linux SHA-512 attacks (aa-ah): 0 processes active
- Windows LM attacks (ai-ap): 0 processes active (may have completed)
- Passwords discovered: Linux (0/8), LM (0/8)
Process distribution: Hydra: 4, John: 0, Total: 4
Recent activity check:
- Log files updated in last minute: 0

=== Status Check at Mon Sep 15 11:59:36 AM PDT 2025 ===
Active John processes: 0 (Linux: 0, LM: 0)
Attack Status Summary:
- Linux SHA-512 attacks (aa-ah): 0 processes active
- Windows LM attacks (ai-ap): 0 processes active (may have completed)
- Passwords discovered: Linux (0/8), LM (0/8)
Process distribution: Hydra: 4, John: 0, Total: 4
Recent activity check:
- Log files updated in last minute: 0

=== Status Check at Mon Sep 15 12:00:36 PM PDT 2025 ===
Active John processes: 0 (Linux: 0, LM: 0)
Attack Status Summary:
- Linux SHA-512 attacks (aa-ah): 0 processes active
- Windows LM attacks (ai-ap): 0 processes active (may have completed)
- Passwords discovered: Linux (0/8), LM (0/8)
Process distribution: Hydra: 4, John: 0, Total: 4
Recent activity check:
- Log files updated in last minute: 0

=== Status Check at Mon Sep 15 12:01:36 PM PDT 2025 ===
Active John processes: 0 (Linux: 0, LM: 0)
Attack Status Summary:
- Linux SHA-512 attacks (aa-ah): 0 processes active
- Windows LM attacks (ai-ap): 0 processes active (may have completed)
- Passwords discovered: Linux (0/8), LM (0/8)
Process distribution: Hydra: 3, John: 0, Total: 3
Recent activity check:
- Log files updated in last minute: 0

=== Status Check at Mon Sep 15 12:02:36 PM PDT 2025 ===
Active John processes: 0 (Linux: 0, LM: 0)
Attack Status Summary:
- Linux SHA-512 attacks (aa-ah): 0 processes active
- Windows LM attacks (ai-ap): 0 processes active (may have completed)
- Passwords discovered: Linux (0/8), LM (0/8)
Process distribution: Hydra: 4, John: 0, Total: 4
Recent activity check:
- Log files updated in last minute: 0

=== Status Check at Mon Sep 15 12:03:36 PM PDT 2025 ===
Active John processes: 0 (Linux: 0, LM: 0)
Attack Status Summary:
- Linux SHA-512 attacks (aa-ah): 0 processes active
- Windows LM attacks (ai-ap): 0 processes active (may have completed)
- Passwords discovered: Linux (0/8), LM (0/8)
Process distribution: Hydra: 4, John: 0, Total: 4
Recent activity check:
- Log files updated in last minute: 0

=== Status Check at Mon Sep 15 12:04:36 PM PDT 2025 ===
Active John processes: 0 (Linux: 0, LM: 0)
Attack Status Summary:
- Linux SHA-512 attacks (aa-ah): 0 processes active
- Windows LM attacks (ai-ap): 0 processes active (may have completed)
- Passwords discovered: Linux (0/8), LM (0/8)
Process distribution: Hydra: 4, John: 0, Total: 4
Recent activity check:
- Log files updated in last minute: 0

=== Status Check at Mon Sep 15 12:05:37 PM PDT 2025 ===
Active John processes: 0 (Linux: 0, LM: 0)
Attack Status Summary:
- Linux SHA-512 attacks (aa-ah): 0 processes active
- Windows LM attacks (ai-ap): 0 processes active (may have completed)
- Passwords discovered: Linux (0/8), LM (0/8)
Process distribution: Hydra: 4, John: 0, Total: 4
Recent activity check:
- Log files updated in last minute: 0

=== Status Check at Mon Sep 15 12:06:37 PM PDT 2025 ===
Active John processes: 0 (Linux: 0, LM: 0)
Attack Status Summary:
- Linux SHA-512 attacks (aa-ah): 0 processes active
- Windows LM attacks (ai-ap): 0 processes active (may have completed)
- Passwords discovered: Linux (0/8), LM (0/8)
Process distribution: Hydra: 4, John: 0, Total: 4
Recent activity check:
- Log files updated in last minute: 0

=== Status Check at Mon Sep 15 12:07:37 PM PDT 2025 ===
Active John processes: 0 (Linux: 0, LM: 0)
Attack Status Summary:
- Linux SHA-512 attacks (aa-ah): 0 processes active
- Windows LM attacks (ai-ap): 0 processes active (may have completed)
- Passwords discovered: Linux (0/8), LM (0/8)
Process distribution: Hydra: 4, John: 0, Total: 4
Recent activity check:
- Log files updated in last minute: 0

=== Status Check at Mon Sep 15 12:08:37 PM PDT 2025 ===
Active John processes: 0 (Linux: 0, LM: 0)
Attack Status Summary:
- Linux SHA-512 attacks (aa-ah): 0 processes active
- Windows LM attacks (ai-ap): 0 processes active (may have completed)
- Passwords discovered: Linux (0/8), LM (0/8)
Process distribution: Hydra: 4, John: 0, Total: 4
Recent activity check:
- Log files updated in last minute: 0

=== Status Check at Mon Sep 15 12:09:37 PM PDT 2025 ===
Active John processes: 0 (Linux: 0, LM: 0)
Attack Status Summary:
- Linux SHA-512 attacks (aa-ah): 0 processes active
- Windows LM attacks (ai-ap): 0 processes active (may have completed)
- Passwords discovered: Linux (0/8), LM (0/8)
Process distribution: Hydra: 3, John: 0, Total: 3
Recent activity check:
- Log files updated in last minute: 0

=== Status Check at Mon Sep 15 12:10:37 PM PDT 2025 ===
Active John processes: 0 (Linux: 0, LM: 0)
Attack Status Summary:
- Linux SHA-512 attacks (aa-ah): 0 processes active
- Windows LM attacks (ai-ap): 0 processes active (may have completed)
- Passwords discovered: Linux (0/8), LM (0/8)
Process distribution: Hydra: 4, John: 0, Total: 4
Recent activity check:
- Log files updated in last minute: 0

=== Status Check at Mon Sep 15 12:11:37 PM PDT 2025 ===
Active John processes: 0 (Linux: 0, LM: 0)
Attack Status Summary:
- Linux SHA-512 attacks (aa-ah): 0 processes active
- Windows LM attacks (ai-ap): 0 processes active (may have completed)
- Passwords discovered: Linux (0/8), LM (0/8)
Process distribution: Hydra: 4, John: 0, Total: 4
Recent activity check:
- Log files updated in last minute: 0

=== Status Check at Mon Sep 15 12:12:37 PM PDT 2025 ===
Active John processes: 0 (Linux: 0, LM: 0)
Attack Status Summary:
- Linux SHA-512 attacks (aa-ah): 0 processes active
- Windows LM attacks (ai-ap): 0 processes active (may have completed)
- Passwords discovered: Linux (0/8), LM (0/8)
Process distribution: Hydra: 2, John: 0, Total: 2
Recent activity check:
- Log files updated in last minute: 0

=== Status Check at Mon Sep 15 12:13:37 PM PDT 2025 ===
Active John processes: 0 (Linux: 0, LM: 0)
Attack Status Summary:
- Linux SHA-512 attacks (aa-ah): 0 processes active
- Windows LM attacks (ai-ap): 0 processes active (may have completed)
- Passwords discovered: Linux (0/8), LM (0/8)
Process distribution: Hydra: 2, John: 0, Total: 2
Recent activity check:
- Log files updated in last minute: 0

=== Status Check at Mon Sep 15 12:14:38 PM PDT 2025 ===
Active John processes: 0 (Linux: 0, LM: 0)
Attack Status Summary:
- Linux SHA-512 attacks (aa-ah): 0 processes active
- Windows LM attacks (ai-ap): 0 processes active (may have completed)
- Passwords discovered: Linux (0/8), LM (0/8)
Process distribution: Hydra: 2, John: 0, Total: 2
Recent activity check:
- Log files updated in last minute: 0

=== Status Check at Mon Sep 15 12:15:38 PM PDT 2025 ===
Active John processes: 0 (Linux: 0, LM: 0)
Attack Status Summary:
- Linux SHA-512 attacks (aa-ah): 0 processes active
- Windows LM attacks (ai-ap): 0 processes active (may have completed)
- Passwords discovered: Linux (0/8), LM (0/8)
Process distribution: Hydra: 2, John: 0, Total: 2
Recent activity check:
- Log files updated in last minute: 0

=== Status Check at Mon Sep 15 12:16:38 PM PDT 2025 ===
Active John processes: 0 (Linux: 0, LM: 0)
Attack Status Summary:
- Linux SHA-512 attacks (aa-ah): 0 processes active
- Windows LM attacks (ai-ap): 0 processes active (may have completed)
- Passwords discovered: Linux (0/8), LM (0/8)
Process distribution: Hydra: 2, John: 0, Total: 2
Recent activity check:
- Log files updated in last minute: 0

=== Status Check at Mon Sep 15 12:17:38 PM PDT 2025 ===
Active John processes: 0 (Linux: 0, LM: 0)
Attack Status Summary:
- Linux SHA-512 attacks (aa-ah): 0 processes active
- Windows LM attacks (ai-ap): 0 processes active (may have completed)
- Passwords discovered: Linux (0/8), LM (0/8)
Process distribution: Hydra: 2, John: 0, Total: 2
Recent activity check:
- Log files updated in last minute: 0

=== Status Check at Mon Sep 15 12:18:38 PM PDT 2025 ===
Active John processes: 0 (Linux: 0, LM: 0)
Attack Status Summary:
- Linux SHA-512 attacks (aa-ah): 0 processes active
- Windows LM attacks (ai-ap): 0 processes active (may have completed)
- Passwords discovered: Linux (0/8), LM (0/8)
Process distribution: Hydra: 2, John: 0, Total: 2
Recent activity check:
- Log files updated in last minute: 0

=== Status Check at Mon Sep 15 12:19:38 PM PDT 2025 ===
Active John processes: 0 (Linux: 0, LM: 0)
Attack Status Summary:
- Linux SHA-512 attacks (aa-ah): 0 processes active
- Windows LM attacks (ai-ap): 0 processes active (may have completed)
- Passwords discovered: Linux (0/8), LM (0/8)
Process distribution: Hydra: 2, John: 0, Total: 2
Recent activity check:
- Log files updated in last minute: 0

=== Status Check at Mon Sep 15 12:20:38 PM PDT 2025 ===
Active John processes: 0 (Linux: 0, LM: 0)
Attack Status Summary:
- Linux SHA-512 attacks (aa-ah): 0 processes active
- Windows LM attacks (ai-ap): 0 processes active (may have completed)
- Passwords discovered: Linux (0/8), LM (0/8)
Process distribution: Hydra: 2, John: 0, Total: 2
Recent activity check:
- Log files updated in last minute: 0

=== Status Check at Mon Sep 15 12:21:38 PM PDT 2025 ===
Active John processes: 0 (Linux: 0, LM: 0)
Attack Status Summary:
- Linux SHA-512 attacks (aa-ah): 0 processes active
- Windows LM attacks (ai-ap): 0 processes active (may have completed)
- Passwords discovered: Linux (0/8), LM (0/8)
Process distribution: Hydra: 2, John: 0, Total: 2
Recent activity check:
- Log files updated in last minute: 0

=== Status Check at Mon Sep 15 12:22:39 PM PDT 2025 ===
Active John processes: 0 (Linux: 0, LM: 0)
Attack Status Summary:
- Linux SHA-512 attacks (aa-ah): 0 processes active
- Windows LM attacks (ai-ap): 0 processes active (may have completed)
- Passwords discovered: Linux (0/8), LM (0/8)
Process distribution: Hydra: 2, John: 0, Total: 2
Recent activity check:
- Log files updated in last minute: 0

=== Status Check at Mon Sep 15 12:23:39 PM PDT 2025 ===
Active John processes: 0 (Linux: 0, LM: 0)
Attack Status Summary:
- Linux SHA-512 attacks (aa-ah): 0 processes active
- Windows LM attacks (ai-ap): 0 processes active (may have completed)
- Passwords discovered: Linux (0/8), LM (0/8)
Process distribution: Hydra: 2, John: 0, Total: 2
Recent activity check:
- Log files updated in last minute: 0

=== Status Check at Mon Sep 15 12:24:39 PM PDT 2025 ===
Active John processes: 0 (Linux: 0, LM: 0)
Attack Status Summary:
- Linux SHA-512 attacks (aa-ah): 0 processes active
- Windows LM attacks (ai-ap): 0 processes active (may have completed)
- Passwords discovered: Linux (0/8), LM (0/8)
Process distribution: Hydra: 2, John: 0, Total: 2
Recent activity check:
- Log files updated in last minute: 0

=== Status Check at Mon Sep 15 12:25:39 PM PDT 2025 ===
Active John processes: 0 (Linux: 0, LM: 0)
Attack Status Summary:
- Linux SHA-512 attacks (aa-ah): 0 processes active
- Windows LM attacks (ai-ap): 0 processes active (may have completed)
- Passwords discovered: Linux (0/8), LM (0/8)
Process distribution: Hydra: 2, John: 0, Total: 2
Recent activity check:
- Log files updated in last minute: 0

=== Status Check at Mon Sep 15 12:26:39 PM PDT 2025 ===
Active John processes: 0 (Linux: 0, LM: 0)
Attack Status Summary:
- Linux SHA-512 attacks (aa-ah): 0 processes active
- Windows LM attacks (ai-ap): 0 processes active (may have completed)
- Passwords discovered: Linux (0/8), LM (0/8)
Process distribution: Hydra: 2, John: 0, Total: 2
Recent activity check:
- Log files updated in last minute: 0

=== Status Check at Mon Sep 15 12:27:39 PM PDT 2025 ===
Active John processes: 0 (Linux: 0, LM: 0)
Attack Status Summary:
- Linux SHA-512 attacks (aa-ah): 0 processes active
- Windows LM attacks (ai-ap): 0 processes active (may have completed)
- Passwords discovered: Linux (0/8), LM (0/8)
Process distribution: Hydra: 2, John: 0, Total: 2
Recent activity check:
- Log files updated in last minute: 0

=== Status Check at Mon Sep 15 12:28:39 PM PDT 2025 ===
Active John processes: 0 (Linux: 0, LM: 0)
Attack Status Summary:
- Linux SHA-512 attacks (aa-ah): 0 processes active
- Windows LM attacks (ai-ap): 0 processes active (may have completed)
- Passwords discovered: Linux (0/8), LM (0/8)
Process distribution: Hydra: 2, John: 0, Total: 2
Recent activity check:
- Log files updated in last minute: 0

=== Status Check at Mon Sep 15 12:29:39 PM PDT 2025 ===
Active John processes: 0 (Linux: 0, LM: 0)
Attack Status Summary:
- Linux SHA-512 attacks (aa-ah): 0 processes active
- Windows LM attacks (ai-ap): 0 processes active (may have completed)
- Passwords discovered: Linux (0/8), LM (0/8)
Process distribution: Hydra: 2, John: 0, Total: 2
Recent activity check:
- Log files updated in last minute: 0

=== Status Check at Mon Sep 15 12:30:39 PM PDT 2025 ===
Active John processes: 0 (Linux: 0, LM: 0)
Attack Status Summary:
- Linux SHA-512 attacks (aa-ah): 0 processes active
- Windows LM attacks (ai-ap): 0 processes active (may have completed)
- Passwords discovered: Linux (0/8), LM (0/8)
Process distribution: Hydra: 2, John: 0, Total: 2
Recent activity check:
- Log files updated in last minute: 0

=== Status Check at Mon Sep 15 12:31:40 PM PDT 2025 ===
Active John processes: 0 (Linux: 0, LM: 0)
Attack Status Summary:
- Linux SHA-512 attacks (aa-ah): 0 processes active
- Windows LM attacks (ai-ap): 0 processes active (may have completed)
- Passwords discovered: Linux (0/8), LM (0/8)
Process distribution: Hydra: 2, John: 0, Total: 2
Recent activity check:
- Log files updated in last minute: 0

=== Status Check at Mon Sep 15 12:32:40 PM PDT 2025 ===
Active John processes: 0 (Linux: 0, LM: 0)
Attack Status Summary:
- Linux SHA-512 attacks (aa-ah): 0 processes active
- Windows LM attacks (ai-ap): 0 processes active (may have completed)
- Passwords discovered: Linux (0/8), LM (0/8)
Process distribution: Hydra: 2, John: 0, Total: 2
Recent activity check:
- Log files updated in last minute: 0

=== Status Check at Mon Sep 15 12:33:40 PM PDT 2025 ===
Active John processes: 0 (Linux: 0, LM: 0)
Attack Status Summary:
- Linux SHA-512 attacks (aa-ah): 0 processes active
- Windows LM attacks (ai-ap): 0 processes active (may have completed)
- Passwords discovered: Linux (0/8), LM (0/8)
Process distribution: Hydra: 0, John: 0, Total: 0
Recent activity check:
- Log files updated in last minute: 0

=== Status Check at Mon Sep 15 12:34:40 PM PDT 2025 ===
Active John processes: 0 (Linux: 0, LM: 0)
Attack Status Summary:
- Linux SHA-512 attacks (aa-ah): 0 processes active
- Windows LM attacks (ai-ap): 0 processes active (may have completed)
- Passwords discovered: Linux (0/8), LM (0/8)
Process distribution: Hydra: 0, John: 0, Total: 0
Recent activity check:
- Log files updated in last minute: 0

=== Status Check at Mon Sep 15 12:35:40 PM PDT 2025 ===
Active John processes: 0 (Linux: 0, LM: 0)
Attack Status Summary:
- Linux SHA-512 attacks (aa-ah): 0 processes active
- Windows LM attacks (ai-ap): 0 processes active (may have completed)
- Passwords discovered: Linux (0/8), LM (0/8)
Process distribution: Hydra: 0, John: 0, Total: 0
Recent activity check:
- Log files updated in last minute: 0

=== Status Check at Mon Sep 15 12:36:40 PM PDT 2025 ===
Active John processes: 0 (Linux: 0, LM: 0)
Attack Status Summary:
- Linux SHA-512 attacks (aa-ah): 0 processes active
- Windows LM attacks (ai-ap): 0 processes active (may have completed)
- Passwords discovered: Linux (0/8), LM (0/8)
Process distribution: Hydra: 0, John: 0, Total: 0
Recent activity check:
- Log files updated in last minute: 0

=== Status Check at Mon Sep 15 12:37:40 PM PDT 2025 ===
Active John processes: 0 (Linux: 0, LM: 0)
Attack Status Summary:
- Linux SHA-512 attacks (aa-ah): 0 processes active
- Windows LM attacks (ai-ap): 0 processes active (may have completed)
- Passwords discovered: Linux (0/8), LM (0/8)
Process distribution: Hydra: 0, John: 0, Total: 0
Recent activity check:
- Log files updated in last minute: 0

=== Status Check at Mon Sep 15 12:38:40 PM PDT 2025 ===
Active John processes: 0 (Linux: 0, LM: 0)
Attack Status Summary:
- Linux SHA-512 attacks (aa-ah): 0 processes active
- Windows LM attacks (ai-ap): 0 processes active (may have completed)
- Passwords discovered: Linux (0/8), LM (0/8)
Process distribution: Hydra: 0, John: 0, Total: 0
Recent activity check:
- Log files updated in last minute: 0

=== Status Check at Mon Sep 15 12:39:40 PM PDT 2025 ===
Active John processes: 0 (Linux: 0, LM: 0)
Attack Status Summary:
- Linux SHA-512 attacks (aa-ah): 0 processes active
- Windows LM attacks (ai-ap): 0 processes active (may have completed)
- Passwords discovered: Linux (0/8), LM (0/8)
Process distribution: Hydra: 0, John: 0, Total: 0
Recent activity check:
- Log files updated in last minute: 0

=== Status Check at Mon Sep 15 12:40:41 PM PDT 2025 ===
Active John processes: 0 (Linux: 0, LM: 0)
Attack Status Summary:
- Linux SHA-512 attacks (aa-ah): 0 processes active
- Windows LM attacks (ai-ap): 0 processes active (may have completed)
- Passwords discovered: Linux (0/8), LM (0/8)
Process distribution: Hydra: 0, John: 0, Total: 0
Recent activity check:
- Log files updated in last minute: 0

=== Status Check at Mon Sep 15 12:41:41 PM PDT 2025 ===
Active John processes: 0 (Linux: 0, LM: 0)
Attack Status Summary:
- Linux SHA-512 attacks (aa-ah): 0 processes active
- Windows LM attacks (ai-ap): 0 processes active (may have completed)
- Passwords discovered: Linux (0/8), LM (0/8)
Process distribution: Hydra: 0, John: 0, Total: 0
Recent activity check:
- Log files updated in last minute: 0

=== Status Check at Mon Sep 15 12:42:41 PM PDT 2025 ===
Active John processes: 0 (Linux: 0, LM: 0)
Attack Status Summary:
- Linux SHA-512 attacks (aa-ah): 0 processes active
- Windows LM attacks (ai-ap): 0 processes active (may have completed)
- Passwords discovered: Linux (0/8), LM (0/8)
Process distribution: Hydra: 0, John: 0, Total: 0
Recent activity check:
- Log files updated in last minute: 0

=== Status Check at Mon Sep 15 12:43:41 PM PDT 2025 ===
Active John processes: 0 (Linux: 0, LM: 0)
Attack Status Summary:
- Linux SHA-512 attacks (aa-ah): 0 processes active
- Windows LM attacks (ai-ap): 0 processes active (may have completed)
- Passwords discovered: Linux (0/8), LM (0/8)
Process distribution: Hydra: 0, John: 0, Total: 0
Recent activity check:
- Log files updated in last minute: 0

=== Status Check at Mon Sep 15 12:44:41 PM PDT 2025 ===
Active John processes: 0 (Linux: 0, LM: 0)
Attack Status Summary:
- Linux SHA-512 attacks (aa-ah): 0 processes active
- Windows LM attacks (ai-ap): 0 processes active (may have completed)
- Passwords discovered: Linux (0/8), LM (0/8)
Process distribution: Hydra: 0, John: 0, Total: 0
Recent activity check:
- Log files updated in last minute: 0

=== Status Check at Mon Sep 15 12:45:41 PM PDT 2025 ===
Active John processes: 0 (Linux: 0, LM: 0)
Attack Status Summary:
- Linux SHA-512 attacks (aa-ah): 0 processes active
- Windows LM attacks (ai-ap): 0 processes active (may have completed)
- Passwords discovered: Linux (0/8), LM (0/8)
Process distribution: Hydra: 0, John: 0, Total: 0
Recent activity check:
- Log files updated in last minute: 0

=== Status Check at Mon Sep 15 12:46:41 PM PDT 2025 ===
Active John processes: 0 (Linux: 0, LM: 0)
Attack Status Summary:
- Linux SHA-512 attacks (aa-ah): 0 processes active
- Windows LM attacks (ai-ap): 0 processes active (may have completed)
- Passwords discovered: Linux (0/8), LM (0/8)
Process distribution: Hydra: 0, John: 0, Total: 0
Recent activity check:
- Log files updated in last minute: 0

=== Status Check at Mon Sep 15 12:47:41 PM PDT 2025 ===
Active John processes: 0 (Linux: 0, LM: 0)
Attack Status Summary:
- Linux SHA-512 attacks (aa-ah): 0 processes active
- Windows LM attacks (ai-ap): 0 processes active (may have completed)
- Passwords discovered: Linux (0/8), LM (0/8)
Process distribution: Hydra: 0, John: 0, Total: 0
Recent activity check:
- Log files updated in last minute: 0

=== Status Check at Mon Sep 15 12:48:42 PM PDT 2025 ===
Active John processes: 0 (Linux: 0, LM: 0)
Attack Status Summary:
- Linux SHA-512 attacks (aa-ah): 0 processes active
- Windows LM attacks (ai-ap): 0 processes active (may have completed)
- Passwords discovered: Linux (0/8), LM (0/8)
Process distribution: Hydra: 0, John: 0, Total: 0
Recent activity check:
- Log files updated in last minute: 0

=== Status Check at Mon Sep 15 12:49:42 PM PDT 2025 ===
Active John processes: 0 (Linux: 0, LM: 0)
Attack Status Summary:
- Linux SHA-512 attacks (aa-ah): 0 processes active
- Windows LM attacks (ai-ap): 0 processes active (may have completed)
- Passwords discovered: Linux (0/8), LM (0/8)
Process distribution: Hydra: 0, John: 0, Total: 0
Recent activity check:
- Log files updated in last minute: 0

=== Status Check at Mon Sep 15 12:50:42 PM PDT 2025 ===
Active John processes: 0 (Linux: 0, LM: 0)
Attack Status Summary:
- Linux SHA-512 attacks (aa-ah): 0 processes active
- Windows LM attacks (ai-ap): 0 processes active (may have completed)
- Passwords discovered: Linux (0/8), LM (0/8)
Process distribution: Hydra: 0, John: 0, Total: 0
Recent activity check:
- Log files updated in last minute: 0

=== Status Check at Mon Sep 15 12:51:42 PM PDT 2025 ===
Active John processes: 0 (Linux: 0, LM: 0)
Attack Status Summary:
- Linux SHA-512 attacks (aa-ah): 0 processes active
- Windows LM attacks (ai-ap): 0 processes active (may have completed)
- Passwords discovered: Linux (0/8), LM (0/8)
Process distribution: Hydra: 0, John: 0, Total: 0
Recent activity check:
- Log files updated in last minute: 0

=== Status Check at Mon Sep 15 12:52:42 PM PDT 2025 ===
Active John processes: 0 (Linux: 0, LM: 0)
Attack Status Summary:
- Linux SHA-512 attacks (aa-ah): 0 processes active
- Windows LM attacks (ai-ap): 0 processes active (may have completed)
- Passwords discovered: Linux (0/8), LM (0/8)
Process distribution: Hydra: 0, John: 0, Total: 0
Recent activity check:
- Log files updated in last minute: 0

=== Status Check at Mon Sep 15 12:53:52 PM PDT 2025 ===
Active John processes: 0 (Linux: 0, LM: 0)
Attack Status Summary:
- Linux SHA-512 attacks (aa-ah): 0 processes active
- Windows LM attacks (ai-ap): 0 processes active (may have completed)
- Passwords discovered: Linux (0/8), LM (0/8)
Process distribution: Hydra: 0, John: 0, Total: 0
Recent activity check:
- Log files updated in last minute: 0

=== Status Check at Mon Sep 15 01:00:45 PM PDT 2025 ===
Active John processes: 0 (Linux: 0, LM: 0)
Attack Status Summary:
- Linux SHA-512 attacks (aa-ah): 0 processes active
- Windows LM attacks (ai-ap): 0 processes active (may have completed)
- Passwords discovered: Linux (0/8), LM (0/8)
Process distribution: Hydra: 0, John: 0, Total: 0
Recent activity check:
- Log files updated in last minute: 0

=== Status Check at Mon Sep 15 01:01:45 PM PDT 2025 ===
Active John processes: 0 (Linux: 0, LM: 0)
Attack Status Summary:
- Linux SHA-512 attacks (aa-ah): 0 processes active
- Windows LM attacks (ai-ap): 0 processes active (may have completed)
- Passwords discovered: Linux (0/8), LM (0/8)
Process distribution: Hydra: 0, John: 0, Total: 0
Recent activity check:
- Log files updated in last minute: 0

=== Status Check at Mon Sep 15 01:02:45 PM PDT 2025 ===
Active John processes: 0 (Linux: 0, LM: 0)
Attack Status Summary:
- Linux SHA-512 attacks (aa-ah): 0 processes active
- Windows LM attacks (ai-ap): 0 processes active (may have completed)
- Passwords discovered: Linux (0/8), LM (0/8)
Process distribution: Hydra: 0, John: 0, Total: 0
Recent activity check:
- Log files updated in last minute: 0

=== Status Check at Mon Sep 15 01:03:45 PM PDT 2025 ===
Active John processes: 0 (Linux: 0, LM: 0)
Attack Status Summary:
- Linux SHA-512 attacks (aa-ah): 0 processes active
- Windows LM attacks (ai-ap): 0 processes active (may have completed)
- Passwords discovered: Linux (0/8), LM (0/8)
Process distribution: Hydra: 0, John: 0, Total: 0
Recent activity check:
- Log files updated in last minute: 0

=== Status Check at Mon Sep 15 01:04:45 PM PDT 2025 ===
Active John processes: 0 (Linux: 0, LM: 0)
Attack Status Summary:
- Linux SHA-512 attacks (aa-ah): 0 processes active
- Windows LM attacks (ai-ap): 0 processes active (may have completed)
- Passwords discovered: Linux (0/8), LM (0/8)
Process distribution: Hydra: 0, John: 0, Total: 0
Recent activity check:
- Log files updated in last minute: 0

=== Status Check at Mon Sep 15 01:05:45 PM PDT 2025 ===
Active John processes: 0 (Linux: 0, LM: 0)
Attack Status Summary:
- Linux SHA-512 attacks (aa-ah): 0 processes active
- Windows LM attacks (ai-ap): 0 processes active (may have completed)
- Passwords discovered: Linux (0/8), LM (0/8)
Process distribution: Hydra: 0, John: 0, Total: 0
Recent activity check:
- Log files updated in last minute: 0

=== Status Check at Mon Sep 15 01:06:46 PM PDT 2025 ===
Active John processes: 0 (Linux: 0, LM: 0)
Attack Status Summary:
- Linux SHA-512 attacks (aa-ah): 0 processes active
- Windows LM attacks (ai-ap): 0 processes active (may have completed)
- Passwords discovered: Linux (0/8), LM (0/8)
Process distribution: Hydra: 0, John: 0, Total: 0
Recent activity check:
- Log files updated in last minute: 0

=== Status Check at Mon Sep 15 01:07:46 PM PDT 2025 ===
Active John processes: 0 (Linux: 0, LM: 0)
Attack Status Summary:
- Linux SHA-512 attacks (aa-ah): 0 processes active
- Windows LM attacks (ai-ap): 0 processes active (may have completed)
- Passwords discovered: Linux (0/8), LM (0/8)
Process distribution: Hydra: 0, John: 0, Total: 0
Recent activity check:
- Log files updated in last minute: 0

=== Status Check at Mon Sep 15 01:08:46 PM PDT 2025 ===
Active John processes: 0 (Linux: 0, LM: 0)
Attack Status Summary:
- Linux SHA-512 attacks (aa-ah): 0 processes active
- Windows LM attacks (ai-ap): 0 processes active (may have completed)
- Passwords discovered: Linux (0/8), LM (0/8)
Process distribution: Hydra: 0, John: 0, Total: 0
Recent activity check:
- Log files updated in last minute: 0

=== Status Check at Mon Sep 15 01:09:46 PM PDT 2025 ===
Active John processes: 0 (Linux: 0, LM: 0)
Attack Status Summary:
- Linux SHA-512 attacks (aa-ah): 0 processes active
- Windows LM attacks (ai-ap): 0 processes active (may have completed)
- Passwords discovered: Linux (0/8), LM (0/8)
Process distribution: Hydra: 0, John: 0, Total: 0
Recent activity check:
- Log files updated in last minute: 0

=== Status Check at Mon Sep 15 01:10:46 PM PDT 2025 ===
Active John processes: 0 (Linux: 0, LM: 0)
Attack Status Summary:
- Linux SHA-512 attacks (aa-ah): 0 processes active
- Windows LM attacks (ai-ap): 0 processes active (may have completed)
- Passwords discovered: Linux (0/8), LM (0/8)
Process distribution: Hydra: 0, John: 0, Total: 0
Recent activity check:
- Log files updated in last minute: 0

=== Status Check at Mon Sep 15 01:11:46 PM PDT 2025 ===
Active John processes: 0 (Linux: 0, LM: 0)
Attack Status Summary:
- Linux SHA-512 attacks (aa-ah): 0 processes active
- Windows LM attacks (ai-ap): 0 processes active (may have completed)
- Passwords discovered: Linux (0/8), LM (0/8)
Process distribution: Hydra: 0, John: 0, Total: 0
Recent activity check:
- Log files updated in last minute: 0

=== Status Check at Mon Sep 15 01:12:46 PM PDT 2025 ===
Active John processes: 0 (Linux: 0, LM: 0)
Attack Status Summary:
- Linux SHA-512 attacks (aa-ah): 0 processes active
- Windows LM attacks (ai-ap): 0 processes active (may have completed)
- Passwords discovered: Linux (0/8), LM (0/8)
Process distribution: Hydra: 0, John: 0, Total: 0
Recent activity check:
- Log files updated in last minute: 0

=== Status Check at Mon Sep 15 01:13:46 PM PDT 2025 ===
Active John processes: 0 (Linux: 0, LM: 0)
Attack Status Summary:
- Linux SHA-512 attacks (aa-ah): 0 processes active
- Windows LM attacks (ai-ap): 0 processes active (may have completed)
- Passwords discovered: Linux (0/8), LM (0/8)
Process distribution: Hydra: 0, John: 0, Total: 0
Recent activity check:
- Log files updated in last minute: 0

=== Status Check at Mon Sep 15 01:14:46 PM PDT 2025 ===
Active John processes: 0 (Linux: 0, LM: 0)
Attack Status Summary:
- Linux SHA-512 attacks (aa-ah): 0 processes active
- Windows LM attacks (ai-ap): 0 processes active (may have completed)
- Passwords discovered: Linux (0/8), LM (0/8)
Process distribution: Hydra: 0, John: 0, Total: 0
Recent activity check:
- Log files updated in last minute: 0

=== Status Check at Mon Sep 15 01:15:46 PM PDT 2025 ===
Active John processes: 0 (Linux: 0, LM: 0)
Attack Status Summary:
- Linux SHA-512 attacks (aa-ah): 0 processes active
- Windows LM attacks (ai-ap): 0 processes active (may have completed)
- Passwords discovered: Linux (0/8), LM (0/8)
Process distribution: Hydra: 0, John: 0, Total: 0
Recent activity check:
- Log files updated in last minute: 0

=== Status Check at Mon Sep 15 01:16:47 PM PDT 2025 ===
Active John processes: 0 (Linux: 0, LM: 0)
Attack Status Summary:
- Linux SHA-512 attacks (aa-ah): 0 processes active
- Windows LM attacks (ai-ap): 0 processes active (may have completed)
- Passwords discovered: Linux (0/8), LM (0/8)
Process distribution: Hydra: 0, John: 0, Total: 0
Recent activity check:
- Log files updated in last minute: 0

=== Status Check at Mon Sep 15 01:17:47 PM PDT 2025 ===
Active John processes: 0 (Linux: 0, LM: 0)
Attack Status Summary:
- Linux SHA-512 attacks (aa-ah): 0 processes active
- Windows LM attacks (ai-ap): 0 processes active (may have completed)
- Passwords discovered: Linux (0/8), LM (0/8)
Process distribution: Hydra: 0, John: 0, Total: 0
Recent activity check:
- Log files updated in last minute: 0

=== Status Check at Mon Sep 15 01:18:47 PM PDT 2025 ===
Active John processes: 0 (Linux: 0, LM: 0)
Attack Status Summary:
- Linux SHA-512 attacks (aa-ah): 0 processes active
- Windows LM attacks (ai-ap): 0 processes active (may have completed)
- Passwords discovered: Linux (0/8), LM (0/8)
Process distribution: Hydra: 0, John: 0, Total: 0
Recent activity check:
- Log files updated in last minute: 0

=== Status Check at Mon Sep 15 01:19:47 PM PDT 2025 ===
Active John processes: 0 (Linux: 0, LM: 0)
Attack Status Summary:
- Linux SHA-512 attacks (aa-ah): 0 processes active
- Windows LM attacks (ai-ap): 0 processes active (may have completed)
- Passwords discovered: Linux (0/8), LM (0/8)
Process distribution: Hydra: 0, John: 0, Total: 0
Recent activity check:
- Log files updated in last minute: 0

=== Status Check at Mon Sep 15 01:20:47 PM PDT 2025 ===
Active John processes: 0 (Linux: 0, LM: 0)
Attack Status Summary:
- Linux SHA-512 attacks (aa-ah): 0 processes active
- Windows LM attacks (ai-ap): 0 processes active (may have completed)
- Passwords discovered: Linux (0/8), LM (0/8)
Process distribution: Hydra: 0, John: 0, Total: 0
Recent activity check:
- Log files updated in last minute: 0

=== Status Check at Mon Sep 15 01:21:47 PM PDT 2025 ===
Active John processes: 0 (Linux: 0, LM: 0)
Attack Status Summary:
- Linux SHA-512 attacks (aa-ah): 0 processes active
- Windows LM attacks (ai-ap): 0 processes active (may have completed)
- Passwords discovered: Linux (0/8), LM (0/8)
Process distribution: Hydra: 0, John: 0, Total: 0
Recent activity check:
- Log files updated in last minute: 0

=== Status Check at Mon Sep 15 01:22:47 PM PDT 2025 ===
Active John processes: 0 (Linux: 0, LM: 0)
Attack Status Summary:
- Linux SHA-512 attacks (aa-ah): 0 processes active
- Windows LM attacks (ai-ap): 0 processes active (may have completed)
- Passwords discovered: Linux (0/8), LM (0/8)
Process distribution: Hydra: 0, John: 0, Total: 0
Recent activity check:
- Log files updated in last minute: 0

=== Status Check at Mon Sep 15 01:23:47 PM PDT 2025 ===
Active John processes: 0 (Linux: 0, LM: 0)
Attack Status Summary:
- Linux SHA-512 attacks (aa-ah): 0 processes active
- Windows LM attacks (ai-ap): 0 processes active (may have completed)
- Passwords discovered: Linux (0/8), LM (0/8)
Process distribution: Hydra: 0, John: 0, Total: 0
Recent activity check:
- Log files updated in last minute: 0

=== Status Check at Mon Sep 15 01:24:47 PM PDT 2025 ===
Active John processes: 0 (Linux: 0, LM: 0)
Attack Status Summary:
- Linux SHA-512 attacks (aa-ah): 0 processes active
- Windows LM attacks (ai-ap): 0 processes active (may have completed)
- Passwords discovered: Linux (0/8), LM (0/8)
Process distribution: Hydra: 0, John: 0, Total: 0
Recent activity check:
- Log files updated in last minute: 0

=== Status Check at Mon Sep 15 01:25:47 PM PDT 2025 ===
Active John processes: 0 (Linux: 0, LM: 0)
Attack Status Summary:
- Linux SHA-512 attacks (aa-ah): 0 processes active
- Windows LM attacks (ai-ap): 0 processes active (may have completed)
- Passwords discovered: Linux (0/8), LM (0/8)
Process distribution: Hydra: 0, John: 0, Total: 0
Recent activity check:
- Log files updated in last minute: 0

=== Status Check at Mon Sep 15 01:26:48 PM PDT 2025 ===
Active John processes: 0 (Linux: 0, LM: 0)
Attack Status Summary:
- Linux SHA-512 attacks (aa-ah): 0 processes active
- Windows LM attacks (ai-ap): 0 processes active (may have completed)
- Passwords discovered: Linux (0/8), LM (0/8)
Process distribution: Hydra: 0, John: 0, Total: 0
Recent activity check:
- Log files updated in last minute: 0

=== Status Check at Mon Sep 15 01:27:48 PM PDT 2025 ===
Active John processes: 0 (Linux: 0, LM: 0)
Attack Status Summary:
- Linux SHA-512 attacks (aa-ah): 0 processes active
- Windows LM attacks (ai-ap): 0 processes active (may have completed)
- Passwords discovered: Linux (0/8), LM (0/8)
Process distribution: Hydra: 0, John: 0, Total: 0
Recent activity check:
- Log files updated in last minute: 0

=== Status Check at Mon Sep 15 01:28:48 PM PDT 2025 ===
Active John processes: 0 (Linux: 0, LM: 0)
Attack Status Summary:
- Linux SHA-512 attacks (aa-ah): 0 processes active
- Windows LM attacks (ai-ap): 0 processes active (may have completed)
- Passwords discovered: Linux (0/8), LM (0/8)
Process distribution: Hydra: 0, John: 0, Total: 0
Recent activity check:
- Log files updated in last minute: 0

=== Status Check at Mon Sep 15 01:29:48 PM PDT 2025 ===
Active John processes: 0 (Linux: 0, LM: 0)
Attack Status Summary:
- Linux SHA-512 attacks (aa-ah): 0 processes active
- Windows LM attacks (ai-ap): 0 processes active (may have completed)
- Passwords discovered: Linux (0/8), LM (0/8)
Process distribution: Hydra: 0, John: 0, Total: 0
Recent activity check:
- Log files updated in last minute: 0

=== Status Check at Mon Sep 15 01:30:48 PM PDT 2025 ===
Active John processes: 0 (Linux: 0, LM: 0)
Attack Status Summary:
- Linux SHA-512 attacks (aa-ah): 0 processes active
- Windows LM attacks (ai-ap): 0 processes active (may have completed)
- Passwords discovered: Linux (0/8), LM (0/8)
Process distribution: Hydra: 0, John: 0, Total: 0
Recent activity check:
- Log files updated in last minute: 0

=== Status Check at Mon Sep 15 01:31:48 PM PDT 2025 ===
Active John processes: 0 (Linux: 0, LM: 0)
Attack Status Summary:
- Linux SHA-512 attacks (aa-ah): 0 processes active
- Windows LM attacks (ai-ap): 0 processes active (may have completed)
- Passwords discovered: Linux (0/8), LM (0/8)
Process distribution: Hydra: 0, John: 0, Total: 0
Recent activity check:
- Log files updated in last minute: 0

=== Status Check at Mon Sep 15 01:32:48 PM PDT 2025 ===
Active John processes: 0 (Linux: 0, LM: 0)
Attack Status Summary:
- Linux SHA-512 attacks (aa-ah): 0 processes active
- Windows LM attacks (ai-ap): 0 processes active (may have completed)
- Passwords discovered: Linux (0/8), LM (0/8)
Process distribution: Hydra: 0, John: 0, Total: 0
Recent activity check:
- Log files updated in last minute: 0

=== Status Check at Mon Sep 15 01:33:48 PM PDT 2025 ===
Active John processes: 0 (Linux: 0, LM: 0)
Attack Status Summary:
- Linux SHA-512 attacks (aa-ah): 0 processes active
- Windows LM attacks (ai-ap): 0 processes active (may have completed)
- Passwords discovered: Linux (0/8), LM (0/8)
Process distribution: Hydra: 0, John: 0, Total: 0
Recent activity check:
- Log files updated in last minute: 0

=== Status Check at Mon Sep 15 01:34:48 PM PDT 2025 ===
Active John processes: 0 (Linux: 0, LM: 0)
Attack Status Summary:
- Linux SHA-512 attacks (aa-ah): 0 processes active
- Windows LM attacks (ai-ap): 0 processes active (may have completed)
- Passwords discovered: Linux (0/8), LM (0/8)
Process distribution: Hydra: 0, John: 0, Total: 0
Recent activity check:
- Log files updated in last minute: 0

=== Status Check at Mon Sep 15 01:35:49 PM PDT 2025 ===
Active John processes: 0 (Linux: 0, LM: 0)
Attack Status Summary:
- Linux SHA-512 attacks (aa-ah): 0 processes active
- Windows LM attacks (ai-ap): 0 processes active (may have completed)
- Passwords discovered: Linux (0/8), LM (0/8)
Process distribution: Hydra: 0, John: 0, Total: 0
Recent activity check:
- Log files updated in last minute: 0

=== Status Check at Mon Sep 15 01:36:49 PM PDT 2025 ===
Active John processes: 0 (Linux: 0, LM: 0)
Attack Status Summary:
- Linux SHA-512 attacks (aa-ah): 0 processes active
- Windows LM attacks (ai-ap): 0 processes active (may have completed)
- Passwords discovered: Linux (0/8), LM (0/8)
Process distribution: Hydra: 0, John: 0, Total: 0
Recent activity check:
- Log files updated in last minute: 0

=== Status Check at Mon Sep 15 01:37:49 PM PDT 2025 ===
Active John processes: 0 (Linux: 0, LM: 0)
Attack Status Summary:
- Linux SHA-512 attacks (aa-ah): 0 processes active
- Windows LM attacks (ai-ap): 0 processes active (may have completed)
- Passwords discovered: Linux (0/8), LM (0/8)
Process distribution: Hydra: 0, John: 0, Total: 0
Recent activity check:
- Log files updated in last minute: 0

=== Status Check at Mon Sep 15 01:38:49 PM PDT 2025 ===
Active John processes: 0 (Linux: 0, LM: 0)
Attack Status Summary:
- Linux SHA-512 attacks (aa-ah): 0 processes active
- Windows LM attacks (ai-ap): 0 processes active (may have completed)
- Passwords discovered: Linux (0/8), LM (0/8)
Process distribution: Hydra: 0, John: 0, Total: 0
Recent activity check:
- Log files updated in last minute: 0

=== Status Check at Mon Sep 15 01:39:49 PM PDT 2025 ===
Active John processes: 0 (Linux: 0, LM: 0)
Attack Status Summary:
- Linux SHA-512 attacks (aa-ah): 0 processes active
- Windows LM attacks (ai-ap): 0 processes active (may have completed)
- Passwords discovered: Linux (0/8), LM (0/8)
Process distribution: Hydra: 0, John: 0, Total: 0
Recent activity check:
- Log files updated in last minute: 0

=== Status Check at Mon Sep 15 01:40:49 PM PDT 2025 ===
Active John processes: 0 (Linux: 0, LM: 0)
Attack Status Summary:
- Linux SHA-512 attacks (aa-ah): 0 processes active
- Windows LM attacks (ai-ap): 0 processes active (may have completed)
- Passwords discovered: Linux (0/8), LM (0/8)
Process distribution: Hydra: 0, John: 0, Total: 0
Recent activity check:
- Log files updated in last minute: 0

=== Status Check at Mon Sep 15 01:41:49 PM PDT 2025 ===
Active John processes: 0 (Linux: 0, LM: 0)
Attack Status Summary:
- Linux SHA-512 attacks (aa-ah): 0 processes active
- Windows LM attacks (ai-ap): 0 processes active (may have completed)
- Passwords discovered: Linux (0/8), LM (0/8)
Process distribution: Hydra: 0, John: 0, Total: 0
Recent activity check:
- Log files updated in last minute: 0

=== Status Check at Mon Sep 15 01:42:49 PM PDT 2025 ===
Active John processes: 0 (Linux: 0, LM: 0)
Attack Status Summary:
- Linux SHA-512 attacks (aa-ah): 0 processes active
- Windows LM attacks (ai-ap): 0 processes active (may have completed)
- Passwords discovered: Linux (0/8), LM (0/8)
Process distribution: Hydra: 0, John: 0, Total: 0
Recent activity check:
- Log files updated in last minute: 0

=== Status Check at Mon Sep 15 01:43:49 PM PDT 2025 ===
Active John processes: 0 (Linux: 0, LM: 0)
Attack Status Summary:
- Linux SHA-512 attacks (aa-ah): 0 processes active
- Windows LM attacks (ai-ap): 0 processes active (may have completed)
- Passwords discovered: Linux (0/8), LM (0/8)
Process distribution: Hydra: 0, John: 0, Total: 0
Recent activity check:
- Log files updated in last minute: 0

=== Status Check at Mon Sep 15 05:41:07 PM PDT 2025 ===
Active John processes: 0 (Linux: 0, LM: 0)
Attack Status Summary:
- Linux SHA-512 attacks (aa-ah): 0 processes active
- Windows LM attacks (ai-ap): 0 processes active (may have completed)
- Passwords discovered: Linux (0/8), LM (0/8)
Process distribution: Hydra: 0, John: 0, Total: 0
Recent activity check:
- Log files updated in last minute: 0

=== Status Check at Mon Sep 15 05:42:07 PM PDT 2025 ===
Active John processes: 0 (Linux: 0, LM: 0)
Attack Status Summary:
- Linux SHA-512 attacks (aa-ah): 0 processes active
- Windows LM attacks (ai-ap): 0 processes active (may have completed)
- Passwords discovered: Linux (0/8), LM (0/8)
Process distribution: Hydra: 0, John: 0, Total: 0
Recent activity check:
- Log files updated in last minute: 0

=== Status Check at Mon Sep 15 05:43:07 PM PDT 2025 ===
Active John processes: 0 (Linux: 0, LM: 0)
Attack Status Summary:
- Linux SHA-512 attacks (aa-ah): 0 processes active
- Windows LM attacks (ai-ap): 0 processes active (may have completed)
- Passwords discovered: Linux (0/8), LM (0/8)
Process distribution: Hydra: 0, John: 0, Total: 0
Recent activity check:
- Log files updated in last minute: 0

=== Status Check at Mon Sep 15 05:44:08 PM PDT 2025 ===
Active John processes: 0 (Linux: 0, LM: 0)
Attack Status Summary:
- Linux SHA-512 attacks (aa-ah): 0 processes active
- Windows LM attacks (ai-ap): 0 processes active (may have completed)
- Passwords discovered: Linux (0/8), LM (0/8)
Process distribution: Hydra: 0, John: 0, Total: 0
Recent activity check:
- Log files updated in last minute: 0

=== Status Check at Mon Sep 15 05:45:08 PM PDT 2025 ===
Active John processes: 0 (Linux: 0, LM: 0)
Attack Status Summary:
- Linux SHA-512 attacks (aa-ah): 0 processes active
- Windows LM attacks (ai-ap): 0 processes active (may have completed)
- Passwords discovered: Linux (0/8), LM (0/8)
Process distribution: Hydra: 0, John: 0, Total: 0
Recent activity check:
- Log files updated in last minute: 0

=== Status Check at Mon Sep 15 05:46:08 PM PDT 2025 ===
Active John processes: 0 (Linux: 0, LM: 0)
Attack Status Summary:
- Linux SHA-512 attacks (aa-ah): 0 processes active
- Windows LM attacks (ai-ap): 0 processes active (may have completed)
- Passwords discovered: Linux (0/8), LM (0/8)
Process distribution: Hydra: 0, John: 0, Total: 0
Recent activity check:
- Log files updated in last minute: 0

=== Status Check at Mon Sep 15 05:47:08 PM PDT 2025 ===
Active John processes: 0 (Linux: 0, LM: 0)
Attack Status Summary:
- Linux SHA-512 attacks (aa-ah): 0 processes active
- Windows LM attacks (ai-ap): 0 processes active (may have completed)
- Passwords discovered: Linux (0/8), LM (0/8)
Process distribution: Hydra: 0, John: 0, Total: 0
Recent activity check:
- Log files updated in last minute: 0

=== Status Check at Mon Sep 15 05:48:08 PM PDT 2025 ===
Active John processes: 0 (Linux: 0, LM: 0)
Attack Status Summary:
- Linux SHA-512 attacks (aa-ah): 0 processes active
- Windows LM attacks (ai-ap): 0 processes active (may have completed)
- Passwords discovered: Linux (0/8), LM (0/8)
Process distribution: Hydra: 0, John: 0, Total: 0
Recent activity check:
- Log files updated in last minute: 0

=== Status Check at Mon Sep 15 05:49:08 PM PDT 2025 ===
Active John processes: 0 (Linux: 0, LM: 0)
Attack Status Summary:
- Linux SHA-512 attacks (aa-ah): 0 processes active
- Windows LM attacks (ai-ap): 0 processes active (may have completed)
- Passwords discovered: Linux (0/8), LM (0/8)
Process distribution: Hydra: 0, John: 0, Total: 0
Recent activity check:
- Log files updated in last minute: 0

=== Status Check at Mon Sep 15 05:50:08 PM PDT 2025 ===
Active John processes: 0 (Linux: 0, LM: 0)
Attack Status Summary:
- Linux SHA-512 attacks (aa-ah): 0 processes active
- Windows LM attacks (ai-ap): 0 processes active (may have completed)
- Passwords discovered: Linux (0/8), LM (0/8)
Process distribution: Hydra: 0, John: 0, Total: 0
Recent activity check:
- Log files updated in last minute: 0

=== Status Check at Mon Sep 15 05:51:08 PM PDT 2025 ===
Active John processes: 0 (Linux: 0, LM: 0)
Attack Status Summary:
- Linux SHA-512 attacks (aa-ah): 0 processes active
- Windows LM attacks (ai-ap): 0 processes active (may have completed)
- Passwords discovered: Linux (0/8), LM (0/8)
Process distribution: Hydra: 0, John: 0, Total: 0
Recent activity check:
- Log files updated in last minute: 0

=== Status Check at Mon Sep 15 05:52:08 PM PDT 2025 ===
Active John processes: 0 (Linux: 0, LM: 0)
Attack Status Summary:
- Linux SHA-512 attacks (aa-ah): 0 processes active
- Windows LM attacks (ai-ap): 0 processes active (may have completed)
- Passwords discovered: Linux (0/8), LM (0/8)
Process distribution: Hydra: 0, John: 0, Total: 0
Recent activity check:
- Log files updated in last minute: 0

=== Status Check at Mon Sep 15 05:53:09 PM PDT 2025 ===
Active John processes: 0 (Linux: 0, LM: 0)
Attack Status Summary:
- Linux SHA-512 attacks (aa-ah): 0 processes active
- Windows LM attacks (ai-ap): 0 processes active (may have completed)
- Passwords discovered: Linux (0/8), LM (0/8)
Process distribution: Hydra: 0, John: 0, Total: 0
Recent activity check:
- Log files updated in last minute: 0

=== Status Check at Mon Sep 15 05:54:09 PM PDT 2025 ===
Active John processes: 0 (Linux: 0, LM: 0)
Attack Status Summary:
- Linux SHA-512 attacks (aa-ah): 0 processes active
- Windows LM attacks (ai-ap): 0 processes active (may have completed)
- Passwords discovered: Linux (0/8), LM (0/8)
Process distribution: Hydra: 0, John: 0, Total: 0
Recent activity check:
- Log files updated in last minute: 0

=== Status Check at Mon Sep 15 05:55:09 PM PDT 2025 ===
Active John processes: 0 (Linux: 0, LM: 0)
Attack Status Summary:
- Linux SHA-512 attacks (aa-ah): 0 processes active
- Windows LM attacks (ai-ap): 0 processes active (may have completed)
- Passwords discovered: Linux (0/8), LM (0/8)
Process distribution: Hydra: 0, John: 0, Total: 0
Recent activity check:
- Log files updated in last minute: 0

=== Status Check at Mon Sep 15 05:56:09 PM PDT 2025 ===
Active John processes: 0 (Linux: 0, LM: 0)
Attack Status Summary:
- Linux SHA-512 attacks (aa-ah): 0 processes active
- Windows LM attacks (ai-ap): 0 processes active (may have completed)
- Passwords discovered: Linux (0/8), LM (0/8)
Process distribution: Hydra: 0, John: 0, Total: 0
Recent activity check:
- Log files updated in last minute: 0

=== Status Check at Mon Sep 15 05:57:09 PM PDT 2025 ===
Active John processes: 0 (Linux: 0, LM: 0)
Attack Status Summary:
- Linux SHA-512 attacks (aa-ah): 0 processes active
- Windows LM attacks (ai-ap): 0 processes active (may have completed)
- Passwords discovered: Linux (0/8), LM (0/8)
Process distribution: Hydra: 0, John: 0, Total: 0
Recent activity check:
- Log files updated in last minute: 0

=== Status Check at Mon Sep 15 05:58:09 PM PDT 2025 ===
Active John processes: 0 (Linux: 0, LM: 0)
Attack Status Summary:
- Linux SHA-512 attacks (aa-ah): 0 processes active
- Windows LM attacks (ai-ap): 0 processes active (may have completed)
- Passwords discovered: Linux (0/8), LM (0/8)
Process distribution: Hydra: 0, John: 0, Total: 0
Recent activity check:
- Log files updated in last minute: 0

=== Status Check at Mon Sep 15 05:59:09 PM PDT 2025 ===
Active John processes: 0 (Linux: 0, LM: 0)
Attack Status Summary:
- Linux SHA-512 attacks (aa-ah): 0 processes active
- Windows LM attacks (ai-ap): 0 processes active (may have completed)
- Passwords discovered: Linux (0/8), LM (0/8)
Process distribution: Hydra: 0, John: 0, Total: 0
Recent activity check:
- Log files updated in last minute: 0

=== Status Check at Mon Sep 15 06:00:09 PM PDT 2025 ===
Active John processes: 0 (Linux: 0, LM: 0)
Attack Status Summary:
- Linux SHA-512 attacks (aa-ah): 0 processes active
- Windows LM attacks (ai-ap): 0 processes active (may have completed)
- Passwords discovered: Linux (0/8), LM (0/8)
Process distribution: Hydra: 0, John: 0, Total: 0
Recent activity check:
- Log files updated in last minute: 0

=== Status Check at Mon Sep 15 06:01:09 PM PDT 2025 ===
Active John processes: 0 (Linux: 0, LM: 0)
Attack Status Summary:
- Linux SHA-512 attacks (aa-ah): 0 processes active
- Windows LM attacks (ai-ap): 0 processes active (may have completed)
- Passwords discovered: Linux (0/8), LM (0/8)
Process distribution: Hydra: 0, John: 0, Total: 0
Recent activity check:
- Log files updated in last minute: 0

=== Status Check at Mon Sep 15 06:02:10 PM PDT 2025 ===
Active John processes: 0 (Linux: 0, LM: 0)
Attack Status Summary:
- Linux SHA-512 attacks (aa-ah): 0 processes active
- Windows LM attacks (ai-ap): 0 processes active (may have completed)
- Passwords discovered: Linux (0/8), LM (0/8)
Process distribution: Hydra: 0, John: 0, Total: 0
Recent activity check:
- Log files updated in last minute: 0

=== Status Check at Mon Sep 15 06:03:10 PM PDT 2025 ===
Active John processes: 0 (Linux: 0, LM: 0)
Attack Status Summary:
- Linux SHA-512 attacks (aa-ah): 0 processes active
- Windows LM attacks (ai-ap): 0 processes active (may have completed)
- Passwords discovered: Linux (0/8), LM (0/8)
Process distribution: Hydra: 0, John: 0, Total: 0
Recent activity check:
- Log files updated in last minute: 0

=== Status Check at Mon Sep 15 06:04:10 PM PDT 2025 ===
Active John processes: 0 (Linux: 0, LM: 0)
Attack Status Summary:
- Linux SHA-512 attacks (aa-ah): 0 processes active
- Windows LM attacks (ai-ap): 0 processes active (may have completed)
- Passwords discovered: Linux (0/8), LM (0/8)
Process distribution: Hydra: 0, John: 0, Total: 0
Recent activity check:
- Log files updated in last minute: 0

=== Status Check at Mon Sep 15 06:05:10 PM PDT 2025 ===
Active John processes: 0 (Linux: 0, LM: 0)
Attack Status Summary:
- Linux SHA-512 attacks (aa-ah): 0 processes active
- Windows LM attacks (ai-ap): 0 processes active (may have completed)
- Passwords discovered: Linux (0/8), LM (0/8)
Process distribution: Hydra: 0, John: 0, Total: 0
Recent activity check:
- Log files updated in last minute: 0

=== Status Check at Mon Sep 15 06:06:10 PM PDT 2025 ===
Active John processes: 0 (Linux: 0, LM: 0)
Attack Status Summary:
- Linux SHA-512 attacks (aa-ah): 0 processes active
- Windows LM attacks (ai-ap): 0 processes active (may have completed)
- Passwords discovered: Linux (0/8), LM (0/8)
Process distribution: Hydra: 0, John: 0, Total: 0
Recent activity check:
- Log files updated in last minute: 0

=== Status Check at Mon Sep 15 06:07:10 PM PDT 2025 ===
Active John processes: 0 (Linux: 0, LM: 0)
Attack Status Summary:
- Linux SHA-512 attacks (aa-ah): 0 processes active
- Windows LM attacks (ai-ap): 0 processes active (may have completed)
- Passwords discovered: Linux (0/8), LM (0/8)
Process distribution: Hydra: 0, John: 0, Total: 0
Recent activity check:
- Log files updated in last minute: 0

=== Status Check at Mon Sep 15 06:08:10 PM PDT 2025 ===
Active John processes: 0 (Linux: 0, LM: 0)
Attack Status Summary:
- Linux SHA-512 attacks (aa-ah): 0 processes active
- Windows LM attacks (ai-ap): 0 processes active (may have completed)
- Passwords discovered: Linux (0/8), LM (0/8)
Process distribution: Hydra: 0, John: 0, Total: 0
Recent activity check:
- Log files updated in last minute: 0

=== Status Check at Mon Sep 15 06:09:10 PM PDT 2025 ===
Active John processes: 0 (Linux: 0, LM: 0)
Attack Status Summary:
- Linux SHA-512 attacks (aa-ah): 0 processes active
- Windows LM attacks (ai-ap): 0 processes active (may have completed)
- Passwords discovered: Linux (0/8), LM (0/8)
Process distribution: Hydra: 0, John: 0, Total: 0
Recent activity check:
- Log files updated in last minute: 0

=== Status Check at Mon Sep 15 06:10:10 PM PDT 2025 ===
Active John processes: 0 (Linux: 0, LM: 0)
Attack Status Summary:
- Linux SHA-512 attacks (aa-ah): 0 processes active
- Windows LM attacks (ai-ap): 0 processes active (may have completed)
- Passwords discovered: Linux (0/8), LM (0/8)
Process distribution: Hydra: 0, John: 0, Total: 0
Recent activity check:
- Log files updated in last minute: 0

=== Status Check at Mon Sep 15 06:11:10 PM PDT 2025 ===
Active John processes: 0 (Linux: 0, LM: 0)
Attack Status Summary:
- Linux SHA-512 attacks (aa-ah): 0 processes active
- Windows LM attacks (ai-ap): 0 processes active (may have completed)
- Passwords discovered: Linux (0/8), LM (0/8)
Process distribution: Hydra: 0, John: 0, Total: 0
Recent activity check:
- Log files updated in last minute: 0

=== Status Check at Mon Sep 15 06:12:11 PM PDT 2025 ===
Active John processes: 0 (Linux: 0, LM: 0)
Attack Status Summary:
- Linux SHA-512 attacks (aa-ah): 0 processes active
- Windows LM attacks (ai-ap): 0 processes active (may have completed)
- Passwords discovered: Linux (0/8), LM (0/8)
Process distribution: Hydra: 0, John: 0, Total: 0
Recent activity check:
- Log files updated in last minute: 0

=== Status Check at Mon Sep 15 06:13:11 PM PDT 2025 ===
Active John processes: 0 (Linux: 0, LM: 0)
Attack Status Summary:
- Linux SHA-512 attacks (aa-ah): 0 processes active
- Windows LM attacks (ai-ap): 0 processes active (may have completed)
- Passwords discovered: Linux (0/8), LM (0/8)
Process distribution: Hydra: 0, John: 0, Total: 0
Recent activity check:
- Log files updated in last minute: 0

=== Status Check at Mon Sep 15 06:14:11 PM PDT 2025 ===
Active John processes: 0 (Linux: 0, LM: 0)
Attack Status Summary:
- Linux SHA-512 attacks (aa-ah): 0 processes active
- Windows LM attacks (ai-ap): 0 processes active (may have completed)
- Passwords discovered: Linux (0/8), LM (0/8)
Process distribution: Hydra: 0, John: 0, Total: 0
Recent activity check:
- Log files updated in last minute: 0

